block,lot,cartodb_id,plan_id,disposition_filterable,in_596,bbl
15905,122,452460,10449,,false,4159050122
15905,171,452580,10449,,false,4159050171
15905,236,452581,10449,,false,4159050236
15961,94,452770,10442,street,false,4159610094
15965,73,452771,10442,residential,true,4159650073
15847,75,452190,10449,,false,4158470075
15852,73,452191,10449,,false,4158520073
15829,54,452192,10442,"community facility, residential",false,4158290054
15833,46,452193,10442,residential,false,4158330046
15838,13,452194,10442,residential,false,4158380013
15905,144,452461,10449,,false,4159050144
15905,228,452462,10449,,false,4159050228
15834,53,452463,10442,residential,false,4158340053
15903,6,452464,10449,,false,4159030006
15903,24,452465,10449,,false,4159030024
15966,18,452772,10442,residential,false,4159660018
15960,34,452773,10442,residential,false,4159600034
15954,33,452794,10442,open space,false,4159540033
15963,53,452795,10442,open space,false,4159630053
15834,17,452466,10442,residential,false,4158340017
15837,12,452467,10442,residential,true,4158370012
15837,41,452468,10442,open space,true,4158370041
15837,52,452469,10442,open space,true,4158370052
15849,1,452195,10449,,false,4158490001
15849,8,452196,10442,residential,true,4158490008
15849,19,452197,10442,residential,true,4158490019
15869,1,452198,10449,,true,4158690001
15905,278,452470,10449,,false,4159050278
15871,1,452199,10449,,true,4158710001
15848,63,452200,10442,residential,true,4158480063
15875,1,452201,10449,,true,4158750001
15881,1,452202,10449,,true,4158810001
15847,84,452203,10442,residential,true,4158470084
15851,59,452204,10442,residential,true,4158510059
15883,1,452205,10449,,true,4158830001
15902,143,452206,10449,,false,4159020143
15829,58,452207,10442,"community facility, residential",false,4158290058
15852,60,452208,10442,"commercial, residential",false,4158520060
15873,1,452209,10449,,true,4158730001
15837,47,452210,10442,open space,true,4158370047
15838,21,452211,10442,residential,false,4158380021
15834,54,452212,10442,residential,false,4158340054
15905,285,452471,10449,,false,4159050285
15907,81,452472,10449,,false,4159070081
15932,51,452473,10449,,false,4159320051
15829,21,452474,10442,residential,false,4158290021
15905,202,452475,10449,,false,4159050202
15908,3,452476,10449,,true,4159080003
15845,44,452213,10449,,false,4158450044
15905,95,452477,10449,,false,4159050095
15908,5,452582,10449,,false,4159080005
15960,43,452583,10442,open space,true,4159600043
15962,59,452584,10442,street,false,4159620059
15905,155,452585,10449,,false,4159050155
15905,246,452607,10449,,false,4159050246
15965,31,452666,10442,residential,false,4159650031
15848,52,452817,10442,residential,true,4158480052
15905,292,452667,10449,,false,4159050292
15845,44,452214,10442,residential,false,4158450044
15837,51,452215,10442,open space,true,4158370051
15847,88,452216,10442,residential,true,4158470088
15849,29,452217,10442,residential,true,4158490029
15849,6,452218,10442,residential,true,4158490006
15849,17,452219,10442,residential,false,4158490017
15921,112,452668,10449,,false,4159210112
15888,1,452220,10449,,true,4158880001
15902,6,452221,10449,,false,4159020006
15845,21,452222,10442,"commercial, residential",false,4158450021
15904,7501,452223,10449,,false,4159047501
15838,17,452224,10442,residential,true,4158380017
15861,1,452225,10449,,true,4158610001
15903,14,452226,10449,,false,4159030014
15905,105,452227,10449,,false,4159050105
15905,116,452228,10449,,false,4159050116
15905,206,452229,10449,,false,4159050206
15965,84,452669,10442,residential,true,4159650084
15967,18,452670,10442,residential,false,4159670018
15966,5,452671,10442,residential,false,4159660005
15865,1,452818,10449,,true,4158650001
15905,213,452819,10449,,false,4159050213
15905,154,452478,10449,,false,4159050154
15905,172,452479,10449,,false,4159050172
15905,201,452480,10449,,false,4159050201
15905,151,452820,10449,,false,4159050151
15905,240,452481,10449,,false,4159050240
15905,169,452821,10449,,false,4159050169
15905,256,452822,10449,,false,4159050256
15909,70,452482,10449,,true,4159090070
15961,85,452483,10442,open space,true,4159610085
15902,31,452484,10449,,false,4159020031
15905,98,452485,10449,,false,4159050098
15905,217,452486,10449,,false,4159050217
15905,107,452487,10449,,false,4159050107
15905,166,452488,10449,,false,4159050166
15905,238,452489,10449,,false,4159050238
15905,252,452230,10449,,false,4159050252
15905,284,452490,10449,,false,4159050284
15913,37,452491,10449,,false,4159130037
15926,44,452492,10449,,false,4159260044
15905,123,452493,10449,,false,4159050123
15962,1,452845,10442,residential,false,4159620001
15918,1,452231,10449,,false,4159180001
15905,245,452494,10449,,false,4159050245
15962,3,452692,10442,residential,false,4159620003
15905,152,452232,10449,,false,4159050152
15905,170,452233,10449,,false,4159050170
15905,199,452234,10449,,false,4159050199
15905,150,452235,10449,,false,4159050150
15905,273,452236,10449,,false,4159050273
15909,1,452237,10449,,false,4159090001
15905,227,452238,10449,,false,4159050227
15905,244,452239,10449,,false,4159050244
15837,33,452240,10442,open space,true,4158370033
15838,3,452241,10442,residential,false,4158380003
15839,40,452242,10442,residential,false,4158390040
15840,1,452243,10442,residential,false,4158400001
15907,50,452495,10449,,true,4159070050
15968,73,452693,10442,residential,false,4159680073
15870,60,452244,10449,,true,4158700060
15837,54,452245,10442,open space,true,4158370054
15849,10,452246,10442,residential,true,4158490010
15902,7,452247,10449,,false,4159020007
15903,5,452248,10449,,false,4159030005
15905,136,452249,10449,,false,4159050136
15905,143,452250,10449,,false,4159050143
15905,254,452251,10449,,false,4159050254
15905,258,452252,10449,,false,4159050258
15829,11,452253,10442,"community facility, residential",false,4158290011
15825,7,452254,10442,"commercial, residential",true,4158250007
15845,8,452255,10442,residential,false,4158450008
15870,71,452256,10449,,true,4158700071
15903,12,452257,10449,,false,4159030012
15905,118,452258,10449,,false,4159050118
15905,129,452259,10449,,false,4159050129
15905,230,452260,10449,,false,4159050230
15905,247,452261,10449,,false,4159050247
15853,102,452262,10442,"commercial, residential",false,4158530102
15861,47,452263,10449,,true,4158610047
15903,16,452264,10449,,false,4159030016
15905,276,452265,10449,,false,4159050276
15845,15,452266,10442,"commercial, residential",false,4158450015
15850,16,452267,10449,,false,4158500016
15831,17,452268,10442,residential,false,4158310017
15849,28,452269,10442,residential,true,4158490028
15903,23,452270,10449,,false,4159030023
15829,8,452271,10442,"community facility, residential",false,4158290008
15851,44,452272,10442,residential,false,4158510044
15851,48,452273,10449,,false,4158510048
15838,9,452274,10442,residential,true,4158380009
15838,39,452275,10442,residential,false,4158380039
15829,15,452276,10442,"community facility, residential",false,4158290015
15829,1,452277,10442,"community facility, residential",false,4158290001
15837,10,452278,10442,residential,true,4158370010
15838,20,452279,10442,residential,true,4158380020
15848,50,452280,10442,residential,false,4158480050
15848,57,452281,10442,residential,true,4158480057
15853,40,452282,10442,"commercial, residential",true,4158530040
15868,1,452283,10449,,true,4158680001
15829,52,452284,10442,"community facility, residential",false,4158290052
15838,27,452285,10442,residential,false,4158380027
15839,26,452286,10442,residential,false,4158390026
15847,80,452287,10442,residential,true,4158470080
15849,18,452288,10442,residential,true,4158490018
15855,90,452289,10449,,false,4158550090
15839,44,452290,10442,residential,false,4158390044
15859,1,452291,10449,,true,4158590001
15905,268,452312,10449,,false,4159050268
15905,106,452292,10449,,false,4159050106
15891,55,452293,10449,,false,4158910055
15905,257,452294,10449,,false,4159050257
15838,12,452295,10442,residential,false,4158380012
15847,79,452296,10442,residential,true,4158470079
15847,87,452297,10442,residential,true,4158470087
15887,1,452298,10449,,true,4158870001
15845,30,452299,10442,residential,true,4158450030
15848,60,452300,10442,residential,true,4158480060
15851,58,452301,10442,residential,true,4158510058
15905,120,452302,10449,,false,4159050120
15850,6,452303,10442,residential,true,4158500006
15905,124,452304,10449,,false,4159050124
15905,200,452305,10449,,false,4159050200
15905,127,452306,10449,,false,4159050127
15905,149,452307,10449,,false,4159050149
15905,156,452308,10449,,false,4159050156
15876,1,452309,10449,,true,4158760001
15954,60,452695,10442,"residential, open space",false,4159540060
15891,30,452310,10449,,false,4158910030
15905,102,452311,10449,,false,4159050102
15905,290,452313,10449,,false,4159050290
15829,2,452314,10442,"community facility, residential",false,4158290002
15847,86,452315,10442,residential,true,4158470086
15880,1,452316,10449,,true,4158800001
15851,33,452317,10442,residential,true,4158510033
15851,40,452318,10442,residential,false,4158510040
15837,29,452319,10442,open space,true,4158370029
15839,51,452320,10442,residential,true,4158390051
15905,212,452321,10449,,false,4159050212
15908,162,452322,10449,,false,4159080162
15903,4,452323,10449,,false,4159030004
15905,215,452324,10449,,false,4159050215
15848,67,452325,10442,residential,true,4158480067
15905,96,452326,10449,,false,4159050096
15905,291,452327,10449,,false,4159050291
15931,63,452328,10449,,false,4159310063
15847,81,452329,10442,residential,true,4158470081
15905,237,452330,10449,,false,4159050237
15913,38,452331,10449,,false,4159130038
15905,141,452332,10449,,false,4159050141
15905,145,452333,10449,,false,4159050145
15905,293,452334,10449,,false,4159050293
15910,7,452335,10449,,false,4159100007
15940,103,452336,10449,,false,4159400103
15874,41,452337,10449,,true,4158740041
15897,1,452338,10449,,true,4158970001
15902,22,452339,10449,,false,4159020022
15903,30,452340,10449,,false,4159030030
15905,147,452341,10449,,false,4159050147
15905,165,452342,10449,,false,4159050165
15885,1,452343,10449,,true,4158850001
15905,208,452344,10449,,false,4159050208
15905,226,452345,10449,,false,4159050226
15922,1,452346,10449,,true,4159220001
15905,168,452347,10449,,false,4159050168
15905,269,452348,10449,,false,4159050269
15905,280,452349,10449,,false,4159050280
15905,138,452350,10449,,false,4159050138
15905,204,452351,10449,,false,4159050204
15905,279,452352,10449,,false,4159050279
15905,283,452353,10449,,false,4159050283
15921,1,452354,10449,,true,4159210001
15935,1,452355,10449,,false,4159350001
15932,40,452356,10449,,false,4159320040
15932,47,452357,10449,,false,4159320047
15829,47,452358,10442,residential,false,4158290047
15835,29,452359,10442,residential,false,4158350029
2938,35,443549,10374,residential,false,2029380035
2974,173,443550,10374,residential,false,2029740173
2555,103,443551,10371,,false,2025550103
3098,9,443552,10375,residential,false,2030980009
3133,112,443553,10358,,false,2031330112
3143,132,443554,10376,residential,false,2031430132
3096,126,443555,10375,residential,false,2030960126
2974,135,443556,10374,residential,false,2029740135
2965,253,443557,10374,residential,false,2029650253
3046,5,443558,10379,residential,false,2030460005
2993,102,443559,10374,"residential, commercial, public",false,2029930102
2965,211,443560,10374,residential,false,2029650211
2365,12,443561,10367,community facility,true,2023650012
2977,324,443562,10374,residential,false,2029770324
2684,111,443563,10365,residential,false,2026840111
2551,120,443564,10371,,false,2025510120
3110,171,443565,10375,residential,false,2031100171
3096,125,443566,10375,residential,false,2030960125
2965,206,443567,10374,residential,false,2029650206
2938,38,443568,10374,residential,false,2029380038
2938,125,443569,10374,residential,false,2029380125
2420,120,443570,10370,residential,false,2024200120
2965,251,443571,10374,residential,false,2029650251
2973,107,443572,10374,residential,false,2029730107
2418,33,443573,10367,residential,false,2024180033
2403,27,443574,10367,open space,true,2024030027
2398,14,443575,10366,residential,false,2023980014
3114,52,443576,10375,"residential, public",false,2031140052
2973,71,443577,10374,residential,false,2029730071
2363,16,443578,10359,commercial,false,2023630016
2404,128,443579,10367,residential,false,2024040128
2938,49,443580,10374,residential,false,2029380049
2973,156,443581,10374,residential,false,2029730156
3132,23,443582,10358,,false,2031320023
2973,90,443583,10374,residential,false,2029730090
2380,101,443584,10367,residential,false,2023800101
3044,165,443585,10379,residential,false,2030440165
2749,25,443586,10363,residential,false,2027490025
2402,11,443587,10361,"public, semi-public",false,2024020011
2972,19,443588,10374,"residential, commercial, public",false,2029720019
3070,279,443589,10373,"residential, institutional, recreational",false,2030700279
2972,14,443590,10374,"residential, commercial, public",false,2029720014
2712,117,443591,10365,residential,false,2027120117
2965,23,443592,10374,residential,false,2029650023
2938,23,443593,10374,residential,false,2029380023
2363,24,443594,10359,commercial,false,2023630024
2973,140,443595,10374,residential,false,2029730140
2661,158,443596,10374,residential,false,2026610158
2661,112,443597,10374,residential,false,2026610112
3579,1,443598,10364,"industrial, open space",false,2035790001
2877,192,443599,10369,residential,false,2028770192
2652,134,443600,10374,residential,false,2026520134
2555,138,443601,10371,,false,2025550138
2877,224,443602,10369,residential,false,2028770224
2688,66,443603,10365,residential,false,2026880066
2271,119,443604,10374,residential,false,2022710119
2684,101,443605,10365,residential,false,2026840101
2877,229,443606,10369,residential,false,2028770229
2364,45,443607,10367,residential,false,2023640045
2930,72,443608,10357,"residential, industrial",false,2029300072
2965,228,443609,10374,residential,false,2029650228
2971,32,443610,10374,"residential, commercial, public",false,2029710032
2974,138,443611,10374,residential,false,2029740138
3132,21,443612,10358,,false,2031320021
2722,117,443613,10365,residential,false,2027220117
3044,134,443614,10379,residential,false,2030440134
2380,105,443615,10367,residential,false,2023800105
3097,106,443616,10375,residential,false,2030970106
2637,248,443617,10372,residential,false,2026370248
2384,59,443618,10367,residential,true,2023840059
2407,32,443619,10367,"residential, commercial, community facility",false,2024070032
2405,123,443620,10367,residential,false,2024050123
2406,11,443621,10367,residential,false,2024060011
3063,102,443622,10373,"residential, institutional, recreational",false,2030630102
2722,102,443623,10365,residential,false,2027220102
2667,84,443624,10372,residential,false,2026670084
2878,12,443625,10369,residential,false,2028780012
2572,72,443626,10371,,false,2025720072
2973,108,443627,10374,residential,false,2029730108
3696,32,443628,10364,"industrial, open space",false,2036960032
2733,10,443629,10365,residential,false,2027330010
2655,113,443630,10372,residential,false,2026550113
3044,164,443631,10379,residential,false,2030440164
3133,13,443632,10358,,false,2031330013
3070,323,443633,10373,"residential, institutional, recreational",false,2030700323
2378,155,443634,10367,residential,false,2023780155
2404,129,443635,10367,residential,false,2024040129
3036,65,443636,10379,residential,false,2030360065
2489,1,443637,10380,"commercial, parking",false,2024890001
3142,63,443638,10376,residential,false,2031420063
2684,133,443639,10365,residential,false,2026840133
2661,151,443640,10374,residential,false,2026610151
3046,144,443641,10379,residential,false,2030460144
2965,209,443642,10374,residential,false,2029650209
2965,129,443643,10374,residential,false,2029650129
2683,26,443644,10365,residential,false,2026830026
2965,212,443645,10374,residential,false,2029650212
2965,256,443646,10374,residential,false,2029650256
2701,40,443647,10365,residential,false,2027010040
2971,4,443648,10374,"residential, commercial, public",false,2029710004
3131,19,443649,10358,,false,2031310019
2938,28,443650,10374,residential,false,2029380028
2930,75,443651,10357,"residential, industrial",false,2029300075
2683,106,443652,10365,residential,false,2026830106
2724,57,443653,10363,residential,false,2027240057
2404,115,443654,10367,residential,false,2024040115
2384,54,443655,10367,residential,false,2023840054
3131,6,443656,10358,,false,2031310006
2724,217,443657,10363,residential,false,2027240217
3702,101,443658,10364,"industrial, open space",false,2037020101
3131,5,443659,10358,,false,2031310005
3096,100,443660,10375,residential,false,2030960100
2384,1,443661,10367,residential,true,2023840001
3096,116,443662,10375,residential,false,2030960116
2967,16,443663,10374,residential,false,2029670016
2916,2,443664,10357,"residential, industrial",false,2029160002
2977,345,443665,10374,residential,false,2029770345
2482,6,443666,10380,"commercial, parking",true,2024820006
2688,159,443667,10365,residential,false,2026880159
2666,13,443668,10372,residential,false,2026660013
2404,127,443669,10367,residential,false,2024040127
2993,105,443670,10374,"residential, commercial, public",false,2029930105
3133,1,443671,10358,,false,2031330001
2967,133,443672,10374,residential,false,2029670133
2271,20,443673,10374,residential,false,2022710020
3070,283,443674,10373,"residential, institutional, recreational",false,2030700283
2683,112,443675,10365,residential,false,2026830112
2407,23,443676,10367,residential,false,2024070023
2661,135,443677,10374,residential,false,2026610135
3131,44,443678,10358,,false,2031310044
2972,47,443679,10374,"residential, commercial, public",false,2029720047
2971,145,443680,10374,"residential, commercial, public",false,2029710145
2712,131,443681,10365,residential,false,2027120131
2408,51,443682,10367,residential,false,2024080051
2973,69,443683,10374,residential,false,2029730069
2383,30,443684,10367,community facility,true,2023830030
2684,145,443685,10365,residential,false,2026840145
3540,1,443686,10364,residential,false,2035400001
3834,70,443687,10381,"commercial, industrial",false,2038340070
2684,141,443688,10365,residential,false,2026840141
3098,140,443689,10375,residential,false,2030980140
2972,51,443690,10374,"residential, commercial, public",false,2029720051
2965,227,443691,10374,residential,false,2029650227
2359,1,443692,10359,"public, semi-public",false,2023590001
3044,162,443693,10379,residential,false,2030440162
3132,122,443694,10358,,false,2031320122
2974,169,443695,10374,residential,false,2029740169
2419,25,443696,10367,"residential, community facility",false,2024190025
2938,124,443697,10374,residential,false,2029380124
2977,378,443698,10374,residential,false,2029770378
2967,135,443699,10374,residential,false,2029670135
3110,140,443700,10375,residential,false,2031100140
2878,5,443701,10369,residential,false,2028780005
2652,140,443702,10374,residential,false,2026520140
2965,260,443703,10374,residential,false,2029650260
3115,5,443704,10375,"residential, public",false,2031150005
3141,1,443705,10358,,false,2031410001
3096,5,443706,10375,residential,false,2030960005
2973,127,443707,10374,residential,false,2029730127
2971,7,443708,10374,"residential, commercial, public",false,2029710007
3097,46,443709,10375,residential,false,2030970046
3840,1,443710,10381,"public, industrial",false,2038400001
2420,56,443711,10370,community facility,false,2024200056
3513,44,443712,10364,"industrial, open space",false,2035130044
2637,243,443713,10372,residential,false,2026370243
2971,31,443714,10374,"residential, commercial, public",false,2029710031
3132,27,443715,10358,,false,2031320027
2939,256,443716,10374,residential,false,2029390256
2684,139,443717,10365,residential,false,2026840139
2974,170,443718,10374,residential,false,2029740170
3097,158,443719,10375,residential,false,2030970158
2684,137,443720,10365,residential,false,2026840137
2652,139,443721,10374,residential,false,2026520139
2684,120,443722,10365,residential,false,2026840120
3143,123,443723,10376,residential,false,2031430123
2684,116,443724,10365,residential,false,2026840116
2732,81,443725,10365,public,false,2027320081
2877,225,443726,10369,residential,false,2028770225
2977,363,443727,10374,residential,false,2029770363
2684,147,443728,10365,residential,false,2026840147
2661,155,443729,10374,residential,false,2026610155
2419,24,443730,10367,"residential, community facility",false,2024190024
2539,503,443731,10380,"commercial, parking",false,2025390503
2684,102,443732,10365,residential,false,2026840102
2683,117,443733,10365,residential,false,2026830117
2354,20,443734,10380,"commercial, parking",true,2023540020
3850,11,443735,10381,industrial,false,2038500011
2971,57,443736,10374,"residential, commercial, public",false,2029710057
2294,32,443737,10359,"public, semi-public, commercial",true,2022940032
2684,1,443738,10365,residential,false,2026840001
2878,13,443739,10369,residential,false,2028780013
2380,143,443740,10367,residential,false,2023800143
2365,25,443741,10367,residential,false,2023650025
2733,4,443742,10365,residential,false,2027330004
2411,10,443743,10366,"public, semi-public",false,2024110010
2973,96,443744,10374,residential,false,2029730096
3070,287,443745,10373,"residential, institutional, recreational",false,2030700287
3111,15,443746,10375,residential,false,2031110015
2972,60,443747,10374,"residential, commercial, public",false,2029720060
3070,322,443748,10373,"residential, institutional, recreational",false,2030700322
2993,28,443749,10374,"residential, commercial, public",false,2029930028
2965,68,443750,10374,residential,false,2029650068
2982,45,443751,10374,residential,true,2029820045
2879,41,443752,10378,residential,false,2028790041
3044,163,443753,10379,residential,false,2030440163
2973,154,443754,10374,residential,false,2029730154
3143,173,443755,10376,residential,false,2031430173
2384,58,443796,10367,residential,true,2023840058
2972,18,443756,10374,"residential, commercial, public",false,2029720018
2974,164,443757,10374,residential,false,2029740164
2877,231,443758,10369,residential,false,2028770231
3045,110,443759,10379,residential,false,2030450110
2617,104,443760,10372,residential,false,2026170104
2967,130,443761,10374,residential,false,2029670130
2403,31,443762,10367,open space,true,2024030031
2359,100,443763,10359,"public, semi-public",false,2023590100
3097,108,443764,10375,residential,false,2030970108
3070,324,443765,10373,"residential, institutional, recreational",false,2030700324
3139,50,443766,10358,,false,2031390050
3046,12,443767,10379,residential,false,2030460012
2276,50,443768,10359,"public, semi-public",false,2022760050
3096,11,443769,10375,residential,false,2030960011
3024,80,443770,10376,residential,false,2030240080
2661,40,443771,10374,residential,false,2026610040
2380,120,443772,10367,residential,false,2023800120
3046,163,443773,10379,residential,false,2030460163
3097,47,443774,10375,residential,false,2030970047
3113,9,443775,10375,residential,false,2031130009
2914,1,443776,10357,"residential, industrial",false,2029140001
3093,20,443777,10375,residential,false,2030930020
2976,1,443778,10374,,false,2029760001
3098,128,443779,10375,residential,false,2030980128
2364,25,443780,10367,open space,false,2023640025
2972,25,443781,10374,"residential, commercial, public",false,2029720025
2617,146,443782,10372,residential,false,2026170146
2712,14,443783,10365,residential,false,2027120014
2971,30,443784,10374,"residential, commercial, public",false,2029710030
3046,143,443785,10379,residential,false,2030460143
3094,59,443786,10375,residential,false,2030940059
2974,152,443787,10374,residential,false,2029740152
2712,114,443788,10365,residential,false,2027120114
2683,105,443789,10365,residential,false,2026830105
2683,27,443790,10365,residential,false,2026830027
2930,70,443791,10357,"residential, industrial",false,2029300070
2383,8,443792,10367,community facility,false,2023830008
3097,43,443793,10375,residential,false,2030970043
2380,113,443794,10367,residential,false,2023800113
2971,44,443795,10374,"residential, commercial, public",false,2029710044
2383,31,443797,10367,community facility,true,2023830031
2877,341,443798,10369,residential,false,2028770341
2977,368,443799,10374,residential,false,2029770368
3098,130,443800,10375,residential,false,2030980130
3063,56,443801,10373,"residential, institutional, recreational",false,2030630056
2379,30,443802,10367,residential,false,2023790030
2419,120,443803,10367,residential,false,2024190120
2652,137,443804,10374,residential,false,2026520137
2684,124,443805,10365,residential,false,2026840124
2379,25,443806,10367,residential,false,2023790025
2555,102,443807,10371,,false,2025550102
2383,35,443808,10367,"residential, commercial, community facility",true,2023830035
2712,32,443809,10365,residential,false,2027120032
3044,59,443810,10379,residential,false,2030440059
15830,59,452360,10442,residential,false,4158300059
3130,100,443811,10358,,false,2031300100
2384,7,443812,10367,residential,false,2023840007
2378,130,443813,10367,residential,false,2023780130
2684,122,443814,10365,residential,false,2026840122
2993,23,443834,10374,"residential, commercial, public",false,2029930023
3140,1,443815,10358,,false,2031400001
2712,135,443816,10365,residential,false,2027120135
2695,18,443817,10365,residential,false,2026950018
2973,138,443818,10374,residential,false,2029730138
2363,12,443819,10359,commercial,false,2023630012
2993,4,443820,10374,"residential, commercial, public",false,2029930004
2403,26,443821,10367,open space,true,2024030026
2971,56,443822,10374,"residential, commercial, public",true,2029710056
3132,124,443823,10358,,false,2031320124
2993,109,443824,10374,"residential, commercial, public",false,2029930109
2993,111,443825,10374,"residential, commercial, public",false,2029930111
3070,311,443826,10373,"residential, institutional, recreational",false,2030700311
3131,43,443827,10358,,false,2031310043
2683,129,443828,10365,residential,false,2026830129
2683,111,443829,10365,residential,false,2026830111
2939,264,443830,10374,residential,false,2029390264
2965,229,443831,10374,residential,false,2029650229
2405,130,443832,10367,residential,false,2024050130
2380,102,443833,10367,residential,false,2023800102
2966,101,443835,10374,residential,false,2029660101
2965,19,443836,10374,residential,false,2029650019
3131,20,443837,10358,,false,2031310020
2662,6,443838,10374,residential,false,2026620006
2989,11,443839,10374,residential,false,2029890011
2695,24,443840,10365,residential,false,2026950024
2281,10,443841,10374,residential,false,2022810010
2383,48,443842,10367,commercial,true,2023830048
2406,137,443843,10367,residential,false,2024060137
3131,36,443844,10358,,false,2031310036
2971,35,443845,10374,"residential, commercial, public",true,2029710035
3131,48,443846,10358,,false,2031310048
2965,230,443847,10374,residential,false,2029650230
2652,117,443848,10374,residential,false,2026520117
2404,114,443849,10367,residential,false,2024040114
2684,134,443850,10365,residential,false,2026840134
2408,33,443851,10367,residential,false,2024080033
2405,100,443852,10367,residential,false,2024050100
2553,49,443853,10371,,false,2025530049
2965,222,443854,10374,residential,false,2029650222
2380,147,443855,10367,residential,false,2023800147
2379,16,443856,10367,residential,false,2023790016
2998,170,443857,10368,open space,false,2029980170
2379,7,443858,10367,residential,false,2023790007
2877,701,443859,10369,residential,false,2028770701
2381,43,443860,10367,residential,true,2023810043
2877,227,443861,10369,residential,false,2028770227
2974,136,443862,10374,residential,false,2029740136
3035,27,443863,10379,residential,false,2030350027
2974,143,443864,10374,residential,false,2029740143
2483,32,443865,10380,"commercial, parking",false,2024830032
2749,48,443866,10363,residential,false,2027490048
2688,56,443867,10365,residential,false,2026880056
2380,111,443868,10367,residential,false,2023800111
15932,37,452361,10449,,false,4159320037
2408,41,443869,10367,residential,true,2024080041
2993,12,443870,10374,"residential, commercial, public",false,2029930012
2378,149,443871,10367,residential,false,2023780149
2291,27,443872,10374,residential,false,2022910027
2965,258,443873,10374,residential,false,2029650258
2974,167,443874,10374,residential,false,2029740167
2913,1,443875,10357,"residential, industrial",false,2029130001
2408,53,443876,10367,residential,false,2024080053
3046,53,443877,10379,residential,false,2030460053
2939,35,443878,10374,residential,false,2029390035
2684,121,443879,10365,residential,false,2026840121
2652,152,443880,10374,residential,false,2026520152
3110,49,443881,10375,residential,false,2031100049
2972,46,443882,10374,"residential, commercial, public",false,2029720046
2662,106,443883,10374,residential,false,2026620106
2938,21,443884,10374,residential,false,2029380021
3046,152,443885,10379,residential,false,2030460152
15952,37,452362,10442,street,false,4159520037
3132,1,443886,10358,,false,2031320001
2571,28,443887,10371,,false,2025710028
3132,131,443888,10358,,false,2031320131
2965,240,443889,10374,residential,false,2029650240
2993,37,443890,10374,"residential, commercial, public",false,2029930037
3696,142,443891,10364,"industrial, open space",false,2036960142
2443,40,443892,10366,"public, semi-public",false,2024430040
2402,32,443893,10361,"public, semi-public",false,2024020032
2272,45,443894,10374,residential,false,2022720045
2724,215,443895,10363,residential,false,2027240215
2973,150,443896,10374,"residential, commercial",false,2029730150
2364,7501,443897,10367,residential,false,2023647501
2724,120,443898,10363,residential,false,2027240120
2652,30,443899,10374,residential,false,2026520030
2380,104,443900,10367,residential,false,2023800104
3110,177,443901,10375,residential,false,2031100177
2972,102,443902,10374,"residential, commercial, public",false,2029720102
2973,1,443903,10374,residential,false,2029730001
2443,43,443904,10366,"public, semi-public",false,2024430043
2617,118,443905,10372,residential,false,2026170118
2652,135,443906,10374,residential,false,2026520135
2647,101,443907,10372,residential,false,2026470101
2291,1,443908,10374,residential,false,2022910001
2683,113,443909,10365,residential,false,2026830113
2380,114,443910,10367,residential,false,2023800114
3033,53,443911,10362,"commercial, parking",false,2030330053
2965,214,443912,10374,residential,false,2029650214
2965,224,443913,10374,residential,false,2029650224
2572,74,443914,10371,,false,2025720074
3036,57,443915,10379,residential,false,2030360057
2688,158,443916,10365,residential,false,2026880158
3140,7,443917,10358,,false,2031400007
3005,82,443918,10358,,false,2030050082
2684,132,443919,10365,residential,false,2026840132
2617,119,443920,10372,residential,false,2026170119
2399,10,443921,10366,residential,false,2023990010
15826,1,452363,10442,residential,false,4158260001
3070,281,443922,10373,"residential, institutional, recreational",false,2030700281
2973,121,443923,10374,residential,false,2029730121
3542,1,443924,10364,"industrial, open space",false,2035420001
2684,146,443925,10365,residential,false,2026840146
2993,70,443926,10374,"residential, commercial, public",false,2029930070
2939,6,443927,10374,residential,false,2029390006
2971,40,443928,10374,"residential, commercial, public",false,2029710040
2361,26,443929,10359,residential,true,2023610026
3046,145,443930,10379,residential,false,2030460145
3098,133,443931,10375,residential,false,2030980133
2482,25,443932,10380,"commercial, parking",false,2024820025
3098,129,443933,10375,residential,false,2030980129
2971,53,443934,10374,"residential, commercial, public",false,2029710053
2974,44,443935,10374,residential,false,2029740044
3096,35,443936,10375,commercial,false,2030960035
3097,58,443937,10375,residential,false,2030970058
3093,2,443938,10375,residential,false,2030930002
2572,71,443939,10371,,false,2025720071
3063,151,443940,10373,"residential, institutional, recreational",false,2030630151
2712,115,443941,10365,residential,false,2027120115
3133,7,443942,10358,,false,2031330007
2617,69,443943,10372,residential,false,2026170069
3132,14,443944,10358,,false,2031320014
2287,46,443945,10374,residential,false,2022870046
2407,7501,443946,10367,residential,false,2024077501
2973,126,443947,10374,residential,false,2029730126
2973,157,443948,10374,residential,false,2029730157
2402,31,443949,10361,"public, semi-public",false,2024020031
3130,20,443950,10358,,false,2031300020
2379,15,443951,10367,open space,false,2023790015
3070,302,443952,10373,"residential, institutional, recreational",false,2030700302
2965,257,443953,10374,residential,false,2029650257
2582,65,443954,10371,,false,2025820065
3136,1,443955,10358,,false,2031360001
3096,113,443956,10375,residential,false,2030960113
3851,5,443957,10381,industrial,false,2038510005
2402,9,443958,10361,"public, semi-public",false,2024020009
3838,118,443959,10381,industrial,false,2038380118
3698,36,443960,10364,"industrial, open space",false,2036980036
2354,65,443961,10380,"commercial, parking",true,2023540065
3099,1,443962,10375,residential,false,2030990001
2973,104,443963,10374,residential,false,2029730104
2971,33,443964,10374,"residential, commercial, public",false,2029710033
2712,133,443965,10365,residential,false,2027120133
2688,64,443966,10365,residential,false,2026880064
3110,77,443967,10375,residential,false,2031100077
2724,212,443968,10363,residential,false,2027240212
2378,23,443969,10367,residential,false,2023780023
2617,70,443970,10372,residential,true,2026170070
2973,98,443971,10374,residential,false,2029730098
3046,3,443972,10379,residential,false,2030460003
3098,145,443973,10375,residential,false,2030980145
3098,43,443974,10375,residential,false,2030980043
2637,246,443975,10372,residential,false,2026370246
2877,700,443976,10369,residential,false,2028770700
2652,146,443977,10374,residential,false,2026520146
2695,22,443978,10365,residential,false,2026950022
2666,112,443979,10372,residential,false,2026660112
2701,135,443980,10365,residential,false,2027010135
2381,64,443981,10367,residential,true,2023810064
2977,322,443982,10374,residential,false,2029770322
3096,127,443983,10375,residential,false,2030960127
2878,113,443984,10369,residential,false,2028780113
2993,107,443985,10374,"residential, commercial, public",false,2029930107
2652,17,443986,10374,residential,false,2026520017
3036,63,443987,10379,residential,false,2030360063
3042,22,443988,10362,,false,2030420022
2683,109,443989,10365,residential,false,2026830109
2973,75,443990,10374,residential,false,2029730075
2973,95,443991,10374,residential,false,2029730095
2724,216,443992,10363,residential,false,2027240216
2661,111,443993,10374,residential,false,2026610111
3098,139,443994,10375,residential,false,2030980139
3044,161,443995,10379,residential,false,2030440161
2701,136,443996,10365,residential,false,2027010136
2404,132,443997,10367,residential,false,2024040132
3058,19,443998,10362,,false,2030580019
2652,45,443999,10374,residential,false,2026520045
2571,25,444000,10371,,false,2025710025
2490,1,444001,10380,"commercial, parking",true,2024900001
2661,127,444002,10374,residential,false,2026610127
2972,20,444003,10374,"residential, commercial, public",false,2029720020
2974,134,444004,10374,residential,false,2029740134
2701,38,444005,10365,residential,false,2027010038
2712,21,444006,10365,residential,false,2027120021
2379,23,444007,10367,residential,false,2023790023
2711,28,444008,10365,institutional,false,2027110028
3036,55,444009,10379,residential,false,2030360055
2972,45,444010,10374,"residential, commercial, public",false,2029720045
2971,6,444011,10374,"residential, commercial, public",false,2029710006
2929,169,444012,10357,"residential, industrial",false,2029290169
2965,237,444013,10374,residential,false,2029650237
3143,203,444014,10376,residential,false,2031430203
2419,110,444015,10367,residential,false,2024190110
2878,14,444016,10369,residential,false,2028780014
3070,286,444017,10373,"residential, institutional, recreational",false,2030700286
3849,1,444018,10381,"public, industrial",true,2038490001
2383,27,444019,10367,community facility,true,2023830027
2379,51,444020,10367,residential,false,2023790051
3143,171,444021,10376,residential,false,2031430171
2965,64,444022,10374,residential,false,2029650064
2683,115,444023,10365,residential,false,2026830115
2972,21,444024,10374,"residential, commercial, public",false,2029720021
2485,1,444025,10380,"commercial, parking",true,2024850001
2877,197,444026,10369,residential,false,2028770197
2993,106,444027,10374,"residential, commercial, public",false,2029930106
3110,157,444028,10375,residential,false,2031100157
2967,160,444029,10374,residential,false,2029670160
3110,48,444030,10375,residential,false,2031100048
2384,60,444031,10367,residential,true,2023840060
3094,18,444032,10375,residential,false,2030940018
3005,77,444033,10358,,false,2030050077
2971,10,444034,10374,"residential, commercial, public",false,2029710010
3035,136,444035,10379,residential,false,2030350136
2405,129,444036,10367,residential,false,2024050129
3042,5,444037,10362,,false,2030420005
3110,168,444038,10375,residential,false,2031100168
3045,1,444039,10379,residential,false,2030450001
3141,17,444040,10358,,false,2031410017
2637,50,444041,10372,residential,false,2026370050
2380,117,444042,10367,residential,false,2023800117
2977,307,444043,10374,residential,false,2029770307
2971,34,444044,10374,"residential, commercial, public",false,2029710034
2965,238,444045,10374,residential,false,2029650238
3097,38,444046,10375,residential,false,2030970038
2929,8,444047,10357,"residential, industrial",false,2029290008
2683,128,444048,10365,residential,false,2026830128
2973,125,444049,10374,residential,false,2029730125
2977,357,444050,10374,residential,false,2029770357
2667,81,444051,10372,residential,false,2026670081
2281,60,444052,10374,residential,false,2022810060
3046,2,444053,10379,residential,false,2030460002
2967,169,444054,10374,residential,false,2029670169
3046,158,444055,10379,residential,false,2030460158
3063,55,444056,10373,"residential, institutional, recreational",false,2030630055
2722,106,444057,10365,residential,false,2027220106
2688,157,444058,10365,residential,false,2026880157
2977,373,444059,10374,residential,false,2029770373
2971,26,444060,10374,"residential, commercial, public",false,2029710026
2973,151,444061,10374,"residential, commercial",false,2029730151
2384,9,444062,10367,residential,false,2023840009
3542,20,444063,10364,"industrial, open space",false,2035420020
2877,202,444064,10369,residential,false,2028770202
2419,13,444065,10367,residential,false,2024190013
2443,44,444066,10366,"public, semi-public",false,2024430044
2974,140,444067,10374,residential,false,2029740140
2993,116,444068,10374,"residential, commercial, public",false,2029930116
2973,122,444069,10374,residential,false,2029730122
2938,20,444070,10374,residential,false,2029380020
3850,1,444071,10381,industrial,false,2038500001
3046,140,444072,10379,residential,false,2030460140
2965,255,444073,10374,residential,false,2029650255
3046,159,444074,10379,residential,false,2030460159
2929,7501,444075,10357,"residential, industrial",false,2029297501
3143,120,444076,10376,residential,false,2031430120
2282,57,444077,10374,residential,false,2022820057
3070,321,444078,10373,"residential, institutional, recreational",false,2030700321
2291,50,444079,10374,residential,false,2022910050
2363,4,444080,10359,commercial,false,2023630004
3070,284,444081,10373,"residential, institutional, recreational",false,2030700284
2971,39,444082,10374,"residential, commercial, public",true,2029710039
3138,45,444083,10358,,false,2031380045
3132,13,444084,10358,,false,2031320013
2993,6,444085,10374,"residential, commercial, public",false,2029930006
2661,43,444086,10374,residential,false,2026610043
2965,232,444087,10374,residential,false,2029650232
2683,126,444088,10365,residential,false,2026830126
2965,210,444089,10374,residential,false,2029650210
2938,37,444090,10374,residential,false,2029380037
2688,60,444091,10365,residential,false,2026880060
2652,124,444092,10374,residential,false,2026520124
2695,119,444093,10365,residential,false,2026950119
2380,106,444094,10367,residential,false,2023800106
2380,145,444095,10367,residential,false,2023800145
2384,10,444096,10367,residential,false,2023840010
2998,2,444097,10368,residential,false,2029980002
2973,134,444098,10374,residential,false,2029730134
2420,20,444099,10370,illegible,false,2024200020
2269,1,444100,10374,residential,false,2022690001
2965,105,444101,10374,residential,false,2029650105
2877,233,444102,10369,residential,false,2028770233
2974,174,444103,10374,residential,false,2029740174
3058,42,444104,10362,,false,2030580042
2982,38,444105,10374,residential,false,2029820038
2673,117,444106,10374,residential,false,2026730117
2683,121,444107,10365,residential,false,2026830121
2977,301,444108,10374,residential,false,2029770301
2974,171,444109,10374,residential,false,2029740171
2977,309,444110,10374,residential,false,2029770309
2973,103,444111,10374,residential,false,2029730103
2938,123,444112,10374,residential,false,2029380123
3096,15,444113,10375,residential,false,2030960015
3143,1,444114,10376,residential,false,2031430001
2974,172,444115,10374,residential,false,2029740172
2919,5,444116,10357,"residential, industrial",false,2029190005
2938,127,444117,10374,residential,false,2029380127
3134,13,444118,10358,,false,2031340013
3110,139,444119,10375,residential,false,2031100139
2666,10,444120,10372,residential,false,2026660010
2939,33,444121,10374,residential,false,2029390033
2684,143,444122,10365,residential,false,2026840143
2363,7,444123,10359,commercial,false,2023630007
3046,156,444124,10379,residential,false,2030460156
2938,29,444125,10374,residential,false,2029380029
2993,29,444126,10374,"residential, commercial, public",false,2029930029
2652,120,444127,10374,residential,false,2026520120
3044,160,444128,10379,residential,false,2030440160
2405,124,444129,10367,residential,false,2024050124
3046,149,444130,10379,residential,false,2030460149
15960,30,452696,10442,residential,true,4159600030
2921,1,444131,10357,"residential, industrial",false,2029210001
2384,13,444132,10367,residential,false,2023840013
2384,33,444133,10367,,true,2023840033
2621,1,444134,10374,residential,false,2026210001
2404,116,444135,10367,residential,false,2024040116
2652,142,444136,10374,residential,false,2026520142
2420,9039,444137,10370,residential,false,2024209039
2380,40,444138,10367,residential,false,2023800040
3131,46,444139,10358,,false,2031310046
2420,89,444140,10370,residential,false,2024200089
2993,35,444141,10374,"residential, commercial, public",false,2029930035
2571,24,444142,10371,,false,2025710024
2662,103,444143,10374,residential,false,2026620103
2701,139,444144,10365,residential,false,2027010139
2408,46,444145,10367,residential,true,2024080046
3044,33,444146,10379,residential,false,2030440033
2877,195,444147,10369,residential,false,2028770195
2404,9,444148,10367,residential,false,2024040009
2977,316,444149,10374,residential,false,2029770316
2929,171,444150,10357,"residential, industrial",false,2029290171
2617,117,444151,10372,residential,false,2026170117
3131,38,444152,10358,,false,2031310038
3110,1,444153,10375,residential,false,2031100001
2637,51,444154,10372,residential,false,2026370051
2281,21,444155,10374,residential,false,2022810021
2973,132,444156,10374,residential,false,2029730132
3045,9,444157,10379,residential,false,2030450009
3005,7,444158,10358,,false,2030050007
2384,28,444159,10367,,true,2023840028
2405,104,444160,10367,residential,false,2024050104
3063,200,444161,10373,"residential, institutional, recreational",false,2030630200
3096,112,444162,10375,residential,false,2030960112
3110,55,444163,10375,residential,false,2031100055
2637,43,444164,10372,residential,false,2026370043
2411,12,444165,10366,"public, semi-public",false,2024110012
2973,155,444166,10374,residential,false,2029730155
2939,254,444167,10374,residential,false,2029390254
15828,18,452364,10442,"commercial, residential",false,4158280018
2290,110,444168,10374,"residential, commercial, public",false,2022900110
2661,137,444169,10374,residential,false,2026610137
3096,121,444170,10375,residential,false,2030960121
2993,110,444171,10374,"residential, commercial, public",false,2029930110
2977,347,444172,10374,residential,false,2029770347
2967,157,444173,10374,residential,false,2029670157
3134,28,444174,10358,,false,2031340028
3138,1,444175,10358,,false,2031380001
3097,33,444176,10375,residential,false,2030970033
2973,89,444177,10374,residential,false,2029730089
2982,66,444178,10374,residential,true,2029820066
2661,140,444179,10374,residential,false,2026610140
2553,46,444180,10371,,false,2025530046
2724,42,444181,10363,residential,false,2027240042
2383,29,444182,10367,community facility,true,2023830029
2617,16,444183,10372,residential,false,2026170016
3143,121,444184,10376,residential,false,2031430121
3852,1,444185,10381,industrial,false,2038520001
2974,161,444186,10374,residential,false,2029740161
3063,146,444187,10373,"residential, institutional, recreational",false,2030630146
2982,48,444188,10374,residential,false,2029820048
2652,23,444189,10374,residential,false,2026520023
2993,108,444190,10374,"residential, commercial, public",false,2029930108
2695,118,444191,10365,residential,false,2026950118
2384,25,444192,10367,,true,2023840025
2973,109,444193,10374,residential,false,2029730109
2966,56,444194,10374,residential,false,2029660056
3143,169,444195,10376,residential,false,2031430169
2405,118,444196,10367,residential,false,2024050118
3619,1,444197,10364,"industrial, open space",false,2036190001
3110,74,444198,10375,residential,false,2031100074
3097,32,444199,10375,residential,false,2030970032
2939,275,444200,10374,residential,false,2029390275
2966,207,444201,10374,residential,false,2029660207
2877,198,444202,10369,residential,false,2028770198
2877,226,444203,10369,residential,false,2028770226
2993,41,444204,10374,"residential, commercial, public",false,2029930041
2966,90,444205,10374,residential,false,2029660090
3697,16,444206,10364,"industrial, open space",false,2036970016
2272,22,444207,10374,residential,false,2022720022
2684,130,444208,10365,residential,false,2026840130
2877,188,444209,10369,residential,false,2028770188
2652,122,444210,10374,residential,false,2026520122
3696,43,444211,10364,"industrial, open space",false,2036960043
2724,218,444212,10363,residential,false,2027240218
2972,50,444213,10374,"residential, commercial, public",false,2029720050
3132,130,444214,10358,,false,2031320130
2572,56,444215,10371,,false,2025720056
2379,142,444216,10367,residential,false,2023790142
2378,21,444217,10367,residential,false,2023780021
2749,46,444238,10363,residential,false,2027490046
2294,60,444218,10359,"public, semi-public, commercial",true,2022940060
2661,113,444219,10374,residential,false,2026610113
2684,108,444220,10365,residential,false,2026840108
2939,10,444221,10374,residential,false,2029390010
2724,17,444222,10363,residential,false,2027240017
2359,130,444223,10359,"public, semi-public",false,2023590130
2571,132,444224,10371,,false,2025710132
2974,176,444225,10374,residential,false,2029740176
2973,88,444226,10374,residential,false,2029730088
3143,122,444227,10376,residential,false,2031430122
2571,23,444228,10371,,false,2025710023
2722,116,444229,10365,residential,false,2027220116
3046,7,444230,10379,residential,false,2030460007
2939,31,444231,10374,residential,false,2029390031
2965,226,444232,10374,residential,false,2029650226
3035,139,444233,10379,residential,false,2030350139
2965,66,444234,10374,residential,false,2029650066
2877,199,444235,10369,residential,false,2028770199
2688,55,444236,10365,residential,false,2026880055
2365,26,444237,10367,residential,false,2023650026
2617,18,444239,10372,residential,false,2026170018
2712,116,444240,10365,residential,false,2027120116
2977,336,444241,10374,residential,false,2029770336
2974,142,444242,10374,residential,false,2029740142
2712,136,444243,10365,residential,false,2027120136
2442,60,444244,10366,residential,false,2024420060
3063,166,444245,10373,"residential, institutional, recreational",false,2030630166
2974,168,444246,10374,residential,false,2029740168
2966,219,444247,10374,residential,false,2029660219
3133,8,444248,10358,,false,2031330008
2384,14,444249,10367,residential,false,2023840014
2364,15,444250,10367,residential,false,2023640015
2930,26,444251,10357,"residential, industrial",false,2029300026
3110,138,444252,10375,residential,false,2031100138
2652,149,444253,10374,residential,false,2026520149
2973,131,444254,10374,residential,false,2029730131
2993,34,444255,10374,"residential, commercial, public",false,2029930034
3096,119,444256,10375,residential,false,2030960119
2655,109,444257,10372,residential,false,2026550109
2652,20,444276,10374,residential,false,2026520020
2965,100,444258,10374,"residential, public, semi-public",false,2029650100
3098,8,444259,10375,residential,false,2030980008
3096,16,444260,10375,residential,false,2030960016
2967,23,444261,10374,residential,false,2029670023
2973,87,444262,10374,residential,false,2029730087
3070,282,444263,10373,"residential, institutional, recreational",false,2030700282
2965,207,444264,10374,residential,false,2029650207
2661,109,444265,10374,residential,false,2026610109
2646,41,444266,10372,residential,false,2026460041
2568,12,444267,10371,,false,2025680012
3827,101,444268,10381,industrial,false,2038270101
2915,1,444269,10357,"residential, industrial",false,2029150001
3005,10,444270,10358,,false,2030050010
2684,117,444271,10365,residential,false,2026840117
2973,85,444272,10374,residential,false,2029730085
3132,25,444273,10358,,false,2031320025
3098,47,444274,10375,residential,false,2030980047
2683,127,444275,10365,residential,false,2026830127
3098,39,444296,10375,residential,false,2030980039
2696,5,444277,10365,residential,false,2026960005
3133,113,444278,10358,,false,2031330113
2973,113,444279,10374,residential,false,2029730113
3045,3,444280,10379,residential,false,2030450003
2993,46,444281,10374,"residential, commercial, public",false,2029930046
2973,106,444282,10374,residential,false,2029730106
2971,12,444283,10374,"residential, commercial, public",false,2029710012
2555,100,444284,10371,,false,2025550100
2405,17,444285,10367,residential,false,2024050017
2405,126,444286,10367,residential,false,2024050126
2661,126,444287,10374,residential,false,2026610126
3142,74,444288,10376,residential,false,2031420074
2652,133,444289,10374,residential,false,2026520133
2965,254,444290,10374,residential,false,2029650254
2655,110,444291,10372,residential,false,2026550110
2269,100,444292,10374,residential,false,2022690100
3096,8,444293,10375,residential,false,2030960008
2404,137,444294,10367,residential,false,2024040137
2357,100,444295,10380,"commercial, parking",true,2023570100
2701,36,444297,10365,residential,false,2027010036
2701,137,444298,10365,residential,false,2027010137
2977,354,444299,10374,residential,false,2029770354
2712,139,444300,10365,residential,false,2027120139
2661,141,444301,10374,residential,false,2026610141
2972,52,444302,10374,"residential, commercial, public",false,2029720052
2420,170,444303,10370,residential,false,2024200170
2982,46,444304,10374,residential,false,2029820046
2684,140,444305,10365,residential,false,2026840140
3134,9,444306,10358,,false,2031340009
2695,25,444307,10365,residential,false,2026950025
2974,151,444308,10374,residential,false,2029740151
2287,71,444309,10374,residential,true,2022870071
2971,55,444310,10374,"residential, commercial, public",false,2029710055
2993,2,444311,10374,"residential, commercial, public",false,2029930002
2652,24,444312,10374,residential,false,2026520024
2661,153,444313,10374,residential,false,2026610153
2928,28,444314,10357,"residential, industrial",false,2029280028
3617,1,444315,10364,"industrial, open space",false,2036170001
2683,119,444316,10365,residential,false,2026830119
3097,52,444317,10375,residential,false,2030970052
3096,118,444318,10375,residential,false,2030960118
2380,103,444319,10367,residential,false,2023800103
2695,121,444320,10365,residential,false,2026950121
2408,16,444321,10367,residential,false,2024080016
3133,25,444322,10358,,false,2031330025
2380,140,444323,10367,residential,false,2023800140
2267,60,444324,10374,residential,false,2022670060
2276,31,444325,10359,"public, semi-public",false,2022760031
3143,140,444326,10376,residential,false,2031430140
2555,101,444327,10371,,false,2025550101
2272,119,444328,10374,residential,false,2022720119
3070,310,444329,10373,"residential, institutional, recreational",false,2030700310
2712,118,444330,10365,residential,false,2027120118
3110,51,444331,10375,residential,false,2031100051
2404,131,444332,10367,residential,false,2024040131
2939,12,444333,10374,residential,false,2029390012
2938,122,444334,10374,residential,false,2029380122
2661,41,444335,10374,residential,false,2026610041
2973,124,444336,10374,residential,false,2029730124
3096,3,444337,10375,residential,false,2030960003
2965,233,444338,10374,residential,false,2029650233
3046,148,444339,10379,residential,false,2030460148
2722,15,444340,10365,residential,false,2027220015
3131,8,444341,10358,,false,2031310008
2971,52,444342,10374,"residential, commercial, public",false,2029710052
2712,16,444343,10365,residential,false,2027120016
3097,9,444344,10375,residential,false,2030970009
2364,55,444345,10367,residential,false,2023640055
2712,119,444346,10365,residential,false,2027120119
2491,1,444347,10380,"commercial, parking",false,2024910001
3035,138,444348,10379,residential,false,2030350138
2684,118,444349,10365,residential,false,2026840118
3046,4,444350,10379,residential,false,2030460004
3044,34,444351,10379,residential,false,2030440034
2722,107,444352,10365,residential,false,2027220107
3046,54,444353,10379,residential,false,2030460054
2993,25,444354,10374,"residential, commercial, public",false,2029930025
2419,26,444355,10367,"residential, community facility",false,2024190026
2966,215,444356,10374,residential,false,2029660215
2993,1,444357,10374,"residential, commercial, public",false,2029930001
2701,133,444358,10365,residential,false,2027010133
3035,134,444359,10379,residential,false,2030350134
3036,61,444360,10379,residential,false,2030360061
3063,1,444361,10373,"residential, institutional, recreational",false,2030630001
2405,103,444362,10367,residential,false,2024050103
3035,131,444363,10379,residential,false,2030350131
3035,135,444364,10379,residential,false,2030350135
2712,113,444365,10365,residential,false,2027120113
2378,1,444366,10367,residential,false,2023780001
3035,132,444367,10379,residential,false,2030350132
3110,141,444368,10375,residential,false,2031100141
2877,191,444369,10369,residential,false,2028770191
2406,31,444370,10367,residential,false,2024060031
3046,162,444371,10379,residential,false,2030460162
3096,10,444372,10375,residential,false,2030960010
3063,53,444373,10373,"residential, institutional, recreational",false,2030630053
2973,153,444374,10374,residential,false,2029730153
2282,45,444375,10374,residential,false,2022820045
3616,12,444376,10364,"industrial, open space",false,2036160012
2722,17,444397,10365,residential,false,2027220017
2972,43,444377,10374,"residential, commercial, public",false,2029720043
2974,175,444378,10374,residential,false,2029740175
3046,11,444379,10379,residential,false,2030460011
3036,60,444380,10379,residential,false,2030360060
2722,18,444381,10365,residential,false,2027220018
2965,234,444382,10374,residential,false,2029650234
2993,64,444383,10374,"residential, commercial, public",false,2029930064
3063,165,444384,10373,"residential, institutional, recreational",false,2030630165
2380,115,444385,10367,residential,false,2023800115
2420,1,444386,10370,residential,false,2024200001
2380,112,444387,10367,residential,false,2023800112
3046,154,444388,10379,residential,false,2030460154
2652,141,444389,10374,residential,false,2026520141
2420,171,444390,10370,residential,false,2024200171
2646,2,444391,10372,residential,false,2026460002
2684,136,444392,10365,residential,false,2026840136
2378,128,444393,10367,residential,false,2023780128
2974,165,444394,10374,residential,false,2029740165
2684,105,444395,10365,residential,false,2026840105
2272,5,444396,10374,residential,false,2022720005
3134,20,444398,10358,,false,2031340020
3035,137,444399,10379,residential,false,2030350137
3133,111,444400,10358,,false,2031330111
2380,146,444401,10367,residential,false,2023800146
2655,115,444402,10372,residential,false,2026550115
2384,51,444403,10367,residential,true,2023840051
3110,68,444404,10375,residential,false,2031100068
3070,312,444405,10373,"residential, institutional, recreational",false,2030700312
3098,7,444406,10375,residential,false,2030980007
2724,103,444407,10363,residential,false,2027240103
2973,100,444408,10374,residential,false,2029730100
2878,169,444409,10369,residential,false,2028780169
3139,19,444410,10358,,false,2031390019
3132,125,444411,10358,,false,2031320125
2555,137,444412,10371,,false,2025550137
2652,150,444413,10374,residential,false,2026520150
2405,131,444414,10367,residential,false,2024050131
2684,142,444415,10365,residential,false,2026840142
2922,2,444436,10357,"residential, industrial",false,2029220002
2402,17,444416,10361,"public, semi-public",false,2024020017
2271,1,444417,10374,residential,false,2022710001
2380,121,444418,10367,residential,false,2023800121
3035,129,444419,10379,residential,false,2030350129
2364,17,444420,10367,residential,false,2023640017
2965,225,444421,10374,residential,false,2029650225
2684,115,444422,10365,residential,false,2026840115
2272,49,444423,10374,residential,false,2022720049
2965,213,444424,10374,residential,false,2029650213
2419,111,444425,10367,residential,false,2024190111
3133,6,444426,10358,,false,2031330006
2661,156,444427,10374,residential,false,2026610156
3110,95,444428,10375,residential,false,2031100095
2291,30,444429,10374,residential,false,2022910030
2440,1,444430,10366,residential,false,2024400001
2551,119,444431,10371,,false,2025510119
2724,214,444432,10363,residential,false,2027240214
2666,111,444433,10372,residential,false,2026660111
3132,128,444434,10358,,false,2031320128
2973,67,444435,10374,residential,false,2029730067
2661,123,444437,10374,residential,false,2026610123
3132,7,444438,10358,,false,2031320007
3035,133,444439,10379,residential,false,2030350133
3045,4,444440,10379,residential,false,2030450004
2666,9,444441,10372,residential,false,2026660009
2599,87,444442,10360,industrial,false,2025990087
2724,12,444443,10363,residential,false,2027240012
2652,16,444444,10374,residential,false,2026520016
2404,130,444445,10367,residential,false,2024040130
2939,261,444446,10374,residential,false,2029390261
2939,15,444447,10374,residential,false,2029390015
3098,138,444448,10375,residential,false,2030980138
3094,45,444449,10375,residential,false,2030940045
2661,138,444450,10374,residential,false,2026610138
2294,43,444451,10359,"commercial, public, semi-public",false,2022940043
2384,5,444452,10367,residential,true,2023840005
15961,72,452697,10442,street,false,4159610072
3616,17,444453,10364,"industrial, open space",false,2036160017
2419,17,444454,10367,residential,false,2024190017
2404,135,444455,10367,residential,false,2024040135
2973,77,444456,10374,residential,false,2029730077
2973,82,444457,10374,residential,false,2029730082
2688,58,444458,10365,residential,false,2026880058
2971,45,444459,10374,"residential, commercial, public",false,2029710045
3046,146,444460,10379,residential,false,2030460146
2314,1,444461,10374,residential,false,2023140001
2750,16,444462,10363,residential,false,2027500016
2379,40,444463,10367,residential,false,2023790040
2722,120,444464,10365,residential,false,2027220120
2877,194,444465,10369,residential,false,2028770194
3098,146,444466,10375,residential,false,2030980146
2972,62,444467,10374,"residential, commercial, public",false,2029720062
3111,26,444468,10375,residential,false,2031110026
2684,129,444469,10365,residential,false,2026840129
2408,49,444470,10367,residential,false,2024080049
3134,33,444471,10358,,false,2031340033
15961,83,452698,10442,open space,true,4159610083
3131,49,444472,10358,,false,2031310049
3098,132,444473,10375,residential,false,2030980132
3132,123,444474,10358,,false,2031320123
2617,20,444475,10372,residential,true,2026170020
2966,211,444476,10374,residential,false,2029660211
2877,200,444477,10369,residential,false,2028770200
3063,164,444478,10373,"residential, institutional, recreational",false,2030630164
2636,37,444479,10372,residential,false,2026360037
2684,110,444480,10365,residential,false,2026840110
2379,126,444481,10367,residential,false,2023790126
2965,223,444482,10374,residential,false,2029650223
2973,110,444483,10374,residential,false,2029730110
2750,32,444484,10363,residential,false,2027500032
2972,23,444485,10374,"residential, commercial, public",false,2029720023
2973,111,444486,10374,residential,false,2029730111
2973,99,444487,10374,residential,false,2029730099
2419,4,444488,10367,residential,false,2024190004
2276,1,444489,10359,"public, semi-public",false,2022760001
2993,40,444490,10374,"residential, commercial, public",false,2029930040
2646,117,444491,10372,residential,false,2026460117
3063,167,444492,10373,"residential, institutional, recreational",false,2030630167
2683,116,444493,10365,residential,false,2026830116
2403,25,444494,10367,open space,true,2024030025
2661,154,444495,10374,residential,false,2026610154
3044,167,444496,10379,residential,false,2030440167
2287,133,444497,10374,residential,false,2022870133
2403,29,444498,10367,open space,false,2024030029
2404,113,444499,10367,residential,false,2024040113
2684,128,444500,10365,residential,false,2026840128
2977,365,444501,10374,residential,false,2029770365
2973,158,444502,10374,residential,false,2029730158
2977,329,444503,10374,residential,false,2029770329
2973,84,444504,10374,residential,false,2029730084
2553,47,444505,10371,,false,2025530047
2748,24,444506,10363,residential,true,2027480024
3070,299,444507,10373,"residential, institutional, recreational",false,2030700299
2990,1,444508,10382,,false,2029900001
3046,160,444509,10379,residential,false,2030460160
2993,113,444510,10374,"residential, commercial, public",false,2029930113
3070,316,444511,10373,"residential, institutional, recreational",false,2030700316
2972,48,444512,10374,"residential, commercial, public",false,2029720048
3098,127,444513,10375,residential,false,2030980127
2938,30,444514,10374,residential,false,2029380030
2637,46,444515,10372,residential,false,2026370046
2364,13,444516,10367,"community facility, open space",false,2023640013
2364,56,444517,10367,residential,false,2023640056
2965,216,444518,10374,residential,false,2029650216
2688,63,444519,10365,residential,false,2026880063
2974,148,444520,10374,residential,false,2029740148
2939,8,444521,10374,residential,false,2029390008
3143,128,444522,10376,residential,false,2031430128
2684,119,444523,10365,residential,false,2026840119
2974,183,444524,10374,residential,false,2029740183
2971,18,444525,10374,"residential, commercial, public",false,2029710018
2977,304,444526,10374,residential,false,2029770304
2272,38,444527,10374,residential,false,2022720038
3097,41,444528,10375,residential,false,2030970041
3143,167,444529,10376,residential,false,2031430167
2380,51,444530,10367,residential,false,2023800051
2384,20,444531,10367,residential,false,2023840020
2402,36,444532,10361,"public, semi-public",false,2024020036
2974,184,444533,10374,residential,false,2029740184
2380,107,444534,10367,residential,false,2023800107
2684,109,444535,10365,residential,false,2026840109
2667,82,444536,10372,residential,false,2026670082
2748,25,444537,10363,residential,false,2027480025
2411,22,444538,10366,"public, semi-public",false,2024110022
2384,16,444539,10367,residential,false,2023840016
2971,16,444540,10374,"residential, commercial, public",false,2029710016
3046,157,444541,10379,residential,false,2030460157
2662,1,444542,10374,residential,false,2026620001
2287,26,444543,10374,residential,false,2022870026
2661,125,444544,10374,residential,false,2026610125
2420,35,444545,10370,residential,false,2024200035
3094,40,444546,10375,residential,false,2030940040
2973,65,444547,10374,residential,false,2029730065
3096,6,444548,10375,residential,false,2030960006
2661,150,444549,10374,residential,false,2026610150
2965,236,444550,10374,residential,false,2029650236
3044,32,444551,10379,residential,false,2030440032
2966,97,444552,10374,residential,false,2029660097
2652,148,444553,10374,residential,false,2026520148
2383,37,444554,10367,"residential, commercial, community facility",true,2023830037
2384,32,444555,10367,,true,2023840032
2402,33,444556,10361,"public, semi-public",false,2024020033
3046,150,444557,10379,residential,false,2030460150
2973,86,444558,10374,residential,false,2029730086
3576,50,444559,10364,"industrial, open space",false,2035760050
3133,18,444560,10358,,false,2031330018
2661,119,444561,10374,residential,false,2026610119
3097,6,444562,10375,residential,false,2030970006
2965,215,444563,10374,residential,false,2029650215
2982,32,444564,10374,residential,false,2029820032
2982,35,444565,10374,residential,false,2029820035
2965,220,444566,10374,residential,false,2029650220
2973,105,444567,10374,residential,false,2029730105
2551,122,444568,10371,,false,2025510122
2878,90,444569,10369,residential,false,2028780090
2647,102,444570,10372,residential,false,2026470102
3046,142,444571,10379,residential,false,2030460142
3110,54,444572,10375,residential,false,2031100054
2378,7501,444573,10367,residential,false,2023787501
2405,117,444574,10367,residential,false,2024050117
2617,30,444575,10372,residential,false,2026170030
2965,231,444576,10374,residential,false,2029650231
3143,174,444577,10376,residential,false,2031430174
2712,134,444578,10365,residential,false,2027120134
3096,14,444579,10375,residential,false,2030960014
3108,8,444580,10375,residential,false,2031080008
2973,137,444581,10374,residential,false,2029730137
2930,74,444582,10357,"residential, industrial",false,2029300074
2652,15,444583,10374,residential,false,2026520015
2617,144,444584,10372,residential,false,2026170144
2974,163,444585,10374,residential,false,2029740163
2973,120,444586,10374,residential,false,2029730120
3110,155,444587,10375,residential,false,2031100155
2977,308,444588,10374,residential,false,2029770308
2652,147,444589,10374,residential,false,2026520147
3131,14,444590,10358,,false,2031310014
2748,14,444591,10363,residential,false,2027480014
3096,101,444592,10375,residential,false,2030960101
2878,114,444593,10369,residential,false,2028780114
3115,21,444594,10375,"residential, public",false,2031150021
2683,125,444595,10365,residential,false,2026830125
2420,90,444596,10370,residential,false,2024200090
2361,1,444597,10359,residential,true,2023610001
2973,139,444598,10374,residential,false,2029730139
2971,38,444599,10374,"residential, commercial, public",true,2029710038
3046,141,444600,10379,residential,false,2030460141
3045,2,444601,10379,residential,false,2030450002
2971,1,444602,10374,"residential, commercial, public",false,2029710001
2551,121,444603,10371,,false,2025510121
2973,97,444604,10374,residential,false,2029730097
2666,12,444605,10372,residential,false,2026660012
3130,2,444606,10358,,false,2031300002
3132,129,444607,10358,,false,2031320129
3070,313,444608,10373,"residential, institutional, recreational",false,2030700313
3096,12,444609,10375,residential,false,2030960012
2404,10,444610,10367,residential,false,2024040010
2879,43,444611,10378,residential,false,2028790043
2971,27,444612,10374,"residential, commercial, public",false,2029710027
2683,120,444613,10365,residential,false,2026830120
3616,30,444614,10364,"industrial, open space",false,2036160030
3838,227,444615,10381,industrial,false,2038380227
3098,143,444616,10375,residential,false,2030980143
2965,250,444617,10374,residential,false,2029650250
2661,124,444618,10374,residential,false,2026610124
2582,47,444619,10371,,false,2025820047
2971,20,444620,10374,"residential, commercial, public",false,2029710020
3110,50,444621,10375,residential,false,2031100050
2982,44,444622,10374,residential,true,2029820044
2712,137,444623,10365,residential,false,2027120137
2974,149,444624,10374,residential,false,2029740149
2993,115,444625,10374,"residential, commercial, public",false,2029930115
2971,123,444626,10374,"residential, commercial, public",false,2029710123
3098,131,444627,10375,residential,false,2030980131
2972,29,444628,10374,"residential, commercial, public",false,2029720029
2939,267,444629,10374,residential,false,2029390267
2701,34,444630,10365,residential,false,2027010034
2972,30,444631,10374,"residential, commercial, public",false,2029720030
2974,150,444632,10374,residential,false,2029740150
3101,23,444633,10375,residential,false,2031010023
2930,63,444634,10357,"residential, industrial",false,2029300063
2973,133,444635,10374,residential,false,2029730133
3134,7,444636,10358,,false,2031340007
2938,32,444637,10374,residential,false,2029380032
2359,3,444638,10359,,false,2023590003
2483,5,444639,10380,"commercial, parking",false,2024830005
3063,150,444640,10373,"residential, institutional, recreational",false,2030630150
3143,129,444641,10376,residential,false,2031430129
15965,29,452699,10442,residential,true,4159650029
2443,29,444642,10366,"public, semi-public",false,2024430029
2443,45,444643,10366,"public, semi-public",false,2024430045
2965,217,444644,10374,residential,false,2029650217
2661,42,444645,10374,residential,false,2026610042
2652,53,444646,10374,residential,false,2026520053
2411,101,444655,10366,"public, semi-public",false,2024110101
2539,2,444647,10380,"commercial, parking",false,2025390002
2636,7501,444648,10372,residential,false,2026367501
2757,1,444649,10363,residential,false,2027570001
2972,49,444650,10374,"residential, commercial, public",false,2029720049
2684,103,444651,10365,residential,false,2026840103
3097,109,444652,10375,residential,false,2030970109
2993,27,444653,10374,"residential, commercial, public",false,2029930027
2666,114,444654,10372,residential,false,2026660114
2974,181,444694,10374,residential,false,2029740181
2383,61,444656,10367,"open space, easement",false,2023830061
2384,34,444657,10367,,true,2023840034
3063,24,444658,10373,"residential, institutional, recreational",false,2030630024
2683,107,444659,10365,residential,false,2026830107
2379,20,444660,10367,residential,false,2023790020
2419,23,444661,10367,"residential, community facility",false,2024190023
2661,152,444662,10374,residential,false,2026610152
2404,2,444663,10367,residential,true,2024040002
3070,285,444664,10373,"residential, institutional, recreational",false,2030700285
2406,29,444665,10367,"community facility, open space",false,2024060029
3844,16,444666,10381,industrial,false,2038440016
3046,151,444667,10379,residential,false,2030460151
2989,1,444668,10374,residential,false,2029890001
2380,119,444669,10367,residential,false,2023800119
3042,13,444670,10362,,false,2030420013
2667,83,444671,10372,residential,false,2026670083
2405,108,444672,10367,residential,false,2024050108
2684,126,444673,10365,residential,false,2026840126
2967,176,444674,10374,residential,false,2029670176
3110,33,444715,10375,residential,false,2031100033
3133,9,444675,10358,,false,2031330009
2683,122,444676,10365,residential,false,2026830122
2661,157,444677,10374,residential,false,2026610157
2359,210,444678,10359,"public, semi-public",false,2023590210
2378,34,444679,10367,residential,false,2023780034
3142,48,444680,10376,residential,false,2031420048
2361,25,444681,10359,residential,false,2023610025
2973,135,444682,10374,residential,false,2029730135
2973,83,444683,10374,residential,false,2029730083
3045,109,444684,10379,residential,false,2030450109
3616,1,444685,10364,"industrial, open space",false,2036160001
2652,130,444686,10374,residential,false,2026520130
2383,39,444687,10367,"residential, commercial, community facility",true,2023830039
3132,121,444688,10358,,false,2031320121
2684,114,444689,10365,residential,false,2026840114
3070,303,444690,10373,"residential, institutional, recreational",false,2030700303
3063,100,444691,10373,"residential, institutional, recreational",false,2030630100
2405,125,444692,10367,residential,false,2024050125
2973,81,444693,10374,residential,false,2029730081
3131,47,444695,10358,,false,2031310047
2973,80,444696,10374,residential,false,2029730080
2993,33,444697,10374,"residential, commercial, public",false,2029930033
3058,17,444698,10362,,false,2030580017
2722,40,444699,10365,residential,false,2027220040
2722,20,444700,10365,residential,false,2027220020
2655,112,444701,10372,residential,false,2026550112
3097,21,444702,10375,residential,false,2030970021
2571,32,444703,10371,,false,2025710032
2988,19,444704,10374,residential,false,2029880019
2965,208,444705,10374,residential,false,2029650208
2965,219,444706,10374,residential,false,2029650219
3036,62,444707,10379,residential,false,2030360062
3045,8,444708,10379,residential,false,2030450008
2965,235,444709,10374,residential,false,2029650235
3070,309,444710,10373,"residential, institutional, recreational",false,2030700309
2408,52,444711,10367,residential,false,2024080052
2406,136,444712,10367,residential,false,2024060136
3131,4,444713,10358,,false,2031310004
2384,12,444714,10367,residential,false,2023840012
3035,128,444716,10379,residential,false,2030350128
2683,123,444717,10365,residential,false,2026830123
3513,37,444718,10364,"industrial, open space",false,2035130037
3841,1,444719,10381,industrial,false,2038410001
2405,121,444720,10367,residential,false,2024050121
2483,68,444721,10380,"commercial, parking",false,2024830068
2382,7501,444722,10367,residential,false,2023827501
2930,61,444723,10357,"residential, industrial",false,2029300061
3142,1,444724,10376,residential,false,2031420001
2722,108,444725,10365,residential,false,2027220108
2365,9,444726,10367,community facility,false,2023650009
2939,4,444727,10374,residential,false,2029390004
2420,25,444728,10370,residential,false,2024200025
2965,30,444729,10374,residential,false,2029650030
3844,125,444730,10381,industrial,false,2038440125
3131,17,444731,10358,,false,2031310017
2973,76,444732,10374,residential,false,2029730076
2972,56,444733,10374,"residential, commercial, public",false,2029720056
2272,48,444734,10374,residential,false,2022720048
2571,30,444735,10371,,false,2025710030
2661,110,444736,10374,residential,false,2026610110
2599,69,444737,10360,industrial,false,2025990069
2973,91,444738,10374,residential,false,2029730091
2993,103,444739,10374,"residential, commercial, public",false,2029930103
2420,21,444740,10370,illegible,false,2024200021
2408,45,444741,10367,residential,false,2024080045
3696,50,444742,10364,"industrial, open space",false,2036960050
2403,37,444743,10367,open space,true,2024030037
3046,13,444744,10379,residential,false,2030460013
3110,154,444745,10375,residential,false,2031100154
2712,39,444746,10365,residential,false,2027120039
3096,123,444747,10375,residential,false,2030960123
2405,119,444748,10367,residential,false,2024050119
2632,1,444749,10374,residential,false,2026320001
2419,114,444750,10367,residential,false,2024190114
2977,342,444751,10374,residential,false,2029770342
3046,147,444752,10379,residential,false,2030460147
3110,175,444753,10375,residential,false,2031100175
2701,33,444754,10365,residential,false,2027010033
3063,163,444755,10373,"residential, institutional, recreational",false,2030630163
2973,115,444756,10374,residential,false,2029730115
2683,124,444757,10365,residential,false,2026830124
3100,65,444758,10375,residential,false,2031000065
2971,121,444759,10374,"residential, commercial, public",false,2029710121
2683,108,444760,10365,residential,false,2026830108
2878,112,444761,10369,residential,false,2028780112
2684,144,444762,10365,residential,false,2026840144
2572,73,444763,10371,,false,2025720073
2973,130,444764,10374,residential,false,2029730130
2407,31,444765,10367,"residential, commercial, community facility",false,2024070031
2993,36,444766,10374,"residential, commercial, public",false,2029930036
3045,7,444767,10379,residential,false,2030450007
2405,106,444768,10367,residential,false,2024050106
2938,121,444769,10374,residential,false,2029380121
2938,34,444770,10374,residential,false,2029380034
2404,134,444771,10367,residential,false,2024040134
2971,22,444772,10374,"residential, commercial, public",false,2029710022
3005,65,444773,10358,,false,2030050065
2973,136,444774,10374,residential,false,2029730136
2993,114,444775,10374,"residential, commercial, public",false,2029930114
3097,8,444776,10375,residential,false,2030970008
2929,172,444777,10357,"residential, industrial",false,2029290172
3024,69,444778,10376,residential,false,2030240069
3143,126,444779,10376,residential,false,2031430126
2363,1,444780,10359,"public, semi-public",true,2023630001
3096,120,444781,10375,residential,false,2030960120
3044,31,444782,10379,residential,false,2030440031
3542,13,444783,10364,"industrial, open space",false,2035420013
2661,139,444784,10374,residential,false,2026610139
2877,793,444785,10369,residential,false,2028770793
2381,47,444786,10367,residential,false,2023810047
3098,142,444787,10375,residential,false,2030980142
2993,8,444788,10374,"residential, commercial, public",false,2029930008
2993,22,444789,10374,"residential, commercial, public",false,2029930022
2617,49,444790,10372,residential,false,2026170049
3063,149,444791,10373,"residential, institutional, recreational",false,2030630149
3110,38,444792,10375,residential,false,2031100038
2364,61,444793,10367,residential,false,2023640061
3131,1,444794,10358,,false,2031310001
2974,132,444795,10374,residential,false,2029740132
2974,131,444796,10374,residential,false,2029740131
2695,17,444797,10365,residential,false,2026950017
2404,1,444798,10367,residential,true,2024040001
2695,20,444799,10365,residential,false,2026950020
2419,119,444800,10367,residential,false,2024190119
2966,222,444801,10374,residential,false,2029660222
3096,122,444802,10375,residential,false,2030960122
2617,143,444803,10372,residential,false,2026170143
3840,23,444804,10381,"public, industrial",false,2038400023
2418,6,444805,10367,residential,true,2024180006
2359,75,444806,10359,"public, semi-public",false,2023590075
2661,120,444807,10374,residential,false,2026610120
3044,166,444808,10379,residential,false,2030440166
2965,252,444809,10374,residential,false,2029650252
2383,19,444810,10367,residential,false,2023830019
3096,114,444811,10375,residential,false,2030960114
2420,78,444812,10370,residential,false,2024200078
2419,115,444813,10367,residential,false,2024190115
3142,65,444814,10376,residential,false,2031420065
2724,18,444815,10363,residential,false,2027240018
2974,141,444816,10374,residential,false,2029740141
2722,105,444817,10365,residential,false,2027220105
3131,45,444818,10358,,false,2031310045
3035,127,444819,10379,residential,false,2030350127
3131,37,444820,10358,,false,2031310037
2973,128,444821,10374,residential,false,2029730128
2661,121,444822,10374,residential,false,2026610121
2974,178,444823,10374,residential,false,2029740178
2972,28,444824,10374,"residential, commercial, public",false,2029720028
3058,18,444825,10362,,false,2030580018
3110,174,444826,10375,residential,false,2031100174
2378,49,444827,10367,residential,false,2023780049
3063,168,444828,10373,"residential, institutional, recreational",false,2030630168
3696,44,444829,10364,"industrial, open space",false,2036960044
3096,110,444830,10375,residential,false,2030960110
2993,26,444831,10374,"residential, commercial, public",false,2029930026
2695,123,444832,10365,residential,false,2026950123
3035,130,444833,10379,residential,false,2030350130
2652,138,444834,10374,residential,false,2026520138
2379,125,444835,10367,residential,false,2023790125
2617,145,444836,10372,residential,false,2026170145
2722,119,444837,10365,residential,false,2027220119
2380,116,444838,10367,residential,false,2023800116
2973,152,444839,10374,residential,false,2029730152
2652,32,444840,10374,residential,false,2026520032
2974,179,444841,10374,residential,false,2029740179
3576,1,444842,10364,"industrial, open space",false,2035760001
2667,80,444843,10372,residential,false,2026670080
3094,14,444844,10375,residential,false,2030940014
15828,7,452365,10442,residential,false,4158280007
3133,10,444845,10358,,false,2031330010
2652,127,444846,10374,residential,false,2026520127
2406,12,444847,10367,residential,false,2024060012
2405,102,444848,10367,residential,false,2024050102
2680,1,444849,10374,residential,false,2026800001
2443,41,444850,10366,"public, semi-public",false,2024430041
2269,122,444851,10374,residential,false,2022690122
2973,70,444852,10374,residential,false,2029730070
2662,38,444853,10374,residential,false,2026620038
2405,105,444854,10367,residential,false,2024050105
2483,34,444855,10380,"commercial, parking",false,2024830034
2404,126,444856,10367,residential,false,2024040126
2972,15,444857,10374,"residential, commercial, public",false,2029720015
2652,115,444858,10374,residential,false,2026520115
2646,118,444859,10372,residential,false,2026460118
2383,8900,444860,10367,"residential, commercial, community facility",false,2023838900
3058,1,444861,10362,,false,2030580001
2617,78,444862,10372,residential,false,2026170078
3131,3,444863,10358,,false,2031310003
2571,29,444864,10371,,false,2025710029
2977,349,444865,10374,residential,false,2029770349
2877,201,444866,10369,residential,false,2028770201
2411,100,444867,10366,"public, semi-public",false,2024110100
2971,36,444868,10374,"residential, commercial, public",false,2029710036
2971,14,444869,10374,"residential, commercial, public",false,2029710014
2974,177,444870,10374,residential,false,2029740177
2379,143,444871,10367,residential,false,2023790143
3046,52,444872,10379,residential,false,2030460052
2879,32,444873,10378,residential,false,2028790032
2443,18,444874,10366,"public, semi-public",false,2024430018
2662,102,444875,10374,residential,false,2026620102
3134,14,444876,10358,,false,2031340014
3044,159,444877,10379,residential,false,2030440159
2378,129,444878,10367,residential,false,2023780129
2965,239,444879,10374,residential,false,2029650239
2973,129,444880,10374,residential,false,2029730129
2971,43,444881,10374,"residential, commercial, public",false,2029710043
2973,68,444882,10374,residential,false,2029730068
2272,47,444883,10374,residential,false,2022720047
3098,45,444884,10375,residential,false,2030980045
2402,12,444885,10361,"public, semi-public",false,2024020012
2724,5,444886,10363,residential,false,2027240005
3042,28,444904,10362,,false,2030420028
3024,8,444887,10376,residential,false,2030240008
2276,52,444888,10359,"public, semi-public",false,2022760052
2877,190,444889,10369,residential,false,2028770190
2877,196,444890,10369,residential,false,2028770196
2379,21,444891,10367,residential,false,2023790021
3070,300,444892,10373,"residential, institutional, recreational",false,2030700300
3098,141,444893,10375,residential,false,2030980141
15838,37,452366,10442,residential,true,4158380037
3063,169,444894,10373,"residential, institutional, recreational",false,2030630169
3132,19,444895,10358,,false,2031320019
2384,38,444896,10367,,false,2023840038
2666,7,444897,10372,residential,false,2026660007
2408,35,444898,10367,residential,false,2024080035
2684,127,444899,10365,residential,false,2026840127
2405,107,444900,10367,residential,false,2024050107
3131,41,444901,10358,,false,2031310041
2684,106,444902,10365,residential,false,2026840106
3035,140,444903,10379,residential,false,2030350140
3058,41,444905,10362,,false,2030580041
2684,131,444906,10365,residential,false,2026840131
2732,1,444907,10365,public,false,2027320001
2971,51,444908,10374,"residential, commercial, public",false,2029710051
2551,118,444909,10371,,false,2025510118
2383,25,444910,10367,community facility,true,2023830025
2661,108,444911,10374,residential,false,2026610108
2384,61,444912,10367,,false,2023840061
15829,6,452367,10442,"community facility, residential",false,4158290006
3063,152,444913,10373,"residential, institutional, recreational",false,2030630152
2974,162,444914,10374,residential,false,2029740162
3830,44,444915,10381,industrial,false,2038300044
2684,113,444916,10365,residential,false,2026840113
2877,230,444917,10369,residential,false,2028770230
2939,23,444918,10374,residential,false,2029390023
2683,4,444919,10365,residential,false,2026830004
2965,218,444920,10374,residential,false,2029650218
2877,340,444921,10369,residential,false,2028770340
2966,23,444922,10374,residential,false,2029660023
2974,166,444923,10374,residential,false,2029740166
2972,22,444924,10374,"residential, commercial, public",false,2029720022
2652,31,444925,10374,residential,false,2026520031
3143,36,444926,10376,residential,false,2031430036
2965,31,444927,10374,residential,false,2029650031
2971,28,444928,10374,"residential, commercial, public",false,2029710028
2571,26,444929,10371,,false,2025710026
2683,114,444930,10365,residential,false,2026830114
2380,144,444931,10367,residential,false,2023800144
2939,28,444932,10374,residential,false,2029390028
3216,26,444933,10377,,false,2032160026
2405,122,444934,10367,residential,false,2024050122
2965,221,444935,10374,residential,false,2029650221
3131,39,444936,10358,,false,2031310039
2939,273,444937,10374,residential,false,2029390273
2405,127,444938,10367,residential,false,2024050127
3096,117,444939,10375,residential,false,2030960117
2380,118,444940,10367,residential,false,2023800118
3110,7,444941,10375,residential,false,2031100007
2974,182,444942,10374,residential,false,2029740182
2724,213,444962,10363,residential,false,2027240213
2971,3,444943,10374,"residential, commercial, public",false,2029710003
2420,172,444944,10370,residential,false,2024200172
2655,111,444945,10372,residential,false,2026550111
2688,62,444946,10365,residential,false,2026880062
3096,124,444947,10375,residential,false,2030960124
2405,128,444948,10367,residential,false,2024050128
3143,124,444949,10376,residential,false,2031430124
3108,51,444950,10375,residential,false,2031080051
2407,18,444951,10367,residential,false,2024070018
2404,136,444952,10367,residential,false,2024040136
3046,153,444953,10379,residential,false,2030460153
2652,128,444954,10374,residential,false,2026520128
2360,92,444955,10367,commercial,false,2023600092
2971,54,444956,10374,"residential, commercial, public",false,2029710054
2965,259,444957,10374,residential,false,2029650259
2929,170,444958,10357,"residential, industrial",false,2029290170
2973,79,444959,10374,residential,false,2029730079
3132,15,444960,10358,,false,2031320015
3131,2,444961,10358,,false,2031310002
2406,28,444963,10367,"community facility, open space",false,2024060028
2724,129,444964,10363,residential,false,2027240129
2364,9,444965,10367,residential,false,2023640009
2920,2,444966,10357,"residential, industrial",false,2029200002
15849,27,452368,10442,residential,true,4158490027
3134,35,444967,10358,,false,2031340035
2539,191,444968,10380,,false,2025390191
2938,126,444969,10374,residential,false,2029380126
2712,121,444970,10365,residential,false,2027120121
3058,3,444971,10362,,false,2030580003
2748,17,444972,10363,residential,false,2027480017
2443,4,444973,10366,"public, semi-public",false,2024430004
3698,47,444974,10364,"industrial, open space",false,2036980047
2971,41,444975,10374,"residential, commercial, public",false,2029710041
2684,104,445028,10365,residential,false,2026840104
2408,1,444976,10367,residential,false,2024080001
2379,140,444977,10367,residential,false,2023790140
3094,3,444978,10375,residential,false,2030940003
2684,138,444979,10365,residential,false,2026840138
3098,144,444980,10375,residential,false,2030980144
3046,10,444981,10379,residential,false,2030460010
3133,22,444982,10358,,false,2031330022
2359,255,444983,10359,"public, semi-public",false,2023590255
2287,135,444984,10374,residential,false,2022870135
2294,55,444985,10359,"commercial, public, semi-public, easement",true,2022940055
2364,7,444986,10367,residential,false,2023640007
2553,48,444987,10371,,false,2025530048
2617,142,444988,10372,residential,false,2026170142
2572,75,444989,10371,,false,2025720075
2967,163,444990,10374,residential,false,2029670163
2974,137,444991,10374,residential,false,2029740137
2930,62,444992,10357,"residential, industrial",false,2029300062
2993,32,444993,10374,"residential, commercial, public",false,2029930032
2993,14,444994,10374,"residential, commercial, public",false,2029930014
2993,104,444995,10374,"residential, commercial, public",false,2029930104
2973,123,444996,10374,residential,false,2029730123
2712,120,444997,10365,residential,false,2027120120
3097,40,444998,10375,residential,false,2030970040
3143,155,444999,10376,residential,false,2031430155
2971,50,445000,10374,"residential, commercial, public",false,2029710050
2971,29,445001,10374,"residential, commercial, public",false,2029710029
2971,49,445002,10374,"residential, commercial, public",false,2029710049
2930,65,445003,10357,"residential, industrial",false,2029300065
2993,112,445004,10374,"residential, commercial, public",false,2029930112
3131,16,445005,10358,,false,2031310016
2938,31,445006,10374,residential,false,2029380031
2365,14,445007,10367,,true,2023650014
2483,1,445008,10380,"commercial, parking",false,2024830001
3134,1,445027,10358,,false,2031340001
3070,288,445009,10373,"residential, institutional, recreational",false,2030700288
2661,114,445010,10374,residential,false,2026610114
3063,148,445011,10373,"residential, institutional, recreational",false,2030630148
2756,10,445012,10363,residential,false,2027560010
2684,125,445013,10365,residential,false,2026840125
2930,39,445014,10357,"residential, industrial",false,2029300039
3131,40,445015,10358,,false,2031310040
2380,141,445016,10367,residential,false,2023800141
2993,24,445017,10374,"residential, commercial, public",false,2029930024
2272,46,445018,10374,residential,false,2022720046
2271,5,445019,10374,residential,false,2022710005
2571,31,445020,10371,,false,2025710031
2617,48,445021,10372,residential,false,2026170048
3036,58,445022,10379,residential,false,2030360058
2662,39,445023,10374,residential,false,2026620039
3063,58,445024,10373,"residential, institutional, recreational",false,2030630058
3132,17,445025,10358,,false,2031320017
2974,144,445026,10374,residential,false,2029740144
2993,15,445029,10374,"residential, commercial, public",false,2029930015
3110,94,445030,10375,residential,false,2031100094
2930,60,445031,10357,"residential, industrial",false,2029300060
3131,12,445032,10358,,false,2031310012
2972,55,445033,10374,"residential, commercial, public",false,2029720055
3096,9,445034,10375,residential,false,2030960009
2572,76,445035,10371,,false,2025720076
2382,7502,445036,10367,residential,false,2023827502
3110,32,445037,10375,residential,false,2031100032
3143,172,445038,10376,residential,false,2031430172
3142,70,445039,10376,residential,false,2031420070
2380,110,445040,10367,residential,false,2023800110
2712,132,445041,10365,residential,false,2027120132
3131,10,445042,10358,,false,2031310010
2383,11,445043,10367,community facility,false,2023830011
3110,75,445044,10375,residential,false,2031100075
3834,81,445045,10381,"commercial, industrial",false,2038340081
2637,48,445046,10372,residential,false,2026370048
2379,141,445047,10367,residential,false,2023790141
3114,9,445048,10375,residential,false,2031140009
3097,22,445049,10375,residential,false,2030970022
3133,21,445050,10358,,false,2031330021
2930,66,445051,10357,"residential, industrial",false,2029300066
2442,65,445052,10366,residential,false,2024420065
2973,66,445053,10374,residential,false,2029730066
2722,103,445054,10365,residential,false,2027220103
3058,40,445055,10362,,false,2030580040
2405,120,445056,10367,residential,false,2024050120
2930,58,445057,10357,"residential, industrial",false,2029300058
2877,232,445058,10369,residential,false,2028770232
2684,112,445059,10365,residential,false,2026840112
2684,123,445060,10365,residential,false,2026840123
2380,142,445061,10367,residential,false,2023800142
2483,158,445062,10380,"commercial, parking",false,2024830158
2652,18,445063,10374,residential,false,2026520018
3132,120,445064,10358,,false,2031320120
2269,21,445065,10374,residential,false,2022690021
2938,26,445085,10374,residential,false,2029380026
2599,61,445066,10360,industrial,false,2025990061
2599,62,445067,10360,industrial,false,2025990062
2879,33,445068,10378,residential,false,2028790033
3540,101,445069,10364,"industrial, open space",false,2035400101
2967,166,445070,10374,residential,false,2029670166
2381,1,445071,10367,open space,true,2023810001
2982,29,445072,10374,residential,false,2029820029
2977,319,445073,10374,residential,false,2029770319
2683,118,445074,10365,residential,false,2026830118
2661,38,445075,10374,residential,false,2026610038
2680,13,445076,10374,residential,false,2026800013
3114,8,445077,10375,residential,false,2031140008
2974,139,445078,10374,residential,false,2029740139
3131,42,445079,10358,,false,2031310042
2404,125,445080,10367,residential,false,2024040125
2971,25,445081,10374,"residential, commercial, public",false,2029710025
2381,7501,445082,10367,residential,false,2023817501
2972,31,445083,10374,"residential, commercial, public",false,2029720031
3096,111,445084,10375,residential,false,2030960111
3139,1,445086,10358,,false,2031390001
2967,137,445087,10374,residential,false,2029670137
3063,170,445088,10373,"residential, institutional, recreational",false,2030630170
2971,37,445089,10374,"residential, commercial, public",false,2029710037
2419,118,445090,10367,residential,false,2024190118
2712,138,445091,10365,residential,false,2027120138
2364,60,445092,10367,residential,false,2023640060
2972,27,445093,10374,"residential, commercial, public",false,2029720027
3540,29,445094,10364,"industrial, open space",false,2035400029
2661,136,445095,10374,residential,false,2026610136
3097,44,445096,10375,residential,false,2030970044
2684,107,445097,10365,residential,false,2026840107
2652,151,445098,10374,residential,false,2026520151
2646,106,445099,10372,residential,false,2026460106
2972,26,445100,10374,"residential, commercial, public",false,2029720026
2965,34,445101,10374,residential,false,2029650034
2965,261,445102,10374,residential,false,2029650261
3141,14,445103,10358,,false,2031410014
2359,140,445104,10359,"public, semi-public",false,2023590140
2973,112,445105,10374,residential,false,2029730112
2973,114,445106,10374,residential,false,2029730114
15829,35,452369,10442,"commercial, residential",false,4158290035
3142,58,445107,10376,residential,false,2031420058
2378,25,445108,10367,residential,false,2023780025
2877,189,445109,10369,residential,false,2028770189
3097,23,445110,10375,residential,false,2030970023
3132,30,445111,10358,,false,2031320030
2624,8,445112,10372,residential,false,2026240008
2972,16,445113,10374,"residential, commercial, public",false,2029720016
2712,122,445114,10365,residential,false,2027120122
3046,6,445115,10379,residential,false,2030460006
2722,121,445116,10365,residential,false,2027220121
2666,113,445117,10372,residential,false,2026660113
2661,39,445118,10374,residential,false,2026610039
2966,28,445119,10374,residential,false,2029660028
3110,71,445120,10375,residential,false,2031100071
2291,23,445121,10374,residential,false,2022910023
2930,12,445122,10357,"residential, industrial",false,2029300012
2683,110,445142,10365,residential,false,2026830110
2993,39,445123,10374,"residential, commercial, public",false,2029930039
2666,14,445124,10372,residential,false,2026660014
2443,42,445125,10366,"public, semi-public",false,2024430042
2973,78,445126,10374,residential,false,2029730078
2402,34,445127,10361,"public, semi-public",false,2024020034
3109,1,445128,10375,"public, semi-public, open space",false,2031090001
2722,104,445129,10365,residential,false,2027220104
3130,7,445130,10358,,false,2031300007
2971,19,445131,10374,"residential, commercial, public",false,2029710019
3070,301,445132,10373,"residential, institutional, recreational",false,2030700301
2384,48,445133,10367,residential,true,2023840048
2365,23,445134,10367,residential,true,2023650023
2684,135,445135,10365,residential,false,2026840135
3046,161,445136,10379,residential,false,2030460161
2993,21,445137,10374,"residential, commercial, public",false,2029930021
2282,75,445138,10374,residential,false,2022820075
2972,24,445139,10374,"residential, commercial, public",false,2029720024
2402,35,445140,10361,"public, semi-public",false,2024020035
3096,115,445141,10375,residential,false,2030960115
2384,57,445143,10367,residential,true,2023840057
2974,180,445144,10374,residential,false,2029740180
2555,104,445145,10371,,false,2025550104
2405,101,445146,10367,residential,false,2024050101
2338,3,445147,10366,residential,false,2023380003
3097,165,445148,10375,residential,false,2030970165
2972,159,445149,10374,"residential, commercial, public",false,2029720159
2366,23,445150,10367,"residential, commercial, community facility",false,2023660023
2988,5,445151,10374,residential,false,2029880005
2359,7501,445152,10359,"public, semi-public",false,2023597501
3097,166,445153,10375,residential,false,2030970166
3097,168,445154,10375,residential,false,2030970168
3111,32,445155,10375,residential,false,2031110032
2993,141,445156,10374,"residential, commercial, public",false,2029930141
2382,35,445157,10367,residential,false,2023820035
2382,34,445158,10367,residential,false,2023820034
3070,315,445159,10373,"residential, institutional, recreational",false,2030700315
2976,20,445160,10374,,false,2029760020
2359,40,445161,10359,,false,2023590040
15852,68,452370,10442,"commercial, residential",true,4158520068
2539,4,445162,10380,"commercial, parking",false,2025390004
3140,32,445163,10358,,false,2031400032
3097,159,445164,10375,residential,false,2030970159
3097,160,445165,10375,residential,false,2030970160
2972,158,445166,10374,"residential, commercial, public",false,2029720158
2367,7502,445167,10367,"residential, commercial, community facility, easement",false,2023677502
2367,1,445168,10367,"residential, commercial, community facility, easement",false,2023670001
2988,16,445169,10374,residential,false,2029880016
2988,18,445170,10374,residential,false,2029880018
2442,34,445171,10366,residential,false,2024420034
2364,18,445172,10367,residential,false,2023640018
3097,167,445173,10375,residential,false,2030970167
2993,142,445174,10374,"residential, commercial, public",false,2029930142
2420,40,445175,10370,community facility,false,2024200040
2382,135,445176,10367,residential,false,2023820135
2382,134,445177,10367,residential,false,2023820134
3070,314,445178,10373,"residential, institutional, recreational",false,2030700314
2976,7,445179,10374,,false,2029760007
2976,15,445180,10374,,false,2029760015
3097,156,445181,10375,residential,false,2030970156
3097,162,445182,10375,residential,false,2030970162
3097,164,445183,10375,residential,false,2030970164
2972,59,445184,10374,"residential, commercial, public",false,2029720059
2993,143,445185,10374,"residential, commercial, public",false,2029930143
3579,40,445186,10364,"industrial, open space",false,2035790040
3097,157,445187,10375,residential,false,2030970157
3097,161,445188,10375,residential,false,2030970161
2972,157,445189,10374,"residential, commercial, public",false,2029720157
2539,10,445190,10380,"commercial, parking",false,2025390010
2378,31,445191,10367,residential,false,2023780031
2281,55,445192,10374,residential,false,2022810055
2409,98,445193,10370,residential,false,2024090098
2366,37,445194,10367,"residential, commercial, community facility",false,2023660037
2364,19,445195,10367,residential,false,2023640019
2441,1,445196,10366,residential,false,2024410001
2366,7501,445197,10367,"residential, commercial, community facility",false,2023667501
2988,4,445198,10374,residential,false,2029880004
2988,15,445199,10374,residential,false,2029880015
2965,199,445200,10374,"residential, public, semi-public",false,2029650199
3136,101,445201,10358,,false,2031360101
2294,30,445202,10359,"public, semi-public, commercial",false,2022940030
3838,60,445203,10381,industrial,false,2038380060
3097,155,445204,10375,residential,false,2030970155
3097,163,445205,10375,residential,false,2030970163
2993,144,445206,10374,"residential, commercial, public",false,2029930144
15902,29,452371,10449,,false,4159020029
15905,103,452372,10449,,false,4159050103
15947,1,452694,10449,,true,4159470001
2366,22,445207,10367,"residential, commercial, community facility",false,2023660022
2988,17,445208,10374,residential,false,2029880017
3540,3,445209,10364,"industrial, open space",false,2035400003
2539,14,445210,10380,"commercial, parking",false,2025390014
145,22,445211,10389,commercial,false,3001450022
319,7,445212,10396,,false,3003190007
176,7501,445213,10423,"residential, commercial",false,3001767501
146,34,445214,10389,commercial,false,3001460034
164,138,445215,10423,"residential, commercial",false,3001640138
180,57,445216,10384,,false,3001800057
171,1,445217,10423,"residential, commercial",false,3001710001
146,18,445218,10389,commercial,false,3001460018
462,8,445219,10409,industrial,false,3004620008
346,21,445220,10421,industrial,false,3003460021
330,4,445221,10396,,true,3003300004
340,4,445222,10421,industrial,false,3003400004
483,1,445223,10409,industrial,false,3004830001
991,11,445224,10409,industrial,false,3009910011
357,36,445225,10396,,true,3003570036
388,34,445226,10433,industrial,false,3003880034
2107,24,445227,10389,commercial,false,3021070024
940,16,445228,10385,"residential, community facility, commercial",false,3009400016
181,23,445229,10423,"residential, commercial",false,3001810023
979,1,445230,10409,industrial,false,3009790001
2062,23,445231,10389,commercial,false,3020620023
466,19,445232,10409,industrial,false,3004660019
278,29,445233,10423,"residential, commercial",false,3002780029
278,11,445234,10423,"residential, commercial",false,3002780011
318,35,445235,10421,industrial,false,3003180035
2107,15,445236,10389,commercial,false,3021070015
319,19,445237,10396,,false,3003190019
330,8,445238,10396,,false,3003300008
1025,43,445239,10409,industrial,false,3010250043
181,30,445240,10423,"residential, commercial",false,3001810030
334,40,445241,10421,industrial,false,3003340040
771,148,445242,10405,industrial,false,3007710148
170,20,445243,10423,"residential, commercial",false,3001700020
318,37,445244,10421,industrial,false,3003180037
334,54,445245,10421,industrial,false,3003340054
164,41,445246,10423,"residential, commercial",false,3001640041
212,1,445247,10392,,false,3002120001
167,26,445248,10389,commercial,false,3001670026
146,47,445249,10389,commercial,false,3001460047
340,44,445250,10421,industrial,false,3003400044
217,1,445251,10392,,false,3002170001
2087,1,445252,10404,"residential, recreational, parking, community facility, institutional",false,3020870001
992,1,445253,10409,industrial,false,3009920001
154,39,445254,10389,commercial,false,3001540039
319,15,445255,10396,,false,3003190015
346,23,445256,10421,industrial,false,3003460023
278,31,445273,10423,"residential, commercial",false,3002780031
451,25,445257,10394,residential,false,3004510025
15931,7501,452608,10449,,false,4159317501
207,8,445258,10392,"residential, recreational, parking",false,3002070008
278,25,445259,10423,"residential, commercial",false,3002780025
340,17,445260,10421,industrial,false,3003400017
146,37,445261,10389,commercial,false,3001460037
340,6,445262,10421,industrial,false,3003400006
990,21,445263,10409,industrial,false,3009900021
181,21,445264,10423,"residential, commercial",false,3001810021
207,7502,445265,10392,"residential, recreational, parking",false,3002077502
2060,8,445266,10415,open space,false,3020600008
2106,35,445267,10389,commercial,false,3021060035
996,28,445268,10409,industrial,false,3009960028
334,4,445269,10421,industrial,false,3003340004
340,1,445270,10421,industrial,false,3003400001
771,110,445271,10405,industrial,false,3007710110
462,14,445272,10409,industrial,false,3004620014
146,50,445293,10389,commercial,false,3001460050
2061,60,445274,10404,"residential, recreational, parking, community facility, institutional",false,3020610060
314,28,445275,10421,industrial,false,3003140028
149,24,445276,10389,commercial,false,3001490024
978,32,445277,10409,industrial,false,3009780032
340,33,445278,10421,industrial,false,3003400033
318,32,445279,10421,industrial,false,3003180032
462,44,445280,10409,industrial,false,3004620044
150,6,445281,10389,commercial,false,3001500006
146,46,445282,10389,commercial,false,3001460046
181,25,445283,10423,"residential, commercial",false,3001810025
318,30,445284,10421,industrial,false,3003180030
314,36,445285,10421,industrial,false,3003140036
170,15,445286,10423,"residential, commercial",false,3001700015
146,15,445287,10389,commercial,false,3001460015
346,26,445288,10421,industrial,false,3003460026
180,59,445289,10384,,false,3001800059
336,35,445290,10396,,false,3003360035
318,1,445291,10421,industrial,false,3003180001
316,31,445292,10421,industrial,false,3003160031
150,19,445294,10389,commercial,false,3001500019
181,31,445295,10423,"residential, commercial",false,3001810031
180,56,445296,10384,,false,3001800056
316,35,445297,10421,industrial,false,3003160035
352,4,445298,10396,,false,3003520004
309,6,445299,10396,,false,3003090006
304,20,445300,10421,industrial,false,3003040020
991,68,445301,10409,industrial,false,3009910068
314,27,445302,10421,industrial,false,3003140027
346,29,445303,10421,industrial,false,3003460029
319,25,445304,10396,,false,3003190025
153,14,445305,10389,commercial,false,3001530014
153,15,445306,10389,commercial,false,3001530015
309,11,445307,10396,,false,3003090011
347,7503,445308,10396,,false,3003477503
319,26,445309,10396,,false,3003190026
483,11,445310,10409,industrial,false,3004830011
1025,49,445311,10409,industrial,false,3010250049
346,7,445312,10421,industrial,false,3003460007
330,9,445313,10396,,false,3003300009
334,58,445314,10421,industrial,false,3003340058
304,1,445315,10396,,false,3003040001
304,1,445316,10421,industrial,false,3003040001
515,300,445317,10421,industrial,false,3005150300
330,7,445318,10396,,false,3003300007
146,23,445319,10389,commercial,false,3001460023
346,9,445320,10421,industrial,false,3003460009
771,145,445321,10405,industrial,false,3007710145
388,37,445322,10433,industrial,false,3003880037
2062,24,445323,10389,commercial,false,3020620024
2048,3,445324,10415,"commercial, street",false,3020480003
304,7,445325,10421,industrial,false,3003040007
340,32,445326,10421,industrial,false,3003400032
340,7,445327,10421,industrial,false,3003400007
991,61,445328,10409,industrial,false,3009910061
346,3,445329,10421,industrial,false,3003460003
181,24,445330,10423,"residential, commercial",false,3001810024
180,58,445331,10384,,false,3001800058
180,60,445332,10384,,false,3001800060
309,3,445333,10396,,false,3003090003
462,5,445334,10409,industrial,false,3004620005
170,54,445335,10423,"residential, commercial",false,3001700054
304,3,445336,10421,industrial,false,3003040003
304,21,445337,10421,industrial,false,3003040021
358,1,445338,10396,,false,3003580001
181,19,445339,10423,"residential, commercial",false,3001810019
170,1,445340,10423,"residential, commercial",false,3001700001
334,6,445341,10421,industrial,false,3003340006
340,30,445342,10421,industrial,false,3003400030
304,22,445343,10421,industrial,false,3003040022
336,10,445344,10396,,false,3003360010
304,9,445345,10421,industrial,false,3003040009
352,5,445346,10396,,false,3003520005
979,14,445347,10409,industrial,false,3009790014
319,12,445348,10396,,false,3003190012
316,33,445349,10421,industrial,false,3003160033
316,32,445350,10421,industrial,false,3003160032
2062,18,445351,10389,commercial,false,3020620018
340,28,445352,10421,industrial,false,3003400028
1025,47,445353,10409,industrial,false,3010250047
334,65,445354,10421,industrial,false,3003340065
167,16,445355,10389,commercial,false,3001670016
132,23,445356,10415,"institutional, commercial",false,3001320023
346,25,445357,10421,industrial,false,3003460025
309,9,445358,10396,,false,3003090009
146,51,445359,10389,commercial,false,3001460051
340,8,445360,10421,industrial,false,3003400008
132,1,445361,10415,"institutional, commercial",false,3001320001
1038,33,445362,10409,industrial,false,3010380033
340,25,445363,10421,industrial,false,3003400025
480,8,445364,10409,industrial,false,3004800008
346,22,445365,10421,industrial,false,3003460022
980,77,445366,10409,industrial,false,3009800077
318,28,445367,10421,industrial,false,3003180028
278,1,445368,10423,"residential, commercial",false,3002780001
451,34,445369,10394,residential,false,3004510034
150,11,445370,10389,commercial,false,3001500011
340,23,445371,10421,industrial,false,3003400023
353,1,445372,10396,,false,3003530001
980,36,445373,10409,industrial,false,3009800036
334,14,445374,10421,industrial,false,3003340014
462,51,445375,10409,industrial,false,3004620051
334,25,445376,10421,industrial,false,3003340025
451,43,445377,10394,residential,false,3004510043
181,22,445378,10423,"residential, commercial",false,3001810022
170,53,445379,10423,"residential, commercial",false,3001700053
991,50,445380,10409,industrial,false,3009910050
996,11,445381,10409,industrial,false,3009960011
316,26,445382,10421,industrial,false,3003160026
278,22,445383,10423,"residential, commercial",false,3002780022
990,117,445384,10409,industrial,false,3009900117
2106,5,445385,10389,commercial,false,3021060005
352,8,445386,10396,,false,3003520008
144,1,445387,10389,commercial,false,3001440001
149,14,445388,10389,commercial,false,3001490014
319,29,445389,10396,,false,3003190029
149,22,445390,10389,commercial,false,3001490022
943,5,445391,10385,"residential, community facility, commercial",false,3009430005
149,50,445392,10389,commercial,false,3001490050
170,57,445393,10423,"residential, commercial",false,3001700057
334,57,445394,10421,industrial,false,3003340057
352,10,445395,10396,,false,3003520010
2048,9,445433,10415,street,false,3020480009
334,51,445396,10421,industrial,false,3003340051
466,1,445397,10409,industrial,false,3004660001
340,10,445398,10421,industrial,false,3003400010
353,2,445399,10396,,false,3003530002
462,1,445400,10409,industrial,false,3004620001
334,52,445401,10421,industrial,false,3003340052
314,38,445402,10421,industrial,false,3003140038
2062,5,445403,10389,commercial,false,3020620005
318,50,445404,10421,industrial,false,3003180050
341,62,445405,10396,,false,3003410062
940,1,445406,10385,"residential, community facility, commercial",false,3009400001
164,38,445407,10423,"residential, commercial",false,3001640038
149,30,445408,10389,commercial,false,3001490030
207,7501,445409,10392,"residential, recreational, parking",false,3002077501
347,7501,445410,10396,,false,3003477501
304,24,445411,10421,industrial,false,3003040024
771,40,445412,10405,industrial,false,3007710040
992,5,445413,10409,industrial,false,3009920005
170,60,445414,10423,"residential, commercial",false,3001700060
181,37,445415,10423,"residential, commercial",false,3001810037
146,7,445416,10389,commercial,false,3001460007
154,1,445417,10389,commercial,false,3001540001
340,51,445418,10421,industrial,false,3003400051
146,41,445419,10389,commercial,false,3001460041
340,24,445420,10421,industrial,false,3003400024
771,150,445421,10405,industrial,false,3007710150
149,26,445422,10389,commercial,false,3001490026
334,55,445423,10421,industrial,false,3003340055
943,7501,445424,10385,"residential, community facility, commercial",false,3009437501
341,53,445425,10396,,false,3003410053
164,7502,445426,10423,"residential, commercial",false,3001647502
363,9,445427,10396,,true,3003630009
1038,34,445428,10409,industrial,false,3010380034
358,2,445429,10396,,false,3003580002
278,7501,445430,10423,"residential, commercial",false,3002787501
341,7502,445431,10396,,false,3003417502
342,7501,445432,10396,,false,3003427501
2085,8900,445434,10404,"residential, recreational, parking, community facility, institutional",false,3020858900
164,34,445435,10423,"residential, commercial",false,3001640034
170,51,445436,10423,"residential, commercial",false,3001700051
149,19,445437,10389,commercial,false,3001490019
2062,6,445438,10389,commercial,false,3020620006
991,1,445439,10409,industrial,false,3009910001
991,31,445440,10409,industrial,false,3009910031
318,33,445441,10421,industrial,false,3003180033
972,1,445442,10409,industrial,false,3009720001
170,61,445443,10423,"residential, commercial",false,3001700061
278,2,445444,10423,"residential, commercial",false,3002780002
304,6,445445,10421,industrial,false,3003040006
1031,71,445446,10409,industrial,false,3010310071
334,23,445447,10421,industrial,false,3003340023
340,2,445448,10421,industrial,false,3003400002
309,10,445449,10396,,false,3003090010
211,7501,445450,10392,residential,false,3002117501
996,36,445451,10409,industrial,false,3009960036
15941,71,452609,10449,,false,4159410071
980,1,445471,10409,industrial,false,3009800001
2061,80,445452,10404,"residential, recreational, parking, community facility, institutional",false,3020610080
170,34,445453,10423,"residential, commercial",false,3001700034
388,19,445454,10433,industrial,false,3003880019
341,61,445455,10396,,false,3003410061
771,120,445456,10405,industrial,false,3007710120
340,14,445457,10421,industrial,false,3003400014
153,3,445458,10389,commercial,false,3001530003
150,10,445459,10389,commercial,false,3001500010
154,12,445460,10389,commercial,false,3001540012
2062,17,445461,10389,commercial,false,3020620017
340,40,445462,10421,industrial,false,3003400040
462,12,445463,10409,industrial,false,3004620012
334,64,445464,10421,industrial,false,3003340064
991,19,445465,10409,industrial,false,3009910019
167,13,445466,10389,commercial,false,3001670013
164,39,445467,10423,"residential, commercial",false,3001640039
991,54,445468,10409,industrial,false,3009910054
340,35,445469,10421,industrial,false,3003400035
980,84,445470,10409,industrial,false,3009800084
334,63,445472,10421,industrial,false,3003340063
340,46,445473,10421,industrial,false,3003400046
318,34,445474,10421,industrial,false,3003180034
363,10,445475,10396,,true,3003630010
304,8,445476,10421,industrial,false,3003040008
2106,4,445477,10389,commercial,false,3021060004
2062,1,445478,10389,commercial,false,3020620001
148,7,445479,10415,commercial,false,3001480007
238,35,445480,10392,"residential, open space",false,3002380035
164,35,445481,10423,"residential, commercial",false,3001640035
346,11,445482,10421,industrial,false,3003460011
132,14,445483,10415,"institutional, commercial",false,3001320014
978,23,445484,10409,industrial,false,3009780023
330,112,445485,10396,,true,3003300112
340,29,445486,10421,industrial,false,3003400029
340,5,445487,10421,industrial,false,3003400005
346,10,445488,10421,industrial,false,3003460010
334,56,445489,10421,industrial,false,3003340056
340,39,445490,10421,industrial,false,3003400039
170,48,445491,10423,"residential, commercial",false,3001700048
180,63,445492,10384,,false,3001800063
180,55,445493,10384,,false,3001800055
500,1,445494,10421,industrial,false,3005000001
340,43,445495,10421,industrial,false,3003400043
771,50,445496,10405,industrial,false,3007710050
340,16,445497,10421,industrial,false,3003400016
388,38,445498,10433,industrial,false,3003880038
991,38,445499,10409,industrial,false,3009910038
979,5,445500,10409,industrial,false,3009790005
771,140,445501,10405,industrial,false,3007710140
340,45,445502,10421,industrial,false,3003400045
991,41,445503,10409,industrial,false,3009910041
318,29,445504,10421,industrial,false,3003180029
154,37,445505,10389,commercial,false,3001540037
146,29,445506,10389,commercial,false,3001460029
2085,50,445507,10404,"residential, recreational, parking, community facility, institutional",false,3020850050
15966,66,452742,10442,residential,true,4159660066
979,18,445508,10409,industrial,false,3009790018
2061,1,445509,10389,commercial,false,3020610001
2061,1,445510,10404,"residential, recreational, parking, community facility, institutional",false,3020610001
340,22,445511,10421,industrial,false,3003400022
170,55,445512,10423,"residential, commercial",false,3001700055
170,59,445513,10423,"residential, commercial",false,3001700059
146,16,445514,10389,commercial,false,3001460016
347,11,445515,10396,,false,3003470011
334,2,445516,10421,industrial,false,3003340002
146,43,445517,10389,commercial,false,3001460043
154,5,445518,10389,commercial,false,3001540005
334,5,445519,10421,industrial,false,3003340005
388,36,445520,10433,industrial,false,3003880036
149,32,445521,10389,commercial,false,3001490032
980,75,445522,10409,industrial,false,3009800075
146,36,445523,10389,commercial,false,3001460036
334,7,445524,10421,industrial,false,3003340007
1031,62,445525,10409,industrial,false,3010310062
334,1,445526,10421,industrial,false,3003340001
2048,1,445527,10415,"commercial, street",false,3020480001
318,36,445528,10421,industrial,false,3003180036
388,41,445529,10433,industrial,false,3003880041
319,28,445530,10396,,false,3003190028
330,3,445531,10396,,false,3003300003
996,40,445532,10409,industrial,false,3009960040
278,26,445533,10423,"residential, commercial",false,3002780026
146,17,445534,10389,commercial,false,3001460017
150,1,445535,10389,commercial,false,3001500001
2107,41,445536,10389,commercial,false,3021070041
181,1,445537,10423,"residential, commercial",false,3001810001
346,1,445538,10421,industrial,false,3003460001
940,65,445539,10385,"residential, community facility, commercial",false,3009400065
170,58,445540,10423,"residential, commercial",false,3001700058
319,11,445541,10396,,false,3003190011
341,7501,445542,10396,,false,3003417501
480,1,445543,10409,industrial,false,3004800001
466,46,445544,10409,industrial,false,3004660046
2047,40,445545,10415,"commercial, institutional",false,3020470040
1007,6,445546,10409,industrial,false,3010070006
181,11,445547,10423,"residential, commercial",false,3001810011
2061,40,445548,10404,"residential, recreational, parking, community facility, institutional",false,3020610040
1025,52,445549,10409,industrial,false,3010250052
2106,9,445550,10389,commercial,false,3021060009
991,13,445551,10409,industrial,false,3009910013
991,37,445552,10409,industrial,false,3009910037
149,25,445553,10389,commercial,false,3001490025
348,2,445554,10396,,false,3003480002
149,31,445555,10389,commercial,false,3001490031
2106,26,445556,10389,commercial,false,3021060026
336,11,445557,10396,,false,3003360011
462,50,445558,10409,industrial,false,3004620050
980,19,445559,10409,industrial,false,3009800019
340,20,445560,10421,industrial,false,3003400020
319,30,445561,10396,,false,3003190030
967,24,445562,10409,,false,3009670024
149,34,445563,10389,commercial,false,3001490034
316,1,445564,10421,industrial,false,3003160001
232,1,445565,10392,,false,3002320001
340,21,445566,10421,industrial,false,3003400021
978,16,445567,10409,industrial,false,3009780016
980,107,445568,10409,industrial,false,3009800107
181,28,445569,10423,"residential, commercial",false,3001810028
2106,16,445570,10389,commercial,false,3021060016
304,5,445571,10421,industrial,false,3003040005
347,7502,445572,10396,,false,3003477502
149,33,445573,10389,commercial,false,3001490033
154,11,445574,10389,commercial,false,3001540011
154,40,445575,10389,commercial,false,3001540040
340,9,445576,10421,industrial,false,3003400009
319,23,445577,10396,,false,3003190023
314,31,445578,10421,industrial,false,3003140031
146,2,445579,10389,commercial,false,3001460002
340,48,445580,10421,industrial,false,3003400048
996,17,445581,10409,industrial,false,3009960017
363,7,445582,10396,,true,3003630007
462,6,445583,10409,industrial,false,3004620006
2062,103,445584,10389,commercial,false,3020620103
2062,19,445585,10389,commercial,false,3020620019
334,61,445586,10421,industrial,false,3003340061
458,1,445587,10409,industrial,false,3004580001
149,23,445628,10389,commercial,false,3001490023
352,7501,445588,10396,,false,3003527501
146,35,445589,10389,commercial,false,3001460035
340,38,445590,10421,industrial,false,3003400038
334,19,445591,10421,industrial,false,3003340019
147,4,445592,10415,commercial,false,3001470004
348,3,445593,10396,,false,3003480003
991,43,445594,10409,industrial,false,3009910043
319,22,445595,10396,,false,3003190022
996,32,445596,10409,industrial,false,3009960032
388,35,445597,10433,industrial,false,3003880035
978,30,445598,10409,industrial,false,3009780030
2107,40,445599,10389,commercial,false,3021070040
2106,7501,445600,10389,commercial,false,3021067501
304,4,445601,10421,industrial,false,3003040004
341,59,445602,10396,,false,3003410059
334,62,445603,10421,industrial,false,3003340062
340,31,445604,10421,industrial,false,3003400031
771,15,445605,10405,industrial,false,3007710015
480,34,445606,10409,industrial,false,3004800034
462,3,445607,10409,industrial,false,3004620003
2107,2,445629,10389,commercial,false,3021070002
340,19,445608,10421,industrial,true,3003400019
1007,20,445609,10409,industrial,false,3010070020
170,52,445610,10423,"residential, commercial",false,3001700052
330,6,445611,10396,,false,3003300006
164,40,445612,10423,"residential, commercial",false,3001640040
149,28,445613,10389,commercial,false,3001490028
334,53,445614,10421,industrial,false,3003340053
314,1,445615,10421,industrial,false,3003140001
329,38,445616,10396,,true,3003290038
466,17,445617,10409,industrial,false,3004660017
771,1,445618,10405,industrial,false,3007710001
316,34,445619,10421,industrial,false,3003160034
340,42,445620,10421,industrial,false,3003400042
278,24,445621,10423,"residential, commercial",false,3002780024
352,7,445622,10396,,false,3003520007
181,20,445623,10423,"residential, commercial",false,3001810020
462,9,445624,10409,industrial,false,3004620009
771,130,445625,10405,industrial,false,3007710130
340,26,445626,10421,industrial,false,3003400026
451,35,445627,10394,residential,false,3004510035
2106,24,445630,10389,commercial,false,3021060024
154,36,445631,10389,commercial,false,3001540036
388,1,445632,10433,industrial,false,3003880001
348,1,445633,10396,,false,3003480001
314,42,445634,10421,industrial,false,3003140042
314,40,445635,10421,industrial,false,3003140040
346,6,445636,10421,industrial,false,3003460006
2106,6,445637,10389,commercial,false,3021060006
304,7501,445638,10421,industrial,false,3003047501
164,36,445639,10423,"residential, commercial",false,3001640036
352,6,445640,10396,,false,3003520006
346,2,445641,10421,industrial,false,3003460002
154,38,445642,10389,commercial,false,3001540038
341,63,445643,10396,,false,3003410063
992,7,445644,10409,industrial,false,3009920007
146,14,445645,10389,commercial,false,3001460014
1038,1,445646,10409,industrial,false,3010380001
149,17,445647,10389,commercial,false,3001490017
1038,35,445648,10409,industrial,false,3010380035
1007,29,445649,10409,industrial,false,3010070029
991,44,445650,10409,industrial,false,3009910044
991,39,445651,10409,industrial,false,3009910039
980,8,445652,10409,industrial,false,3009800008
278,32,445653,10423,"residential, commercial",false,3002780032
319,20,445654,10396,,false,3003190020
979,23,445655,10409,industrial,false,3009790023
146,12,445656,10389,commercial,false,3001460012
149,15,445657,10389,commercial,false,3001490015
336,9,445658,10396,,false,3003360009
170,56,445659,10423,"residential, commercial",false,3001700056
146,52,445660,10389,commercial,false,3001460052
278,23,445661,10423,"residential, commercial",false,3002780023
181,39,445662,10423,"residential, commercial",false,3001810039
340,15,445663,10421,industrial,false,3003400015
980,23,445664,10409,industrial,false,3009800023
352,9,445665,10396,,false,3003520009
980,49,445666,10409,industrial,false,3009800049
304,25,445667,10421,industrial,false,3003040025
146,42,445668,10389,commercial,false,3001460042
180,52,445669,10384,,false,3001800052
1031,67,445670,10409,industrial,false,3010310067
2058,17,445671,10415,commercial,false,3020580017
340,41,445672,10421,industrial,false,3003400041
340,3,445673,10421,industrial,false,3003400003
2047,11,445674,10415,"commercial, institutional",false,3020470011
996,21,445675,10409,industrial,false,3009960021
329,39,445676,10396,,true,3003290039
2059,1,445677,10415,commercial,false,3020590001
334,59,445678,10421,industrial,false,3003340059
996,38,445679,10409,industrial,false,3009960038
466,60,445680,10409,industrial,false,3004660060
170,49,445681,10423,"residential, commercial",false,3001700049
347,4,445682,10396,,false,3003470004
2062,21,445683,10389,commercial,false,3020620021
346,5,445684,10421,industrial,false,3003460005
304,23,445685,10421,industrial,false,3003040023
146,11,445686,10389,commercial,false,3001460011
170,50,445687,10423,"residential, commercial",false,3001700050
146,48,445688,10389,commercial,false,3001460048
7048,2,445689,10398,commercial,false,3070480002
7008,8,445690,10398,residential,false,3070080008
6978,12,445691,10438,"commercial, community facility",false,3069780012
7006,64,445692,10398,residential,false,3070060064
7004,77,445693,10398,residential,false,3070040077
7008,80,445694,10398,residential,false,3070080080
6961,16,445695,10438,"commercial, community facility",false,3069610016
7012,1,445696,10398,residential,false,3070120001
7009,22,445697,10398,residential,false,3070090022
7004,39,445698,10398,residential,false,3070040039
7010,62,445699,10398,"residential, commercial",false,3070100062
7058,9,445700,10398,"residential, commercial",false,3070580009
7052,56,445701,10398,residential,false,3070520056
15953,43,452610,10442,open space,false,4159530043
6978,15,445702,10438,"commercial, community facility",false,3069780015
6997,171,445703,10397,industrial,false,3069970171
7006,54,445704,10398,residential,false,3070060054
7013,14,445705,10398,"community facility, public, semi-public",false,3070130014
7011,65,445706,10398,residential,false,3070110065
7006,34,445707,10398,residential,false,3070060034
6956,58,445708,10438,"public, semi-public, open space",false,3069560058
7006,35,445709,10398,residential,false,3070060035
7013,52,445710,10398,residential,false,3070130052
7061,9,445711,10398,commercial,false,3070610009
7060,21,445712,10398,commercial,true,3070600021
7008,42,445713,10398,residential,false,3070080042
7009,75,445714,10398,residential,false,3070090075
7060,46,445715,10398,commercial,false,3070600046
7006,49,445716,10398,residential,false,3070060049
6956,52,445717,10438,"public, semi-public, open space",false,3069560052
7013,71,445718,10398,residential,false,3070130071
7013,32,445719,10398,residential,false,3070130032
7004,44,445720,10398,residential,false,3070040044
7009,4,445721,10398,residential,false,3070090004
6978,6,445722,10438,"commercial, community facility",false,3069780006
6961,26,445723,10438,"commercial, community facility",false,3069610026
7010,16,445724,10398,residential,false,3070100016
7022,70,445725,10398,residential,false,3070220070
7018,60,445726,10398,residential,false,3070180060
7012,21,445727,10398,residential,false,3070120021
7013,25,445728,10398,residential,false,3070130025
7005,30,445729,10398,residential,false,3070050030
7022,52,445730,10398,commercial,false,3070220052
7006,47,445731,10398,residential,false,3070060047
7051,165,445732,10398,commercial,false,3070510165
6956,15,445733,10438,"public, semi-public, open space",false,3069560015
6961,19,445734,10438,"commercial, community facility",false,3069610019
6956,45,445735,10438,"public, semi-public, open space",false,3069560045
7013,50,445736,10398,residential,false,3070130050
7061,40,445737,10398,commercial,true,3070610040
7012,78,445738,10398,residential,false,3070120078
7019,56,445739,10398,residential,false,3070190056
7011,68,445740,10398,residential,false,3070110068
7013,45,445741,10398,residential,false,3070130045
7060,7,445742,10398,commercial,true,3070600007
7051,40,445743,10398,commercial,false,3070510040
7010,18,445744,10398,residential,false,3070100018
7051,143,445745,10398,commercial,false,3070510143
7008,41,445746,10398,residential,false,3070080041
7008,39,445747,10398,residential,false,3070080039
7012,6,445748,10398,residential,false,3070120006
6956,36,445749,10438,"public, semi-public, open space",false,3069560036
7021,76,445750,10398,residential,false,3070210076
7012,27,445751,10398,residential,false,3070120027
7008,79,445752,10398,residential,false,3070080079
6956,22,445753,10438,"public, semi-public, open space",false,3069560022
7051,42,445754,10398,commercial,false,3070510042
7048,1,445755,10398,commercial,false,3070480001
7006,29,445756,10398,residential,false,3070060029
7013,81,445757,10398,residential,false,3070130081
7012,34,445758,10398,"community facility, public, semi-public",false,3070120034
6961,81,445759,10438,"commercial, community facility",false,3069610081
6961,52,445760,10438,"commercial, community facility",false,3069610052
7060,27,445761,10398,commercial,true,3070600027
7008,70,445762,10398,residential,false,3070080070
7010,17,445763,10398,residential,false,3070100017
7012,15,445764,10398,residential,false,3070120015
7004,82,445765,10398,residential,false,3070040082
7013,26,445766,10398,residential,false,3070130026
7008,12,445767,10398,residential,false,3070080012
7013,22,445768,10398,residential,false,3070130022
7009,39,445769,10398,"residential, commercial",false,3070090039
6956,26,445770,10438,"public, semi-public, open space",false,3069560026
7008,66,445771,10398,residential,false,3070080066
7012,23,445772,10398,residential,false,3070120023
7006,66,445773,10398,residential,false,3070060066
6956,59,445774,10438,"public, semi-public, open space",false,3069560059
7005,63,445775,10398,residential,false,3070050063
7010,82,445776,10398,residential,false,3070100082
7005,38,445777,10398,residential,false,3070050038
6978,3,445778,10438,"commercial, community facility",false,3069780003
6961,47,445779,10438,"commercial, community facility",false,3069610047
6956,69,445780,10438,"public, semi-public, open space",false,3069560069
6961,49,445781,10438,"commercial, community facility",false,3069610049
7052,47,445782,10398,"community facility, public, semi-public",true,3070520047
6956,20,445783,10438,"public, semi-public, open space",false,3069560020
7059,26,445784,10398,residential,false,3070590026
7011,72,445785,10398,residential,false,3070110072
7013,53,445786,10398,residential,false,3070130053
7008,57,445787,10398,residential,false,3070080057
7008,32,445788,10398,residential,false,3070080032
7008,31,445789,10398,residential,false,3070080031
7010,74,445790,10398,residential,false,3070100074
7012,5,445791,10398,residential,false,3070120005
7009,27,445792,10398,residential,false,3070090027
6978,10,445793,10438,"commercial, community facility",false,3069780010
6962,109,445794,10438,"commercial, community facility",false,3069620109
7010,66,445795,10398,residential,false,3070100066
7052,34,445796,10398,residential,false,3070520034
7018,42,445797,10398,"residential, commercial",false,3070180042
6956,47,445798,10438,"public, semi-public, open space",false,3069560047
7046,1,445799,10398,residential,false,3070460001
7013,40,445800,10398,residential,false,3070130040
7009,7,445801,10398,residential,false,3070090007
7020,16,445802,10398,residential,false,3070200016
7009,28,445803,10398,residential,false,3070090028
7006,39,445804,10398,residential,false,3070060039
7012,28,445805,10398,residential,false,3070120028
6956,12,445806,10438,"public, semi-public, open space",false,3069560012
7008,38,445807,10398,residential,false,3070080038
7060,4,445808,10398,commercial,true,3070600004
7010,30,445809,10398,"residential, commercial",false,3070100030
7013,27,445810,10398,residential,false,3070130027
7010,64,445811,10398,"residential, commercial",false,3070100064
7018,62,445812,10398,residential,false,3070180062
7060,44,445813,10398,commercial,false,3070600044
6961,5,445814,10438,"commercial, community facility",false,3069610005
6961,11,445815,10438,"commercial, community facility",false,3069610011
7013,70,445816,10398,residential,false,3070130070
7005,65,445817,10398,residential,false,3070050065
6956,55,445818,10438,"public, semi-public, open space",false,3069560055
7051,145,445819,10398,commercial,false,3070510145
7010,19,445820,10398,residential,false,3070100019
7060,32,445821,10398,commercial,false,3070600032
6961,10,445822,10438,"commercial, community facility",false,3069610010
6962,6,445823,10438,"commercial, community facility",false,3069620006
7012,79,445824,10398,residential,false,3070120079
6961,83,445825,10438,"commercial, community facility",false,3069610083
7010,22,445826,10398,residential,false,3070100022
7006,51,445827,10398,residential,false,3070060051
6963,1,445828,10438,"commercial, community facility",false,3069630001
7008,30,445829,10398,residential,false,3070080030
7006,50,445830,10398,residential,false,3070060050
7012,3,445850,10398,residential,false,3070120003
6961,28,445831,10438,"commercial, community facility",false,3069610028
7013,73,445832,10398,residential,false,3070130073
7051,38,445833,10398,commercial,false,3070510038
7009,25,445834,10398,residential,false,3070090025
7005,54,445835,10398,residential,false,3070050054
6995,32,445836,10397,industrial,false,3069950032
7006,25,445837,10398,residential,false,3070060025
15962,7,452611,10442,residential,true,4159620007
6961,50,445838,10438,"commercial, community facility",false,3069610050
7013,46,445839,10398,residential,false,3070130046
7060,22,445840,10398,commercial,true,3070600022
7006,65,445841,10398,residential,false,3070060065
7005,58,445842,10398,residential,false,3070050058
6961,36,445843,10438,"commercial, community facility",false,3069610036
7051,41,445844,10398,commercial,false,3070510041
7010,37,445845,10398,"residential, commercial",false,3070100037
7004,42,445846,10398,residential,false,3070040042
7005,43,445847,10398,residential,false,3070050043
6956,13,445848,10438,"public, semi-public, open space",false,3069560013
7051,171,445849,10398,commercial,false,3070510171
7006,52,445851,10398,residential,false,3070060052
7013,43,445852,10398,residential,false,3070130043
7049,7,445853,10398,commercial,false,3070490007
6956,56,445854,10438,"public, semi-public, open space",false,3069560056
7009,6,445855,10398,residential,false,3070090006
7051,46,445856,10398,commercial,false,3070510046
7008,73,445857,10398,residential,false,3070080073
7051,140,445858,10398,commercial,false,3070510140
6962,108,445859,10438,"commercial, community facility",false,3069620108
7051,142,445860,10398,commercial,false,3070510142
7013,37,445861,10398,residential,false,3070130037
7051,439,445862,10398,commercial,false,3070510439
7013,80,445863,10398,residential,false,3070130080
7008,65,445864,10398,residential,false,3070080065
7005,61,445865,10398,residential,false,3070050061
7012,7,445866,10398,residential,false,3070120007
7018,63,445867,10398,residential,false,3070180063
7015,40,445868,10398,"community facility, public, semi-public",false,3070150040
7051,57,445869,10398,commercial,false,3070510057
7009,17,445870,10398,residential,false,3070090017
7008,4,445871,10398,residential,false,3070080004
7012,32,445872,10398,"community facility, public, semi-public",false,3070120032
7008,61,445873,10398,residential,false,3070080061
7005,44,445874,10398,residential,false,3070050044
6978,2,445875,10438,"commercial, community facility",false,3069780002
6956,23,445876,10438,"public, semi-public, open space",false,3069560023
7018,58,445877,10398,residential,false,3070180058
6961,79,445878,10438,"commercial, community facility",false,3069610079
7013,79,445879,10398,residential,false,3070130079
6961,32,445880,10438,"commercial, community facility",false,3069610032
7005,56,445881,10398,residential,false,3070050056
6956,18,445882,10438,"public, semi-public, open space",false,3069560018
7010,31,445883,10398,"residential, commercial",false,3070100031
7011,66,445884,10398,residential,false,3070110066
7004,46,445885,10398,residential,false,3070040046
7006,22,445886,10398,residential,false,3070060022
7008,76,445887,10398,residential,false,3070080076
6961,62,445888,10438,"commercial, community facility",false,3069610062
7051,141,445889,10398,commercial,false,3070510141
7004,1,445890,10398,residential,false,3070040001
7021,40,445891,10398,residential,false,3070210040
7005,64,445892,10398,residential,false,3070050064
7012,13,445893,10398,residential,false,3070120013
7006,27,445894,10398,residential,false,3070060027
7009,20,445895,10398,residential,false,3070090020
6997,187,445896,10397,industrial,false,3069970187
7013,21,445897,10398,residential,false,3070130021
7012,35,445898,10398,"community facility, public, semi-public",false,3070120035
6956,25,445899,10438,"public, semi-public, open space",false,3069560025
7012,86,445900,10398,residential,false,3070120086
6961,6,445901,10438,"commercial, community facility",false,3069610006
7008,10,445902,10398,residential,false,3070080010
6978,5,445903,10438,"commercial, community facility",false,3069780005
7005,41,445904,10398,residential,false,3070050041
6961,17,445905,10438,"commercial, community facility",false,3069610017
7005,34,445906,10398,residential,false,3070050034
6978,1,445907,10438,"commercial, community facility",false,3069780001
7013,30,445908,10398,residential,false,3070130030
6961,48,445909,10438,"commercial, community facility",false,3069610048
6962,105,445910,10438,"commercial, community facility",false,3069620105
7051,138,445931,10398,commercial,false,3070510138
7010,63,445911,10398,"residential, commercial",false,3070100063
7006,56,445912,10398,residential,false,3070060056
7005,46,445913,10398,residential,false,3070050046
6956,35,445914,10438,"public, semi-public, open space",false,3069560035
6961,63,445915,10438,"commercial, community facility",false,3069610063
7006,60,445916,10398,residential,false,3070060060
7006,58,445917,10398,residential,false,3070060058
6961,78,445918,10438,"commercial, community facility",false,3069610078
7019,31,445919,10398,residential,false,3070190031
7012,30,445920,10398,residential,false,3070120030
6961,53,445921,10438,"commercial, community facility",false,3069610053
7006,62,445922,10398,residential,false,3070060062
7011,67,445923,10398,residential,false,3070110067
6961,70,445924,10438,"commercial, community facility",false,3069610070
6956,14,445925,10438,"public, semi-public, open space",false,3069560014
7010,78,445926,10398,residential,false,3070100078
6961,8,445927,10438,"commercial, community facility",false,3069610008
7051,33,445928,10398,commercial,false,3070510033
7008,21,445929,10398,residential,false,3070080021
7008,75,445930,10398,residential,false,3070080075
6961,24,445932,10438,"commercial, community facility",false,3069610024
6956,66,445933,10438,"public, semi-public, open space",false,3069560066
7006,33,445934,10398,residential,false,3070060033
7013,28,445935,10398,residential,false,3070130028
7004,73,445936,10398,residential,false,3070040073
6961,54,445937,10438,"commercial, community facility",false,3069610054
7006,38,445938,10398,residential,false,3070060038
7060,1,445939,10398,commercial,true,3070600001
7022,19,445940,10398,residential,false,3070220019
6956,46,445941,10438,"public, semi-public, open space",false,3069560046
6961,18,445942,10438,"commercial, community facility",false,3069610018
7013,35,445943,10398,residential,false,3070130035
7005,53,445944,10398,residential,false,3070050053
6956,30,445945,10438,"public, semi-public, open space",false,3069560030
7008,28,445946,10398,residential,false,3070080028
7060,48,445947,10398,commercial,true,3070600048
7012,76,445948,10398,residential,false,3070120076
6961,15,445949,10438,"commercial, community facility",false,3069610015
6956,33,445950,10438,"public, semi-public, open space",false,3069560033
7012,74,445951,10398,residential,false,3070120074
7048,6,445952,10398,commercial,true,3070480006
7013,56,445953,10398,residential,false,3070130056
7045,31,445954,10398,residential,false,3070450031
7009,19,445955,10398,residential,false,3070090019
6961,4,445956,10438,"commercial, community facility",false,3069610004
7013,47,445957,10398,residential,false,3070130047
7012,72,445958,10398,residential,false,3070120072
7009,42,445959,10398,"residential, commercial",false,3070090042
6956,61,445960,10438,"public, semi-public, open space",false,3069560061
7010,26,445961,10398,residential,false,3070100026
7014,2,445962,10398,residential,false,3070140002
7010,28,445963,10398,residential,false,3070100028
7004,47,445964,10398,residential,false,3070040047
7009,73,445965,10398,residential,false,3070090073
7009,5,445966,10398,residential,false,3070090005
7005,59,445967,10398,residential,false,3070050059
7006,40,445968,10398,residential,false,3070060040
7011,64,445969,10398,residential,false,3070110064
7009,31,445970,10398,residential,false,3070090031
7018,7,445971,10398,"industrial, commercial",true,3070180007
7006,45,445972,10398,residential,false,3070060045
7005,36,445973,10398,residential,false,3070050036
6956,28,445974,10438,"public, semi-public, open space",false,3069560028
7023,71,445975,10398,residential,false,3070230071
7004,43,445976,10398,residential,false,3070040043
7013,49,445977,10398,residential,false,3070130049
7061,16,445978,10398,commercial,true,3070610016
6961,34,445979,10438,"commercial, community facility",false,3069610034
7051,37,445980,10398,commercial,false,3070510037
7060,5,445981,10398,commercial,true,3070600005
6961,20,445982,10438,"commercial, community facility",false,3069610020
7010,79,445983,10398,residential,false,3070100079
7008,23,445984,10398,residential,false,3070080023
7004,37,445985,10398,residential,false,3070040037
7061,14,445986,10398,commercial,false,3070610014
7012,11,445987,10398,residential,false,3070120011
6961,80,445988,10438,"commercial, community facility",false,3069610080
6978,22,445989,10438,"commercial, community facility",true,3069780022
7005,51,445990,10398,residential,false,3070050051
15962,14,452612,10442,residential,true,4159620014
6961,67,445991,10438,"commercial, community facility",false,3069610067
7013,31,446011,10398,residential,false,3070130031
6961,45,445992,10438,"commercial, community facility",false,3069610045
7006,41,445993,10398,residential,false,3070060041
7006,61,445994,10398,residential,false,3070060061
7018,30,445995,10398,"industrial, commercial",true,3070180030
7012,31,445996,10398,residential,false,3070120031
7051,139,445997,10398,commercial,false,3070510139
6961,71,445998,10438,"commercial, community facility",false,3069610071
7010,36,445999,10398,"residential, commercial",false,3070100036
6961,38,446000,10438,"commercial, community facility",false,3069610038
7013,36,446001,10398,residential,false,3070130036
7013,39,446002,10398,residential,false,3070130039
7049,51,446003,10398,commercial,false,3070490051
7013,77,446004,10398,residential,false,3070130077
7013,19,446005,10398,residential,false,3070130019
6961,29,446006,10438,"commercial, community facility",false,3069610029
7005,49,446007,10398,residential,false,3070050049
6978,17,446008,10438,"commercial, community facility",false,3069780017
6961,69,446009,10438,"commercial, community facility",false,3069610069
7010,70,446010,10398,residential,false,3070100070
7010,29,446012,10398,residential,false,3070100029
7005,45,446013,10398,residential,false,3070050045
6956,17,446014,10438,"public, semi-public, open space",false,3069560017
7007,40,446015,10398,"residential, commercial",false,3070070040
7009,18,446016,10398,residential,false,3070090018
7004,33,446017,10398,residential,false,3070040033
6962,7,446018,10438,"commercial, community facility",false,3069620007
7013,55,446019,10398,residential,false,3070130055
7008,7,446020,10398,residential,false,3070080007
7006,48,446021,10398,residential,false,3070060048
7010,23,446022,10398,residential,false,3070100023
6978,7,446023,10438,"commercial, community facility",false,3069780007
6956,21,446024,10438,"public, semi-public, open space",false,3069560021
7051,339,446025,10398,commercial,false,3070510339
7060,49,446026,10398,commercial,true,3070600049
7010,68,446027,10398,residential,false,3070100068
15926,200,452613,10449,,true,4159260200
6997,117,446028,10397,industrial,false,3069970117
7005,67,446029,10398,residential,false,3070050067
7058,8,446030,10398,"residential, commercial",false,3070580008
7060,45,446031,10398,commercial,false,3070600045
6956,62,446032,10438,"public, semi-public, open space",false,3069560062
6956,16,446033,10438,"public, semi-public, open space",false,3069560016
7009,77,446034,10398,residential,false,3070090077
7008,3,446035,10398,residential,false,3070080003
7005,55,446036,10398,residential,false,3070050055
7009,74,446037,10398,residential,false,3070090074
7010,75,446038,10398,residential,false,3070100075
7010,24,446039,10398,residential,false,3070100024
7058,13,446040,10398,residential,false,3070580013
7061,11,446041,10398,commercial,false,3070610011
6956,1,446042,10438,"public, semi-public, open space",false,3069560001
7052,14,446043,10398,residential,false,3070520014
7005,68,446044,10398,residential,false,3070050068
6978,14,446045,10438,"commercial, community facility",false,3069780014
7012,22,446046,10398,residential,false,3070120022
7006,28,446047,10398,residential,false,3070060028
7012,75,446048,10398,residential,false,3070120075
6956,54,446049,10438,"public, semi-public, open space",false,3069560054
6961,72,446050,10438,"commercial, community facility",false,3069610072
7012,80,446051,10398,residential,false,3070120080
7009,37,446052,10398,residential,false,3070090037
7010,33,446053,10398,"residential, commercial",false,3070100033
6961,73,446054,10438,"commercial, community facility",false,3069610073
7023,56,446055,10398,residential,false,3070230056
7008,1,446056,10398,residential,false,3070080001
7015,35,446057,10398,"community facility, public, semi-public",true,3070150035
6961,46,446058,10438,"commercial, community facility",false,3069610046
6956,68,446059,10438,"public, semi-public, open space",false,3069560068
7004,74,446060,10398,residential,false,3070040074
7012,83,446061,10398,residential,false,3070120083
7012,84,446062,10398,residential,false,3070120084
6961,35,446063,10438,"commercial, community facility",false,3069610035
6961,7,446064,10438,"commercial, community facility",false,3069610007
6956,34,446065,10438,"public, semi-public, open space",false,3069560034
15952,27,452743,10442,open space,false,4159520027
7006,31,446066,10398,residential,false,3070060031
7013,42,446067,10398,residential,false,3070130042
7051,144,446068,10398,commercial,false,3070510144
6956,49,446069,10438,"public, semi-public, open space",false,3069560049
7010,20,446070,10398,residential,false,3070100020
7009,33,446071,10398,residential,false,3070090033
6978,13,446072,10438,"commercial, community facility",false,3069780013
7005,40,446073,10398,residential,false,3070050040
6956,71,446074,10438,"public, semi-public, open space",false,3069560071
7060,9,446075,10398,commercial,true,3070600009
7009,3,446076,10398,residential,false,3070090003
7048,3,446077,10398,commercial,false,3070480003
7013,78,446078,10398,residential,false,3070130078
7005,52,446079,10398,residential,false,3070050052
7008,81,446080,10398,residential,false,3070080081
7006,46,446081,10398,residential,false,3070060046
6961,9,446082,10438,"commercial, community facility",false,3069610009
6962,106,446083,10438,"commercial, community facility",false,3069620106
6961,2,446084,10438,"commercial, community facility",false,3069610002
6956,48,446085,10438,"public, semi-public, open space",false,3069560048
7008,24,446086,10398,residential,false,3070080024
7013,44,446087,10398,residential,false,3070130044
7013,34,446088,10398,residential,false,3070130034
7006,57,446089,10398,residential,false,3070060057
7013,74,446109,10398,residential,false,3070130074
7018,59,446090,10398,residential,false,3070180059
7060,16,446091,10398,commercial,true,3070600016
7010,73,446092,10398,residential,false,3070100073
6978,18,446093,10438,"commercial, community facility",false,3069780018
6961,61,446094,10438,"commercial, community facility",false,3069610061
7012,9,446095,10398,residential,false,3070120009
7005,62,446096,10398,residential,false,3070050062
6979,100,446097,10438,"commercial, community facility",false,3069790100
7006,32,446098,10398,residential,false,3070060032
7007,145,446099,10398,"residential, commercial",false,3070070145
6962,8,446100,10438,"commercial, community facility",false,3069620008
7051,59,446101,10398,commercial,false,3070510059
7051,63,446102,10398,commercial,false,3070510063
6961,51,446103,10438,"commercial, community facility",false,3069610051
7008,72,446104,10398,residential,false,3070080072
7010,21,446105,10398,residential,false,3070100021
7004,31,446106,10398,residential,false,3070040031
7008,67,446107,10398,residential,false,3070080067
7008,53,446108,10398,residential,false,3070080053
7010,35,446110,10398,"residential, commercial",false,3070100035
7008,9,446111,10398,residential,false,3070080009
7061,41,446112,10398,commercial,false,3070610041
6956,24,446113,10438,"public, semi-public, open space",false,3069560024
7013,75,446114,10398,residential,false,3070130075
7050,74,446115,10398,residential,true,3070500074
7008,17,446116,10398,residential,false,3070080017
7051,35,446117,10398,commercial,false,3070510035
7004,55,446118,10398,residential,false,3070040055
7013,82,446119,10398,residential,false,3070130082
7021,18,446120,10398,residential,false,3070210018
6956,10,446121,10438,"public, semi-public, open space",false,3069560010
7009,72,446122,10398,residential,false,3070090072
7058,11,446123,10398,"residential, commercial",false,3070580011
7008,26,446124,10398,residential,false,3070080026
7012,85,446125,10398,residential,false,3070120085
15932,45,452614,10449,,false,4159320045
6961,44,446126,10438,"commercial, community facility",false,3069610044
6961,59,446127,10438,"commercial, community facility",false,3069610059
6961,64,446128,10438,"commercial, community facility",false,3069610064
7012,24,446129,10398,residential,false,3070120024
7061,21,446130,10398,commercial,false,3070610021
7006,30,446131,10398,residential,false,3070060030
7013,23,446132,10398,residential,false,3070130023
7061,45,446133,10398,commercial,false,3070610045
7013,33,446134,10398,residential,false,3070130033
6962,9,446135,10438,"commercial, community facility",false,3069620009
6961,58,446136,10438,"commercial, community facility",false,3069610058
7005,70,446137,10398,residential,false,3070050070
7006,43,446138,10398,residential,false,3070060043
7010,34,446139,10398,"residential, commercial",false,3070100034
7011,70,446140,10398,residential,false,3070110070
7004,49,446141,10398,residential,false,3070040049
7051,172,446142,10398,commercial,false,3070510172
7054,1,446143,10398,"community facility, public, semi-public",false,3070540001
6961,30,446144,10438,"commercial, community facility",false,3069610030
7004,45,446145,10398,residential,false,3070040045
7061,43,446146,10398,commercial,false,3070610043
7008,22,446147,10398,residential,false,3070080022
6978,11,446148,10438,"commercial, community facility",false,3069780011
7015,30,446149,10398,"community facility, public, semi-public",false,3070150030
6961,77,446150,10438,"commercial, community facility",false,3069610077
7006,24,446151,10398,residential,false,3070060024
7005,71,446152,10398,residential,false,3070050071
6979,200,446153,10438,"commercial, community facility",false,3069790200
7008,5,446154,10398,residential,false,3070080005
7012,82,446155,10398,residential,false,3070120082
6978,8,446156,10438,"commercial, community facility",false,3069780008
6961,21,446157,10438,"commercial, community facility",false,3069610021
7005,50,446158,10398,residential,false,3070050050
6956,65,446159,10438,"public, semi-public, open space",false,3069560065
7010,39,446160,10398,"residential, commercial",false,3070100039
7012,29,446161,10398,residential,false,3070120029
7055,2,446162,10398,"residential, commercial",false,3070550002
7010,80,446163,10398,residential,false,3070100080
7012,70,446164,10398,residential,false,3070120070
7010,60,446165,10398,"residential, commercial",false,3070100060
7011,71,446166,10398,residential,false,3070110071
7006,23,446167,10398,residential,false,3070060023
7046,22,446168,10398,residential,false,3070460022
7061,42,446169,10398,commercial,false,3070610042
7014,53,446170,10398,"residential, commercial",true,3070140053
7004,48,446171,10398,residential,false,3070040048
7060,18,446172,10398,commercial,true,3070600018
6962,1,446173,10438,"commercial, community facility",false,3069620001
6956,60,446174,10438,"public, semi-public, open space",false,3069560060
7012,20,446175,10398,residential,false,3070120020
7009,11,446176,10398,residential,false,3070090011
7022,49,446177,10398,commercial,false,3070220049
7008,69,446178,10398,residential,false,3070080069
7051,61,446179,10398,commercial,false,3070510061
6961,60,446180,10438,"commercial, community facility",false,3069610060
7009,21,446181,10398,residential,false,3070090021
7013,76,446182,10398,residential,false,3070130076
7060,47,446183,10398,commercial,false,3070600047
7008,55,446184,10398,residential,false,3070080055
7060,17,446185,10398,commercial,true,3070600017
7009,30,446186,10398,residential,false,3070090030
7051,239,446187,10398,commercial,false,3070510239
7050,1,446188,10398,commercial,false,3070500001
7060,14,446189,10398,commercial,true,3070600014
7019,67,446190,10398,residential,false,3070190067
7060,35,446191,10398,commercial,false,3070600035
7010,77,446192,10398,residential,false,3070100077
7006,63,446193,10398,residential,false,3070060063
6956,57,446194,10438,"public, semi-public, open space",false,3069560057
7051,269,446195,10398,commercial,false,3070510269
7051,168,446196,10398,commercial,false,3070510168
6962,10,446197,10438,"commercial, community facility",false,3069620010
7006,36,446198,10398,residential,false,3070060036
7005,25,446199,10398,residential,false,3070050025
7006,42,446200,10398,residential,false,3070060042
7022,14,446201,10398,residential,false,3070220014
7005,39,446202,10398,residential,false,3070050039
6978,16,446203,10438,"commercial, community facility",false,3069780016
7051,167,446204,10398,commercial,false,3070510167
7051,39,446205,10398,commercial,false,3070510039
7008,71,446206,10398,residential,false,3070080071
7004,34,446207,10398,residential,false,3070040034
6956,37,446208,10438,"public, semi-public, open space",false,3069560037
7006,44,446209,10398,residential,false,3070060044
7009,15,446210,10398,residential,false,3070090015
7015,39,446211,10398,"community facility, public, semi-public",false,3070150039
7060,50,446212,10398,commercial,true,3070600050
7013,18,446213,10398,residential,false,3070130018
7010,76,446214,10398,residential,false,3070100076
6956,27,446215,10438,"public, semi-public, open space",false,3069560027
7021,16,446216,10398,residential,true,3070210016
7060,8,446217,10398,commercial,true,3070600008
6961,1,446218,10438,"commercial, community facility",false,3069610001
7010,72,446219,10398,residential,false,3070100072
7018,26,446220,10398,"industrial, commercial",true,3070180026
7006,55,446221,10398,residential,false,3070060055
6962,4,446222,10438,"commercial, community facility",false,3069620004
6978,20,446223,10438,"commercial, community facility",false,3069780020
7004,35,446224,10398,residential,false,3070040035
7010,14,446225,10398,residential,false,3070100014
7012,14,446226,10398,residential,false,3070120014
6956,31,446227,10438,"public, semi-public, open space",false,3069560031
7060,51,446228,10398,commercial,true,3070600051
7022,39,446229,10398,residential,false,3070220039
7010,32,446230,10398,"residential, commercial",false,3070100032
7018,31,446231,10398,"industrial, commercial",true,3070180031
7006,37,446232,10398,residential,false,3070060037
6956,53,446233,10438,"public, semi-public, open space",false,3069560053
6956,64,446234,10438,"public, semi-public, open space",false,3069560064
7060,3,446235,10398,commercial,true,3070600003
7011,11,446236,10398,residential,false,3070110011
6956,29,446237,10438,"public, semi-public, open space",false,3069560029
7005,27,446238,10398,residential,false,3070050027
15965,43,452615,10442,residential,false,4159650043
7051,64,446239,10398,commercial,false,3070510064
6997,158,446240,10397,industrial,false,3069970158
7008,36,446241,10398,residential,false,3070080036
7058,10,446242,10398,"residential, commercial",false,3070580010
7005,47,446243,10398,residential,false,3070050047
7012,36,446244,10398,"community facility, public, semi-public",false,3070120036
6961,75,446245,10438,"commercial, community facility",false,3069610075
7006,26,446246,10398,residential,false,3070060026
7053,14,446247,10398,residential,false,3070530014
7010,15,446248,10398,residential,false,3070100015
7005,48,446249,10398,residential,false,3070050048
7060,147,446250,10398,commercial,false,3070600147
7014,52,446251,10398,"residential, commercial",true,3070140052
6956,51,446252,10438,"public, semi-public, open space",false,3069560051
7013,41,446253,10398,residential,false,3070130041
6961,82,446254,10438,"commercial, community facility",false,3069610082
7008,59,446255,10398,residential,false,3070080059
7008,68,446256,10398,residential,false,3070080068
7008,43,446257,10398,residential,false,3070080043
15966,19,452616,10442,residential,false,4159660019
6962,3,446258,10438,"commercial, community facility",false,3069620003
6956,11,446259,10438,"public, semi-public, open space",false,3069560011
6956,70,446260,10438,"public, semi-public, open space",false,3069560070
6961,65,446261,10438,"commercial, community facility",false,3069610065
6956,32,446262,10438,"public, semi-public, open space",false,3069560032
6962,11,446263,10438,,false,3069620011
7004,41,446264,10398,residential,false,3070040041
7008,78,446265,10398,residential,false,3070080078
6961,22,446266,10438,"commercial, community facility",false,3069610022
7060,24,446267,10398,commercial,true,3070600024
7051,65,446268,10398,commercial,false,3070510065
6978,4,446269,10438,"commercial, community facility",false,3069780004
7010,13,446270,10398,residential,false,3070100013
6956,67,446271,10438,"public, semi-public, open space",false,3069560067
7004,30,446272,10398,residential,false,3070040030
6961,27,446273,10438,"commercial, community facility",false,3069610027
7008,20,446274,10398,residential,false,3070080020
6961,3,446275,10438,"commercial, community facility",false,3069610003
7012,81,446276,10398,residential,false,3070120081
6961,37,446277,10438,"commercial, community facility",false,3069610037
7006,59,446278,10398,residential,false,3070060059
7051,170,446279,10398,commercial,false,3070510170
7012,77,446280,10398,residential,false,3070120077
7011,69,446281,10398,residential,false,3070110069
6961,40,446282,10438,"commercial, community facility",false,3069610040
7009,32,446283,10398,residential,false,3070090032
6978,9,446284,10438,"commercial, community facility",false,3069780009
7012,26,446285,10398,residential,false,3070120026
978,1,446324,10409,industrial,false,3009780001
6962,5,446286,10438,"commercial, community facility",false,3069620005
6961,39,446287,10438,"commercial, community facility",false,3069610039
7055,13,446288,10398,residential,false,3070550013
7013,29,446289,10398,residential,false,3070130029
7005,60,446290,10398,residential,false,3070050060
6956,50,446291,10438,"public, semi-public, open space",false,3069560050
7008,77,446292,10398,residential,false,3070080077
7012,71,446293,10398,residential,false,3070120071
7010,61,446294,10398,"residential, commercial",false,3070100061
7012,73,446295,10398,residential,false,3070120073
7013,72,446296,10398,residential,false,3070130072
7013,51,446297,10398,residential,false,3070130051
7010,38,446298,10398,"residential, commercial",false,3070100038
171,101,446299,10423,"residential, commercial",false,3001710101
2061,101,446300,10404,"residential, recreational, parking, community facility, institutional",false,3020610101
6979,201,446301,10438,"commercial, community facility",false,3069790201
145,26,446302,10389,commercial,false,3001450026
996,1,446303,10409,industrial,false,3009960001
7014,1,446304,10398,residential,false,3070140001
170,37,446305,10423,"residential, commercial",false,3001700037
170,38,446306,10423,"residential, commercial",false,3001700038
2061,110,446307,10404,"residential, recreational, parking, community facility, institutional",false,3020610110
145,32,446308,10389,commercial,false,3001450032
2060,7501,446309,10389,commercial,false,3020607501
170,36,446310,10423,"residential, commercial",false,3001700036
978,7,446311,10409,industrial,false,3009780007
2061,50,446312,10404,"residential, recreational, parking, community facility, institutional",false,3020610050
6963,3,446313,10438,"commercial, community facility",false,3069630003
2060,15,446314,10389,commercial,false,3020600015
2060,8900,446315,10389,commercial,false,3020608900
7045,1,446316,10398,"community facility, public, semi-public",false,3070450001
170,41,446317,10423,"residential, commercial",false,3001700041
7021,24,446318,10398,residential,false,3070210024
6979,101,446319,10438,"commercial, community facility",false,3069790101
170,35,446320,10423,"residential, commercial",false,3001700035
1549,9,446321,10432,"residential, public, semi-public",false,3015490009
2107,30,446322,10389,commercial,false,3021070030
335,7501,446323,10396,,false,3003357501
1933,1,446325,10420,institutional,false,3019330001
170,40,446326,10423,"residential, commercial",false,3001700040
1538,14,446327,10432,residential,false,3015380014
2008,31,446328,10384,,false,3020080031
1560,10,446329,10432,residential,false,3015600010
1987,18,446330,10387,residential,false,3019870018
1987,18,446331,10395,,false,3019870018
1561,9,446332,10432,residential,true,3015610009
1556,32,446333,10395,,false,3015560032
1541,15,446334,10432,open space,false,3015410015
1470,48,446335,10419,"residential, open space",false,3014700048
2006,89,446336,10384,,false,3020060089
1538,12,446337,10432,residential,false,3015380012
1531,30,446338,10432,residential,false,3015310030
1531,14,446339,10432,residential,false,3015310014
2027,18,446340,10435,,false,3020270018
1524,45,446341,10395,,false,3015240045
1524,45,446342,10432,residential,false,3015240045
1470,51,446343,10419,"residential, open space",false,3014700051
1520,49,446344,10432,residential,false,3015200049
1516,68,446345,10419,"residential, open space",false,3015160068
1516,68,446346,10432,open space,false,3015160068
1521,12,446347,10432,residential,false,3015210012
1726,134,446348,10388,"residential, community facility, recreational, open space",false,3017260134
1703,55,446349,10395,residential,false,3017030055
1533,22,446350,10432,residential,false,3015330022
2027,49,446351,10435,,false,3020270049
1524,51,446352,10395,,false,3015240051
1524,51,446353,10432,residential,false,3015240051
1471,55,446354,10419,"residential, open space",false,3014710055
1687,23,446355,10395,residential,false,3016870023
1515,72,446356,10432,"residential, community facility, recreational",false,3015150072
2009,36,446357,10384,,false,3020090036
1471,10,446358,10419,"residential, open space",false,3014710010
1357,1,446359,10399,community facility,false,3013570001
1515,60,446360,10432,"residential, community facility, recreational",false,3015150060
1695,52,446361,10395,residential,false,3016950052
1470,17,446362,10419,"residential, open space",false,3014700017
1706,162,446363,10408,residential,false,3017060162
1699,63,446364,10395,"public, semi-public",false,3016990063
1732,103,446365,10388,"residential, community facility, recreational, open space",false,3017320103
1730,137,446366,10388,"public, semi-public, open space, parking",false,3017300137
1730,102,446367,10388,"public, semi-public, open space, parking",false,3017300102
1722,41,446368,10388,"residential, commercial",false,3017220041
1731,140,446369,10388,"residential, community facility, recreational, open space",false,3017310140
1956,26,446370,10384,,false,3019560026
1526,28,446371,10432,residential,false,3015260028
1699,17,446372,10395,"public, semi-public",false,3016990017
1699,61,446373,10395,"public, semi-public",false,3016990061
2027,57,446374,10435,,false,3020270057
1525,25,446375,10432,residential,false,3015250025
1709,24,446376,10395,open space,false,3017090024
1525,56,446377,10432,residential,false,3015250056
2027,54,446378,10435,,false,3020270054
1722,171,446379,10388,"residential, commercial",false,3017220171
1705,39,446380,10395,"public, semi-public",false,3017050039
1706,44,446381,10408,residential,false,3017060044
1706,43,446382,10395,residential,false,3017060043
1706,43,446383,10408,residential,false,3017060043
1471,18,446384,10419,"residential, open space",false,3014710018
1709,5,446385,10395,open space,false,3017090005
1531,6,446386,10395,,false,3015310006
1706,50,446387,10408,residential,false,3017060050
1687,72,446388,10395,residential,false,3016870072
1687,72,446389,10408,residential,false,3016870072
1731,1,446390,10388,"residential, community facility, recreational, open space",false,3017310001
1730,169,446391,10388,"public, semi-public, open space, parking",false,3017300169
2027,44,446392,10435,,false,3020270044
1695,54,446393,10395,residential,false,3016950054
1705,41,446394,10395,"public, semi-public",false,3017050041
1706,32,446395,10395,residential,false,3017060032
1706,32,446396,10408,residential,false,3017060032
1706,24,446397,10395,residential,false,3017060024
1706,24,446398,10408,residential,false,3017060024
1519,22,446399,10432,residential,false,3015190022
1526,41,446400,10395,,false,3015260041
1526,41,446401,10419,"residential, open space",false,3015260041
1532,46,446402,10395,,false,3015320046
1532,46,446403,10432,residential,false,3015320046
1699,72,446404,10395,"public, semi-public",false,3016990072
1785,161,446405,10387,residential,false,3017850161
1532,60,446406,10395,,false,3015320060
1532,60,446407,10419,"residential, open space",false,3015320060
1245,3,446408,10399,residential,false,3012450003
1533,37,446409,10432,residential,false,3015330037
1730,128,446410,10388,"public, semi-public, open space, parking",false,3017300128
2027,13,446411,10435,,false,3020270013
1524,46,446412,10395,,false,3015240046
1524,46,446413,10432,residential,false,3015240046
1470,22,446414,10419,"residential, open space",false,3014700022
1687,40,446415,10395,residential,false,3016870040
2005,16,446416,10384,,false,3020050016
1537,29,446417,10395,,true,3015370029
1537,29,446418,10419,"residential, open space",true,3015370029
1537,29,446419,10432,residential,true,3015370029
1702,1,446420,10395,,false,3017020001
1702,1,446421,10408,"residential, public, semi-public",false,3017020001
1996,26,446422,10395,,false,3019960026
1526,45,446423,10395,,false,3015260045
1526,45,446424,10419,"residential, open space",false,3015260045
1458,1,446425,10419,"residential, open space",false,3014580001
1515,73,446426,10432,"residential, community facility, recreational",false,3015150073
1515,47,446427,10432,"residential, community facility, recreational",false,3015150047
1521,53,446428,10432,residential,false,3015210053
1549,25,446429,10432,"residential, public, semi-public",true,3015490025
1798,3,446430,10387,residential,false,3017980003
1451,12,446431,10419,"residential, open space",true,3014510012
1709,11,446432,10395,open space,false,3017090011
1695,29,446433,10395,residential,false,3016950029
1695,29,446434,10408,residential,false,3016950029
1710,50,446435,10395,industrial,false,3017100050
1710,50,446436,10408,"residential, commercial",false,3017100050
1706,40,446437,10395,residential,false,3017060040
1706,40,446438,10408,residential,false,3017060040
1706,28,446439,10395,residential,false,3017060028
1706,28,446440,10408,residential,false,3017060028
1722,178,446441,10388,"residential, commercial",false,3017220178
1730,103,446442,10388,"public, semi-public, open space, parking",false,3017300103
1549,33,446443,10432,"residential, public, semi-public",true,3015490033
1709,18,446444,10395,open space,false,3017090018
1706,5,446445,10408,residential,false,3017060005
171,201,446446,10423,"residential, commercial",false,3001710201
1532,24,446447,10432,residential,false,3015320024
1687,155,446448,10395,residential,false,3016870155
1138,119,446449,10399,community facility,false,3011380119
1363,62,446450,10399,residential,false,3013630062
1730,154,446451,10388,"public, semi-public, open space, parking",false,3017300154
1726,110,446452,10388,"residential, community facility, recreational, open space",false,3017260110
1722,160,446453,10388,"residential, commercial",false,3017220160
1516,55,446454,10419,"residential, open space",false,3015160055
1516,55,446455,10432,open space,false,3015160055
1356,113,446456,10399,residential,false,3013560113
1731,110,446457,10388,"residential, community facility, recreational, open space",false,3017310110
2005,72,446458,10384,,false,3020050072
1709,10,446459,10395,open space,true,3017090010
1709,10,446460,10408,residential,true,3017090010
1356,120,446461,10399,residential,false,3013560120
1706,142,446462,10408,residential,false,3017060142
1706,8,446463,10395,residential,false,3017060008
1706,8,446464,10408,residential,false,3017060008
2005,73,446465,10384,,false,3020050073
1357,2,446466,10399,community facility,false,3013570002
1513,19,446467,10432,"residential, community facility, recreational",false,3015130019
1356,112,446468,10399,residential,false,3013560112
1557,14,446469,10395,,false,3015570014
1557,14,446470,10432,industrial,false,3015570014
1959,22,446471,10384,,false,3019590022
1706,143,446472,10408,residential,false,3017060143
1356,119,446473,10399,residential,false,3013560119
1703,68,446474,10395,residential,false,3017030068
1356,116,446475,10399,residential,false,3013560116
1557,34,446476,10395,,true,3015570034
1557,34,446477,10432,industrial,true,3015570034
1933,102,446478,10420,institutional,false,3019330102
1933,105,446479,10420,institutional,true,3019330105
1804,10,446480,10387,residential,false,3018040010
1471,11,446481,10419,"residential, open space",true,3014710011
1471,5,446482,10419,"residential, open space",false,3014710005
1956,21,446483,10384,,false,3019560021
1703,9,446484,10395,residential,false,3017030009
1703,9,446485,10408,"public, semi-public",false,3017030009
2005,4,446486,10384,,false,3020050004
1730,116,446487,10388,"public, semi-public, open space, parking",false,3017300116
1458,114,446488,10419,"residential, open space",false,3014580114
1138,125,446489,10399,community facility,false,3011380125
1705,66,446490,10395,"public, semi-public",false,3017050066
1710,34,446491,10395,residential,false,3017100034
1703,56,446492,10395,residential,false,3017030056
1556,5,446493,10432,"residential, public, semi-public",false,3015560005
1731,102,446494,10388,"residential, community facility, recreational, open space",false,3017310102
1521,60,446495,10432,residential,false,3015210060
1558,18,446496,10395,,false,3015580018
1558,18,446497,10432,industrial,false,3015580018
1722,159,446498,10388,"residential, commercial",false,3017220159
1515,14,446499,10432,"residential, community facility, recreational",false,3015150014
1470,33,446500,10419,"residential, open space",false,3014700033
1695,22,446501,10395,residential,false,3016950022
1695,22,446502,10408,residential,false,3016950022
1722,184,446503,10388,"residential, commercial",false,3017220184
1363,68,446504,10399,residential,false,3013630068
1703,39,446505,10395,residential,false,3017030039
2002,1,446506,10384,,false,3020020001
1703,43,446507,10395,residential,false,3017030043
1524,56,446508,10395,,false,3015240056
1679,36,446509,10395,residential,false,3016790036
1471,53,446510,10419,"residential, open space",false,3014710053
1703,41,446511,10395,residential,false,3017030041
1527,3,446512,10432,residential,false,3015270003
1699,1,446513,10395,"public, semi-public",false,3016990001
1699,1,446514,10408,residential,false,3016990001
1703,57,446515,10395,residential,false,3017030057
6963,2,446516,10438,"commercial, community facility",false,3069630002
7014,3,446517,10398,residential,false,3070140003
1708,43,446518,10395,,false,3017080043
170,39,446519,10423,"residential, commercial",false,3001700039
1524,6,446520,10395,,false,3015240006
1524,6,446521,10432,residential,false,3015240006
1703,40,446522,10395,residential,false,3017030040
1706,7,446523,10408,residential,false,3017060007
1686,46,446524,10395,residential,false,3016860046
1520,57,446525,10432,residential,false,3015200057
1730,133,446526,10388,"public, semi-public, open space, parking",false,3017300133
1541,9,446527,10432,open space,false,3015410009
1703,12,446528,10395,residential,false,3017030012
1703,12,446529,10408,"public, semi-public",false,3017030012
1699,65,446530,10395,"public, semi-public",false,3016990065
1708,46,446531,10395,,false,3017080046
1709,29,446532,10395,open space,true,3017090029
1709,29,446533,10408,residential,true,3017090029
1687,65,446534,10395,residential,false,3016870065
1687,65,446535,10408,residential,false,3016870065
1687,176,446536,10408,residential,true,3016870176
1521,9,446537,10419,"residential, open space",false,3015210009
1516,51,446538,10419,"residential, open space",false,3015160051
1516,51,446539,10432,open space,false,3015160051
2027,11,446540,10435,,false,3020270011
1691,38,446541,10395,"residential, commercial",false,3016910038
1691,38,446542,10408,residential,false,3016910038
1705,68,446543,10395,"public, semi-public",false,3017050068
1706,48,446544,10408,residential,false,3017060048
1732,111,446545,10388,"residential, community facility, recreational, open space",false,3017320111
1730,147,446546,10388,"public, semi-public, open space, parking",false,3017300147
1466,45,446547,10419,"residential, open space",false,3014660045
1699,45,446548,10395,"public, semi-public",false,3016990045
1699,45,446549,10408,"residential, commercial",false,3016990045
1223,29,446572,10399,residential,false,3012230029
1710,44,446550,10395,industrial,false,3017100044
1356,57,446551,10399,residential,false,3013560057
1699,21,446552,10395,"public, semi-public",false,3016990021
1537,27,446553,10395,,false,3015370027
1537,27,446554,10419,"residential, open space",false,3015370027
1689,1,446555,10395,open space,false,3016890001
1689,1,446556,10408,open space,false,3016890001
1695,8,446557,10395,residential,false,3016950008
1695,8,446558,10408,residential,false,3016950008
1703,8,446559,10395,residential,false,3017030008
1703,8,446560,10408,"public, semi-public",false,3017030008
1556,31,446561,10395,,false,3015560031
1859,10,446562,10395,residential,false,3018590010
1859,10,446563,10408,residential,false,3018590010
1138,130,446564,10399,community facility,false,3011380130
1541,10,446565,10432,open space,false,3015410010
1541,13,446566,10432,open space,false,3015410013
1521,39,446567,10432,residential,false,3015210039
1549,5,446568,10432,"residential, public, semi-public",true,3015490005
1996,25,446569,10395,,true,3019960025
1526,43,446570,10395,,false,3015260043
1526,43,446571,10419,"residential, open space",false,3015260043
1470,52,446573,10419,"residential, open space",false,3014700052
1687,76,446574,10395,residential,true,3016870076
1687,76,446575,10408,residential,true,3016870076
1687,73,446576,10395,residential,true,3016870073
1687,73,446577,10408,residential,true,3016870073
1471,59,446578,10419,"residential, open space",false,3014710059
1532,14,446579,10395,,false,3015320014
1532,14,446580,10419,"residential, open space",false,3015320014
1356,125,446581,10399,community facility,false,3013560125
1957,37,446582,10384,,false,3019570037
1957,36,446583,10384,,false,3019570036
1549,30,446584,10432,"residential, public, semi-public",true,3015490030
1686,48,446585,10395,residential,true,3016860048
1686,48,446586,10408,residential,true,3016860048
1731,104,446587,10388,"residential, community facility, recreational, open space",false,3017310104
1722,188,446588,10388,"residential, commercial",false,3017220188
1687,140,446589,10395,residential,false,3016870140
1471,61,446590,10419,"residential, open space",false,3014710061
1687,19,446591,10395,residential,false,3016870019
1691,31,446592,10395,"residential, commercial",false,3016910031
1691,31,446593,10408,residential,false,3016910031
1699,4,446594,10395,"public, semi-public",false,3016990004
1730,111,446595,10388,"public, semi-public, open space, parking",false,3017300111
1356,115,446596,10399,residential,false,3013560115
1538,46,446597,10395,,false,3015380046
1538,46,446598,10419,"residential, open space",false,3015380046
2008,55,446599,10384,,false,3020080055
1730,1,446600,10388,"residential, community facility, recreational, open space",false,3017300001
1975,4,446601,10384,,false,3019750004
1548,32,446602,10432,"residential, public, semi-public",false,3015480032
1699,35,446603,10395,"public, semi-public",true,3016990035
1699,35,446604,10408,"residential, commercial",true,3016990035
1513,8,446605,10432,"residential, community facility, recreational",false,3015130008
2027,42,446606,10435,,false,3020270042
2027,21,446607,10435,,false,3020270021
1921,64,446608,10420,institutional,false,3019210064
1524,48,446609,10395,,false,3015240048
1524,48,446610,10432,residential,false,3015240048
1549,26,446611,10432,"residential, public, semi-public",false,3015490026
1922,1,446612,10420,institutional,false,3019220001
2027,51,446613,10435,,false,3020270051
2004,30,446614,10384,,false,3020040030
2005,15,446615,10384,,false,3020050015
1798,4,446616,10387,residential,false,3017980004
1557,10,446617,10395,,false,3015570010
1356,118,446618,10399,residential,false,3013560118
1956,5,446619,10384,,false,3019560005
1699,58,446620,10395,"public, semi-public",false,3016990058
1508,54,446621,10432,"residential, community facility, recreational",false,3015080054
1703,67,446622,10395,residential,false,3017030067
1859,34,446623,10395,residential,false,3018590034
1470,73,446624,10419,"residential, open space",false,3014700073
1466,44,446625,10419,"residential, open space",false,3014660044
2007,1,446626,10384,,false,3020070001
2005,12,446627,10384,,false,3020050012
1519,57,446628,10432,residential,false,3015190057
1519,65,446629,10432,residential,false,3015190065
2027,53,446630,10435,,false,3020270053
1996,27,446631,10395,,false,3019960027
1695,27,446651,10395,residential,false,3016950027
2027,41,446632,10435,,false,3020270041
15966,65,452617,10442,residential,false,4159660065
1687,55,446633,10395,residential,false,3016870055
1470,8,446634,10419,"residential, open space",false,3014700008
1470,18,446635,10419,"residential, open space",false,3014700018
1730,112,446636,10388,"public, semi-public, open space, parking",false,3017300112
1859,1,446637,10395,residential,false,3018590001
1859,1,446638,10408,residential,false,3018590001
1520,75,446639,10432,residential,false,3015200075
1558,28,446640,10395,,false,3015580028
1730,135,446641,10388,"public, semi-public, open space, parking",false,3017300135
1525,36,446642,10432,residential,false,3015250036
1955,1,446643,10384,,false,3019550001
1549,32,446644,10432,"residential, public, semi-public",true,3015490032
1526,1,446645,10432,residential,false,3015260001
1709,20,446646,10395,open space,false,3017090020
1731,106,446647,10388,"residential, community facility, recreational, open space",false,3017310106
1527,1,446648,10432,residential,false,3015270001
1703,53,446649,10395,residential,false,3017030053
1703,53,446650,10408,"public, semi-public",false,3017030053
2027,17,446652,10435,,false,3020270017
2006,1,446653,10384,,false,3020060001
2027,56,446654,10435,,false,3020270056
1531,52,446655,10432,residential,false,3015310052
1920,1,446656,10420,institutional,false,3019200001
1919,1,446657,10420,institutional,false,3019190001
1515,3,446658,10432,"residential, community facility, recreational",false,3015150003
1549,35,446659,10432,"residential, public, semi-public",true,3015490035
1470,37,446660,10419,"residential, open space",false,3014700037
1466,42,446661,10419,"residential, open space",false,3014660042
1460,1,446662,10419,"residential, open space",false,3014600001
1470,55,446663,10419,"residential, open space",false,3014700055
1520,6,446664,10432,residential,false,3015200006
1537,26,446665,10395,,false,3015370026
1537,26,446666,10419,"residential, open space",false,3015370026
1537,25,446667,10395,,false,3015370025
1537,25,446668,10419,"residential, open space",false,3015370025
2005,74,446669,10384,,false,3020050074
1802,44,446670,10387,residential,false,3018020044
1699,23,446671,10395,"public, semi-public",false,3016990023
1990,18,446672,10395,,false,3019900018
1470,160,446673,10419,"residential, open space",false,3014700160
2008,30,446674,10384,,false,3020080030
2005,10,446675,10384,,false,3020050010
1549,18,446676,10432,"residential, public, semi-public",true,3015490018
1470,41,446677,10419,"residential, open space",false,3014700041
1695,58,446678,10395,residential,false,3016950058
1798,20,446679,10387,residential,false,3017980020
1679,37,446680,10395,residential,false,3016790037
1730,171,446681,10388,"public, semi-public, open space, parking",false,3017300171
1356,26,446682,10399,community facility,false,3013560026
1514,41,446683,10432,"residential, community facility, recreational",false,3015140041
1470,50,446684,10419,"residential, open space",false,3014700050
1524,59,446685,10395,,false,3015240059
1524,59,446686,10432,residential,false,3015240059
1514,3,446687,10432,"residential, community facility, recreational",false,3015140003
1695,31,446688,10395,residential,false,3016950031
1779,1,446689,10387,residential,false,3017790001
1548,128,446690,10432,"residential, public, semi-public",true,3015480128
1549,31,446691,10432,"residential, public, semi-public",true,3015490031
1557,31,446692,10395,,true,3015570031
1557,31,446693,10432,industrial,true,3015570031
2027,52,446694,10435,,false,3020270052
1905,100,446695,10420,institutional,false,3019050100
1699,38,446696,10395,"public, semi-public",false,3016990038
1695,40,446697,10395,residential,false,3016950040
1695,40,446698,10408,residential,false,3016950040
1722,173,446699,10388,"residential, commercial",false,3017220173
1471,24,446700,10419,"residential, open space",false,3014710024
1706,11,446701,10395,residential,false,3017060011
1706,11,446702,10408,residential,false,3017060011
1705,37,446703,10395,"public, semi-public",false,3017050037
1706,4,446704,10408,residential,false,3017060004
1363,150,446705,10399,residential,true,3013630150
1799,44,446706,10387,residential,false,3017990044
1526,9,446707,10395,,false,3015260009
1526,9,446708,10419,"residential, open space",false,3015260009
1526,9,446709,10432,residential,false,3015260009
1548,28,446710,10432,"residential, public, semi-public",true,3015480028
2027,55,446711,10435,,false,3020270055
2027,43,446712,10435,,false,3020270043
1470,38,446713,10419,"residential, open space",false,3014700038
1524,29,446714,10432,residential,false,3015240029
1708,49,446715,10395,,false,3017080049
1732,101,446716,10388,"residential, community facility, recreational, open space",false,3017320101
1556,25,446717,10395,,false,3015560025
1956,12,446718,10384,,false,3019560012
1557,36,446719,10395,,true,3015570036
1557,36,446720,10432,industrial,true,3015570036
1905,19,446721,10420,institutional,false,3019050019
1699,27,446722,10395,"public, semi-public",false,3016990027
1699,27,446723,10408,"residential, commercial",false,3016990027
1470,49,446724,10419,"residential, open space",false,3014700049
1470,25,446725,10419,"residential, open space",false,3014700025
2019,148,446726,10387,residential,false,3020190148
1521,160,446727,10432,residential,false,3015210160
1557,37,446728,10395,,true,3015570037
1557,37,446729,10432,industrial,true,3015570037
1798,77,446730,10387,residential,false,3017980077
1537,32,446731,10395,,true,3015370032
1537,32,446732,10419,"residential, open space",true,3015370032
1223,23,446754,10399,residential,false,3012230023
1537,32,446733,10432,residential,true,3015370032
1537,8,446734,10432,residential,false,3015370008
1548,29,446735,10432,"residential, public, semi-public",true,3015480029
1687,41,446736,10395,residential,false,3016870041
1695,41,446737,10408,residential,false,3016950041
1538,7,446738,10432,residential,false,3015380007
1541,16,446739,10432,open space,false,3015410016
1706,58,446740,10408,residential,false,3017060058
1699,30,446741,10395,"public, semi-public",false,3016990030
1990,17,446742,10395,,false,3019900017
2027,14,446743,10435,,false,3020270014
1706,13,446744,10408,residential,false,3017060013
1524,57,446745,10395,,false,3015240057
1138,132,446746,10399,community facility,false,3011380132
1537,1,446747,10432,residential,false,3015370001
1710,35,446748,10395,residential,false,3017100035
1695,42,446749,10395,residential,false,3016950042
1699,74,446750,10395,"public, semi-public",false,3016990074
1699,74,446751,10408,residential,false,3016990074
1706,23,446752,10395,residential,false,3017060023
1706,23,446753,10408,residential,false,3017060023
1548,26,446755,10432,"residential, public, semi-public",true,3015480026
1706,41,446756,10395,residential,false,3017060041
1706,41,446757,10408,residential,false,3017060041
1933,70,446758,10420,institutional,false,3019330070
1470,39,446759,10419,"residential, open space",false,3014700039
1706,60,446760,10408,residential,false,3017060060
1868,28,446761,10387,residential,false,3018680028
1703,13,446762,10395,residential,false,3017030013
1703,13,446763,10408,"public, semi-public",false,3017030013
1549,29,446764,10432,"residential, public, semi-public",true,3015490029
1471,15,446765,10419,"residential, open space",false,3014710015
1470,20,446766,10419,"residential, open space",false,3014700020
1470,58,446767,10419,"residential, open space",false,3014700058
1687,174,446768,10408,residential,true,3016870174
1138,126,446769,10399,community facility,false,3011380126
1556,34,446770,10395,,true,3015560034
1703,10,446771,10395,residential,false,3017030010
1703,10,446772,10408,"public, semi-public",false,3017030010
1975,3,446773,10384,,false,3019750003
1731,103,446774,10388,"residential, community facility, recreational, open space",false,3017310103
1556,37,446775,10395,,false,3015560037
1470,1,446776,10419,"residential, open space",false,3014700001
1470,53,446777,10419,"residential, open space",false,3014700053
1726,120,446778,10388,"residential, community facility, recreational, open space",false,3017260120
1699,68,446779,10395,"public, semi-public",false,3016990068
1695,34,446780,10395,residential,false,3016950034
1708,70,446781,10395,,false,3017080070
1708,70,446782,10408,"residential, open space",false,3017080070
1516,67,446783,10419,"residential, open space",false,3015160067
1516,67,446784,10432,open space,false,3015160067
2008,56,446785,10384,,false,3020080056
1706,47,446786,10408,residential,false,3017060047
1695,32,446787,10395,residential,false,3016950032
1695,32,446788,10408,residential,false,3016950032
1802,42,446789,10387,residential,false,3018020042
1778,49,446790,10387,residential,false,3017780049
1708,72,446791,10395,,false,3017080072
1708,72,446792,10408,"residential, open space",false,3017080072
1706,45,446793,10395,residential,false,3017060045
1706,45,446794,10408,residential,false,3017060045
1524,44,446795,10395,,false,3015240044
1525,19,446796,10432,residential,false,3015250019
1238,41,446797,10399,residential,false,3012380041
1722,186,446798,10388,"residential, commercial",false,3017220186
1541,5,446799,10432,open space,false,3015410005
1524,52,446800,10395,,false,3015240052
1524,52,446801,10432,residential,false,3015240052
2005,9,446802,10384,,false,3020050009
1245,2,446803,10399,residential,false,3012450002
1730,152,446804,10388,"public, semi-public, open space, parking",false,3017300152
1684,1,446805,10395,residential,false,3016840001
15897,36,452373,10449,,false,4158970036
15902,10,452374,10449,,false,4159020010
1684,1,446806,10408,"residential, easement",false,3016840001
1527,117,446807,10432,residential,false,3015270117
1560,30,446808,10432,residential,false,3015600030
1687,54,446809,10395,residential,false,3016870054
2005,82,446810,10384,,false,3020050082
1703,33,446811,10395,residential,false,3017030033
1703,33,446812,10408,"public, semi-public",false,3017030033
1706,6,446813,10395,residential,false,3017060006
1706,6,446814,10408,residential,false,3017060006
1516,47,446815,10432,residential,false,3015160047
1788,67,446816,10387,residential,false,3017880067
1471,22,446817,10419,"residential, open space",false,3014710022
1956,9,446818,10384,,false,3019560009
1956,4,446819,10384,,false,3019560004
1558,19,446820,10395,,false,3015580019
1697,1,446821,10395,residential,false,3016970001
1687,70,446822,10408,residential,false,3016870070
1695,26,446823,10395,residential,false,3016950026
1695,26,446824,10408,residential,false,3016950026
1699,22,446825,10395,"public, semi-public",false,3016990022
1706,9,446826,10395,residential,false,3017060009
1706,9,446827,10408,residential,false,3017060009
1706,37,446828,10395,residential,false,3017060037
1706,37,446829,10408,residential,false,3017060037
1703,54,446830,10395,residential,false,3017030054
1703,54,446831,10408,"public, semi-public",false,3017030054
2004,32,446832,10384,,false,3020040032
1524,54,446833,10395,,false,3015240054
1524,54,446834,10432,residential,false,3015240054
1956,14,446835,10384,,false,3019560014
1515,16,446836,10432,"residential, community facility, recreational",false,3015150016
1548,1,446837,10432,"residential, public, semi-public",false,3015480001
1859,36,446838,10395,residential,false,3018590036
1973,41,446839,10387,residential,false,3019730041
1973,41,446840,10395,,false,3019730041
1471,57,446841,10419,"residential, open space",false,3014710057
2008,16,446842,10384,,false,3020080016
1703,3,446843,10395,residential,false,3017030003
1703,52,446844,10408,"public, semi-public",false,3017030052
2027,50,446845,10435,,false,3020270050
1526,33,446846,10432,residential,false,3015260033
1519,51,446866,10432,residential,false,3015190051
1956,8,446847,10384,,false,3019560008
2027,39,446848,10435,,false,3020270039
1538,10,446849,10432,residential,false,3015380010
1905,120,446850,10420,institutional,false,3019050120
1730,129,446851,10388,"public, semi-public, open space, parking",false,3017300129
1709,17,446852,10395,open space,false,3017090017
1709,17,446853,10408,residential,false,3017090017
1798,5,446854,10387,residential,false,3017980005
1515,75,446855,10432,"residential, community facility, recreational",false,3015150075
1519,14,446856,10432,residential,false,3015190014
1515,13,446857,10432,"residential, community facility, recreational",false,3015150013
1533,54,446858,10432,residential,false,3015330054
1363,31,446859,10399,residential,true,3013630031
1518,38,446860,10432,residential,false,3015180038
1519,36,446861,10432,residential,false,3015190036
1516,2,446862,10419,"residential, open space",false,3015160002
1516,2,446863,10432,open space,false,3015160002
1527,35,446864,10432,residential,false,3015270035
2008,53,446865,10384,,false,3020080053
1521,73,446867,10432,residential,false,3015210073
1779,24,446868,10387,residential,true,3017790024
1519,29,446869,10432,residential,false,3015190029
1516,49,446870,10419,"residential, open space",false,3015160049
1516,49,446871,10432,open space,false,3015160049
1519,30,446872,10432,residential,false,3015190030
1730,120,446873,10388,"public, semi-public, open space, parking",false,3017300120
1708,35,446874,10408,residential,false,3017080035
1722,175,446875,10388,"residential, commercial",false,3017220175
1691,68,446876,10408,open space,false,3016910068
1709,30,446877,10395,open space,false,3017090030
1709,30,446878,10408,residential,false,3017090030
1710,9,446879,10408,residential,false,3017100009
1556,29,446880,10395,,false,3015560029
1356,23,446881,10399,community facility,false,3013560023
1356,28,446882,10399,community facility,false,3013560028
1686,50,446883,10395,residential,false,3016860050
1686,37,446884,10395,residential,false,3016860037
1956,22,446885,10384,,false,3019560022
1765,22,446886,10387,residential,false,3017650022
1722,170,446887,10388,"residential, commercial",false,3017220170
1731,109,446888,10388,"residential, community facility, recreational, open space",false,3017310109
1730,170,446889,10388,"public, semi-public, open space, parking",false,3017300170
1687,170,446890,10395,residential,true,3016870170
1687,170,446891,10408,residential,true,3016870170
1695,10,446892,10395,residential,false,3016950010
1706,46,446893,10395,residential,false,3017060046
1706,46,446894,10408,residential,false,3017060046
1802,51,446895,10387,residential,false,3018020051
1710,37,446896,10395,residential,false,3017100037
15903,19,452375,10449,,false,4159030019
1726,114,446897,10388,"residential, community facility, recreational, open space",false,3017260114
1809,62,446898,10387,residential,false,3018090062
1691,37,446899,10395,"residential, commercial",false,3016910037
1691,37,446900,10408,residential,false,3016910037
1708,64,446901,10395,,false,3017080064
1708,64,446902,10408,"residential, open space",false,3017080064
1709,25,446903,10395,open space,false,3017090025
1731,101,446904,10388,"residential, community facility, recreational, open space",false,3017310101
2008,45,446905,10384,,false,3020080045
1785,20,446906,10387,residential,false,3017850020
1708,47,446907,10395,,false,3017080047
1730,138,446908,10388,"public, semi-public, open space, parking",false,3017300138
1730,165,446909,10388,"public, semi-public, open space, parking",false,3017300165
1710,47,446910,10395,industrial,false,3017100047
1710,47,446911,10408,"residential, commercial",false,3017100047
1730,117,446912,10388,"public, semi-public, open space, parking",false,3017300117
1726,112,446913,10388,"residential, community facility, recreational, open space",false,3017260112
1730,172,446914,10388,"public, semi-public, open space, parking",false,3017300172
1699,3,446915,10395,"public, semi-public",false,3016990003
1703,7,446916,10395,residential,false,3017030007
1722,155,446917,10388,"residential, commercial",false,3017220155
1703,11,446918,10395,residential,false,3017030011
1703,11,446919,10408,"public, semi-public",false,3017030011
1706,42,446920,10395,residential,false,3017060042
1706,42,446921,10408,residential,false,3017060042
1706,14,446922,10395,residential,false,3017060014
1706,14,446923,10408,residential,false,3017060014
1726,121,446924,10388,"residential, community facility, recreational, open space",false,3017260121
2008,13,446925,10384,,false,3020080013
1731,105,446926,10388,"residential, community facility, recreational, open space",false,3017310105
1905,80,446927,10420,institutional,false,3019050080
1699,76,446928,10395,"public, semi-public",false,3016990076
1703,4,446929,10395,residential,false,3017030004
1706,26,446930,10395,residential,false,3017060026
1706,26,446931,10408,residential,false,3017060026
1794,11,446932,10387,residential,false,3017940011
1557,2,446933,10395,,false,3015570002
1557,12,446934,10395,,false,3015570012
1558,25,446935,10395,,false,3015580025
1558,25,446936,10432,open space,false,3015580025
1541,11,446937,10432,open space,false,3015410011
2019,40,446938,10387,residential,false,3020190040
1557,28,446939,10395,,true,3015570028
1557,28,446940,10432,industrial,true,3015570028
1549,11,446941,10432,"residential, public, semi-public",false,3015490011
1556,38,446942,10395,,false,3015560038
1956,24,446943,10384,,false,3019560024
1538,15,446944,10432,residential,false,3015380015
1699,43,446945,10395,"public, semi-public",false,3016990043
1699,43,446946,10408,"residential, commercial",false,3016990043
1556,36,446947,10395,,false,3015560036
2006,169,446948,10384,,false,3020060169
1527,7,446949,10432,residential,false,3015270007
1549,4,446950,10432,"residential, public, semi-public",true,3015490004
1533,19,446951,10432,residential,false,3015330019
1527,24,446952,10432,residential,false,3015270024
1538,114,446953,10432,residential,false,3015380114
1238,36,446954,10399,residential,false,3012380036
1537,23,446955,10395,,false,3015370023
1537,23,446956,10419,"residential, open space",false,3015370023
1356,29,446957,10399,community facility,false,3013560029
1549,10,446958,10432,"residential, public, semi-public",false,3015490010
1549,8,446959,10432,"residential, public, semi-public",false,3015490008
1549,24,446960,10432,"residential, public, semi-public",true,3015490024
1533,12,446961,10432,residential,false,3015330012
1533,49,446962,10432,residential,false,3015330049
1466,43,446984,10419,"residential, open space",false,3014660043
2005,7,446963,10384,,false,3020050007
1557,9,446964,10395,,false,3015570009
1557,13,446965,10395,,false,3015570013
1516,50,446966,10419,"residential, open space",false,3015160050
1516,50,446967,10432,open space,false,3015160050
1223,27,446968,10399,residential,false,3012230027
2005,79,446969,10384,,false,3020050079
1514,19,446970,10432,"residential, community facility, recreational",false,3015140019
1516,66,446971,10419,"residential, open space",false,3015160066
1516,66,446972,10432,open space,false,3015160066
1921,1,446973,10420,institutional,false,3019210001
1526,46,446974,10395,,false,3015260046
1526,46,446975,10419,"residential, open space",false,3015260046
1526,46,446976,10432,residential,false,3015260046
1527,40,446977,10432,residential,false,3015270040
1556,35,446978,10395,,true,3015560035
1538,58,446979,10432,residential,false,3015380058
1515,59,446980,10432,"residential, community facility, recreational",false,3015150059
1533,18,446981,10432,residential,false,3015330018
2119,1,446982,10384,,false,3021190001
1778,47,446983,10387,residential,false,3017780047
1471,9,446985,10419,"residential, open space",false,3014710009
1557,32,446986,10395,,false,3015570032
1557,32,446987,10432,industrial,false,3015570032
2006,97,446988,10384,,false,3020060097
1532,58,446989,10395,,false,3015320058
1532,58,446990,10419,"residential, open space",false,3015320058
1779,22,446991,10387,residential,true,3017790022
1779,26,446992,10387,residential,true,3017790026
1470,148,446993,10419,"residential, open space",true,3014700148
1556,7,446994,10432,"residential, public, semi-public",true,3015560007
1516,70,446995,10419,"residential, open space",false,3015160070
1516,70,446996,10432,open space,false,3015160070
1467,35,446997,10419,"residential, open space",true,3014670035
1515,10,446998,10432,"residential, community facility, recreational",false,3015150010
1527,34,446999,10432,residential,false,3015270034
1527,36,447000,10432,residential,false,3015270036
1532,45,447001,10395,,false,3015320045
1956,27,447002,10384,,false,3019560027
1471,19,447003,10419,"residential, open space",false,3014710019
1996,24,447004,10395,,false,3019960024
1516,53,447024,10432,open space,false,3015160053
1471,8,447005,10419,"residential, open space",false,3014710008
1471,23,447006,10419,"residential, open space",false,3014710023
1519,63,447007,10432,residential,true,3015190063
1520,69,447008,10432,residential,false,3015200069
1990,14,447009,10395,,false,3019900014
2027,46,447010,10435,,false,3020270046
1730,115,447011,10388,"public, semi-public, open space, parking",false,3017300115
1138,121,447012,10399,community facility,false,3011380121
1525,5,447013,10432,residential,false,3015250005
15905,128,452376,10449,,false,4159050128
1730,168,447014,10388,"public, semi-public, open space, parking",false,3017300168
1508,8,447015,10432,"residential, community facility, recreational",false,3015080008
2027,45,447016,10435,,false,3020270045
1731,139,447017,10388,"residential, community facility, recreational, open space",false,3017310139
1726,131,447018,10388,"residential, community facility, recreational, open space",false,3017260131
1471,7,447019,10419,"residential, open space",false,3014710007
1859,29,447020,10395,residential,false,3018590029
1726,132,447021,10388,"residential, community facility, recreational, open space",false,3017260132
2005,71,447022,10384,,false,3020050071
1516,53,447023,10419,"residential, open space",false,3015160053
1706,29,447025,10395,residential,false,3017060029
1706,29,447026,10408,residential,false,3017060029
1710,38,447027,10395,residential,false,3017100038
1470,19,447028,10419,"residential, open space",false,3014700019
1470,3,447029,10419,"residential, open space",false,3014700003
1859,14,447030,10395,residential,false,3018590014
1859,14,447031,10408,residential,false,3018590014
1695,55,447032,10395,residential,false,3016950055
1732,134,447033,10388,"residential, community facility, recreational, open space",false,3017320134
1466,47,447034,10419,"residential, open space",false,3014660047
1730,136,447035,10388,"public, semi-public, open space, parking",false,3017300136
1730,155,447036,10388,"public, semi-public, open space, parking",false,3017300155
1730,127,447037,10388,"public, semi-public, open space, parking",false,3017300127
1730,121,447038,10388,"public, semi-public, open space, parking",false,3017300121
1730,119,447039,10388,"public, semi-public, open space, parking",false,3017300119
1695,21,447040,10395,residential,false,3016950021
1695,21,447041,10408,residential,false,3016950021
1703,2,447042,10395,residential,false,3017030002
1703,2,447043,10408,open space,false,3017030002
1703,50,447044,10408,"public, semi-public",false,3017030050
1699,33,447045,10395,"public, semi-public",false,3016990033
1703,58,447046,10395,residential,false,3017030058
1767,68,447047,10387,residential,false,3017670068
1687,47,447048,10395,residential,true,3016870047
1687,47,447049,10408,residential,true,3016870047
1699,19,447050,10395,"public, semi-public",false,3016990019
1699,19,447051,10408,"residential, commercial",false,3016990019
1695,51,447052,10395,residential,false,3016950051
1730,151,447053,10388,"public, semi-public, open space, parking",false,3017300151
1722,164,447054,10388,"residential, commercial",false,3017220164
1687,22,447055,10395,residential,false,3016870022
1726,108,447056,10388,"residential, community facility, recreational, open space",false,3017260108
1533,44,447057,10432,residential,false,3015330044
1527,37,447058,10432,residential,false,3015270037
1519,34,447059,10432,residential,false,3015190034
1933,150,447060,10420,institutional,false,3019330150
1933,60,447061,10420,institutional,false,3019330060
1695,33,447062,10408,residential,false,3016950033
2009,35,447063,10384,,false,3020090035
1706,56,447080,10408,residential,false,3017060056
1958,8,447064,10384,,false,3019580008
1933,100,447065,10420,institutional,false,3019330100
1706,52,447066,10408,residential,false,3017060052
1699,36,447067,10395,"public, semi-public",false,3016990036
1709,4,447068,10395,open space,false,3017090004
1706,39,447069,10395,residential,false,3017060039
1706,39,447070,10408,residential,false,3017060039
1905,1,447071,10420,institutional,false,3019050001
1706,21,447072,10408,residential,false,3017060021
1708,48,447073,10395,,false,3017080048
1549,28,447074,10432,"residential, public, semi-public",true,3015490028
1515,63,447075,10432,"residential, community facility, recreational",false,3015150063
1538,13,447076,10432,residential,false,3015380013
1706,59,447077,10408,residential,false,3017060059
1691,12,447078,10395,"residential, commercial",false,3016910012
1691,12,447079,10408,residential,false,3016910012
1708,44,447081,10395,,false,3017080044
1708,44,447082,10408,residential,false,3017080044
1706,33,447083,10395,residential,false,3017060033
1706,33,447084,10408,residential,false,3017060033
1920,2,447085,10420,institutional,false,3019200002
1537,31,447086,10395,,true,3015370031
1537,31,447087,10419,"residential, open space",true,3015370031
1537,31,447088,10432,residential,true,3015370031
1549,23,447089,10432,"residential, public, semi-public",true,3015490023
1975,1,447090,10384,,false,3019750001
2005,6,447091,10384,,false,3020050006
1557,23,447092,10395,,false,3015570023
1557,23,447093,10432,industrial,false,3015570023
1706,18,447094,10408,residential,false,3017060018
1731,107,447095,10388,"residential, community facility, recreational, open space",false,3017310107
2008,14,447096,10384,,false,3020080014
1520,8,447097,10432,residential,false,3015200008
1731,100,447098,10388,"residential, community facility, recreational, open space",false,3017310100
1732,132,447099,10388,"residential, community facility, recreational, open space",false,3017320132
2027,22,447141,10435,,false,3020270022
1703,48,447100,10408,"public, semi-public",false,3017030048
1471,16,447101,10419,"residential, open space",false,3014710016
1956,6,447102,10384,,false,3019560006
1732,130,447103,10388,"residential, community facility, recreational, open space",false,3017320130
2005,75,447104,10384,,false,3020050075
1709,33,447105,10395,open space,false,3017090033
1709,33,447106,10408,residential,false,3017090033
2108,1,447107,10389,commercial,false,3021080001
1722,156,447108,10388,"residential, commercial",false,3017220156
1709,9,447109,10395,open space,true,3017090009
1709,9,447110,10408,residential,true,3017090009
1470,10,447111,10419,"residential, open space",false,3014700010
2005,13,447112,10384,,false,3020050013
1238,38,447113,10399,residential,false,3012380038
1709,19,447114,10395,open space,false,3017090019
1732,107,447115,10388,"residential, community facility, recreational, open space",false,3017320107
1798,1,447116,10387,residential,false,3017980001
1538,43,447117,10432,open space,true,3015380043
1686,47,447118,10395,residential,false,3016860047
2005,14,447119,10384,,false,3020050014
2005,70,447120,10384,,false,3020050070
1726,111,447121,10388,"residential, community facility, recreational, open space",false,3017260111
1859,24,447122,10395,residential,false,3018590024
1471,4,447123,10419,"residential, open space",false,3014710004
2008,28,447124,10384,,false,3020080028
1956,25,447125,10384,,false,3019560025
1956,20,447126,10384,,false,3019560020
1525,16,447127,10432,residential,false,3015250016
1541,18,447128,10432,open space,false,3015410018
1527,22,447129,10432,residential,false,3015270022
1699,5,447130,10395,"public, semi-public",false,3016990005
2008,24,447131,10384,,false,3020080024
1525,2,447132,10432,residential,false,3015250002
1361,18,447133,10399,residential,false,3013610018
1537,30,447134,10395,,true,3015370030
1537,30,447135,10419,"residential, open space",true,3015370030
1537,30,447136,10432,residential,true,3015370030
1558,31,447137,10395,,false,3015580031
1558,31,447138,10432,open space,false,3015580031
1238,40,447139,10399,residential,false,3012380040
1533,39,447140,10432,residential,false,3015330039
1527,61,447142,10432,residential,false,3015270061
1732,109,447143,10388,"residential, community facility, recreational, open space",false,3017320109
1521,54,447144,10432,residential,false,3015210054
1778,48,447145,10387,residential,false,3017780048
2027,48,447146,10435,,false,3020270048
1709,28,447147,10395,open space,true,3017090028
1709,28,447148,10408,residential,true,3017090028
1709,34,447149,10395,open space,false,3017090034
1709,34,447150,10408,residential,false,3017090034
1956,23,447151,10384,,false,3019560023
1349,33,447152,10399,residential,false,3013490033
1549,19,447153,10432,"residential, public, semi-public",true,3015490019
1706,16,447154,10395,residential,false,3017060016
1706,16,447155,10408,residential,false,3017060016
1709,12,447156,10395,open space,false,3017090012
1798,2,447157,10387,residential,false,3017980002
1525,31,447158,10432,residential,false,3015250031
1990,1,447159,10395,,false,3019900001
1557,38,447160,10395,,false,3015570038
1541,14,447161,10432,open space,false,3015410014
1363,74,447162,10399,residential,false,3013630074
1703,38,447163,10395,residential,false,3017030038
1356,127,447164,10399,community facility,false,3013560127
1527,9,447165,10432,residential,false,3015270009
1703,34,447166,10395,residential,false,3017030034
1138,34,447167,10399,community facility,false,3011380034
1706,22,447168,10395,residential,false,3017060022
1706,22,447169,10408,residential,false,3017060022
1798,40,447170,10387,residential,false,3017980040
1556,1,447171,10395,,false,3015560001
1709,8,447172,10395,open space,false,3017090008
1709,1,447173,10395,open space,false,3017090001
1709,1,447174,10408,residential,false,3017090001
1245,4,447175,10399,residential,false,3012450004
1778,55,447176,10387,residential,false,3017780055
1223,26,447177,10399,residential,false,3012230026
1710,48,447178,10395,industrial,false,3017100048
1710,48,447179,10408,"residential, commercial",false,3017100048
1990,16,447180,10395,,false,3019900016
1695,37,447181,10395,residential,false,3016950037
1956,19,447182,10384,,false,3019560019
1470,11,447183,10419,"residential, open space",false,3014700011
2027,40,447184,10435,,false,3020270040
1467,22,447185,10419,"residential, open space",true,3014670022
2027,7501,447186,10435,,false,3020277501
2027,12,447187,10435,,false,3020270012
1699,60,447188,10395,"public, semi-public",false,3016990060
1703,51,447189,10408,"public, semi-public",false,3017030051
1548,33,447190,10432,"residential, public, semi-public",false,3015480033
1356,27,447191,10399,community facility,false,3013560027
1471,17,447192,10419,"residential, open space",false,3014710017
1703,5,447193,10395,residential,false,3017030005
1695,56,447194,10395,residential,false,3016950056
1532,61,447195,10395,,false,3015320061
1532,61,447196,10419,"residential, open space",false,3015320061
2006,96,447197,10384,,false,3020060096
1245,1,447198,10399,residential,false,3012450001
1706,27,447199,10395,residential,false,3017060027
1706,27,447200,10408,residential,false,3017060027
1516,72,447201,10419,"residential, open space",false,3015160072
1516,72,447202,10432,open space,false,3015160072
1695,1,447203,10395,residential,false,3016950001
1519,28,447204,10432,residential,false,3015190028
1706,17,447205,10395,residential,false,3017060017
1706,17,447206,10408,residential,false,3017060017
1706,53,447207,10408,residential,false,3017060053
1527,10,447208,10432,residential,false,3015270010
1356,111,447209,10399,residential,false,3013560111
1764,1,447210,10387,residential,false,3017640001
1524,50,447211,10395,,false,3015240050
1533,15,447212,10432,residential,false,3015330015
1357,3,447213,10399,community facility,false,3013570003
1708,63,447214,10395,,false,3017080063
1708,63,447215,10408,"residential, open space",false,3017080063
1515,32,447216,10432,"residential, community facility, recreational",false,3015150032
1708,67,447217,10395,,true,3017080067
1708,67,447218,10408,"residential, open space",true,3017080067
1471,14,447219,10419,"residential, open space",false,3014710014
1808,59,447220,10387,residential,false,3018080059
1451,69,447221,10419,"residential, open space",false,3014510069
1706,20,447244,10408,residential,false,3017060020
1706,30,447222,10395,residential,false,3017060030
1706,30,447223,10408,residential,false,3017060030
1706,31,447224,10408,residential,false,3017060031
1732,1,447225,10388,"residential, community facility, recreational, open space",false,3017320001
1708,68,447226,10395,,false,3017080068
1708,68,447227,10408,"residential, open space",false,3017080068
1470,36,447228,10419,"residential, open space",false,3014700036
1687,68,447229,10395,residential,false,3016870068
1687,68,447230,10408,residential,false,3016870068
1706,10,447231,10408,residential,false,3017060010
2008,8,447232,10384,,false,3020080008
1470,15,447233,10419,"residential, open space",false,3014700015
1470,24,447234,10419,"residential, open space",false,3014700024
2027,15,447235,10435,,false,3020270015
1706,3,447236,10408,residential,false,3017060003
1692,1,447237,10395,open space,false,3016920001
1692,1,447238,10408,open space,false,3016920001
1691,41,447239,10395,"residential, commercial",false,3016910041
1691,41,447240,10408,residential,false,3016910041
1516,36,447241,10432,residential,false,3015160036
1541,7,447242,10432,open space,false,3015410007
1706,20,447243,10395,residential,false,3017060020
1708,36,447245,10408,residential,false,3017080036
1956,7,447246,10384,,false,3019560007
1956,18,447247,10384,,false,3019560018
2008,25,447248,10384,,false,3020080025
1730,118,447249,10388,"public, semi-public, open space, parking",false,3017300118
1730,140,447250,10388,"public, semi-public, open space, parking",false,3017300140
1699,75,447251,10395,"public, semi-public",false,3016990075
1699,75,447252,10408,residential,false,3016990075
1687,56,447253,10395,residential,false,3016870056
1687,50,447254,10395,residential,false,3016870050
1706,35,447255,10395,residential,false,3017060035
1706,35,447256,10408,residential,false,3017060035
1710,49,447257,10408,"residential, commercial",true,3017100049
1709,32,447258,10395,open space,false,3017090032
1709,32,447259,10408,residential,false,3017090032
1686,49,447260,10395,residential,false,3016860049
1686,49,447261,10408,residential,false,3016860049
1730,153,447262,10388,"public, semi-public, open space, parking",false,3017300153
1709,27,447263,10395,open space,true,3017090027
1709,27,447264,10408,residential,true,3017090027
1732,113,447265,10388,"residential, community facility, recreational, open space",false,3017320113
1514,151,447266,10432,"residential, community facility, recreational",false,3015140151
2027,47,447267,10435,,false,3020270047
1138,127,447268,10399,community facility,false,3011380127
1695,48,447269,10395,residential,false,3016950048
1695,48,447270,10408,residential,false,3016950048
1730,167,447271,10388,"public, semi-public, open space, parking",false,3017300167
1458,52,447272,10419,"residential, open space",false,3014580052
1356,24,447273,10399,community facility,false,3013560024
1527,4,447274,10432,residential,false,3015270004
1556,30,447275,10395,,false,3015560030
2005,5,447276,10384,,false,3020050005
1379,59,447277,10399,residential,false,3013790059
1520,23,447278,10432,residential,false,3015200023
1520,1,447279,10432,residential,false,3015200001
15905,135,452377,10449,,false,4159050135
15905,142,452378,10449,,false,4159050142
1708,1,447297,10395,residential,false,3017080001
1708,1,447298,10408,residential,false,3017080001
1694,1,447280,10395,"residential, commercial",false,3016940001
1694,1,447281,10408,residential,false,3016940001
1537,24,447282,10395,,false,3015370024
1537,24,447283,10419,"residential, open space",false,3015370024
1730,122,447284,10388,"public, semi-public, open space, parking",false,3017300122
1556,33,447285,10395,,true,3015560033
1379,63,447286,10399,residential,false,3013790063
1526,130,447287,10432,residential,false,3015260130
1699,39,447288,10395,"public, semi-public",true,3016990039
1699,39,447289,10408,"residential, commercial",true,3016990039
1695,20,447290,10395,residential,false,3016950020
1706,12,447291,10395,residential,false,3017060012
1706,12,447292,10408,residential,false,3017060012
1531,65,447293,10432,residential,true,3015310065
1709,21,447294,10395,open space,false,3017090021
1722,158,447295,10388,"residential, commercial",false,3017220158
15845,4,452379,10442,residential,false,4158450004
1709,26,447296,10395,open space,false,3017090026
1956,28,447299,10384,,false,3019560028
1470,59,447300,10419,"residential, open space",false,3014700059
1549,22,447301,10432,"residential, public, semi-public",true,3015490022
1556,39,447302,10395,,false,3015560039
1730,139,447303,10388,"public, semi-public, open space, parking",false,3017300139
2008,6,447304,10384,,false,3020080006
1957,23,447305,10384,,false,3019570023
1706,15,447306,10395,residential,false,3017060015
1706,15,447307,10408,residential,false,3017060015
1956,29,447308,10384,,false,3019560029
1958,4,447309,10384,,false,3019580004
2008,50,447310,10384,,false,3020080050
1990,12,447311,10395,,false,3019900012
1996,29,447312,10395,,false,3019960029
1549,21,447313,10432,"residential, public, semi-public",true,3015490021
1514,32,447314,10432,"residential, community facility, recreational",false,3015140032
1508,74,447315,10432,"residential, community facility, recreational",false,3015080074
1700,17,447316,10395,"residential, open space",false,3017000017
1519,42,447317,10432,residential,false,3015190042
1514,59,447318,10432,"residential, community facility, recreational",true,3015140059
1730,130,447319,10388,"public, semi-public, open space, parking",false,3017300130
1687,21,447320,10395,residential,false,3016870021
1687,80,447321,10395,residential,true,3016870080
1687,80,447322,10408,residential,true,3016870080
1699,2,447323,10395,"public, semi-public",false,3016990002
1699,2,447324,10408,residential,false,3016990002
1699,40,447325,10395,"public, semi-public",false,3016990040
1703,69,447326,10395,residential,false,3017030069
1463,16,447327,10419,"residential, open space",false,3014630016
1795,75,447328,10387,residential,false,3017950075
2027,20,447329,10435,,false,3020270020
1695,6,447330,10395,residential,false,3016950006
1695,49,447331,10395,residential,false,3016950049
1722,168,447332,10388,"residential, commercial",false,3017220168
1687,173,447333,10395,residential,true,3016870173
1687,173,447334,10408,residential,true,3016870173
1699,34,447335,10395,"public, semi-public",false,3016990034
1379,55,447336,10399,residential,false,3013790055
2008,34,447337,10384,,false,3020080034
2008,15,447338,10384,,false,3020080015
1709,35,447339,10395,open space,false,3017090035
1709,35,447340,10408,residential,false,3017090035
1709,2,447341,10395,open space,false,3017090002
1527,32,447342,10432,residential,false,3015270032
1708,65,447343,10395,,false,3017080065
1708,65,447344,10408,"residential, open space",false,3017080065
1516,56,447345,10419,"residential, open space",false,3015160056
1516,56,447346,10432,open space,false,3015160056
2007,14,447347,10384,,false,3020070014
1533,35,447348,10432,residential,false,3015330035
1710,51,447349,10395,industrial,true,3017100051
1710,51,447350,10408,"residential, commercial",true,3017100051
1356,117,447351,10399,residential,false,3013560117
1990,15,447352,10395,,false,3019900015
1706,2,447353,10408,residential,false,3017060002
1557,26,447354,10395,,false,3015570026
1557,26,447355,10432,industrial,false,3015570026
1138,124,447356,10399,community facility,false,3011380124
2027,16,447357,10435,,false,3020270016
1471,6,447358,10419,"residential, open space",false,3014710006
1356,132,447359,10399,community facility,false,3013560132
1730,124,447360,10388,"public, semi-public, open space, parking",false,3017300124
1730,132,447361,10388,"public, semi-public, open space, parking",false,3017300132
1687,66,447362,10395,residential,false,3016870066
1687,66,447363,10408,residential,false,3016870066
1695,7,447364,10395,residential,false,3016950007
1705,58,447365,10395,"public, semi-public",false,3017050058
1709,22,447366,10395,open space,false,3017090022
1709,22,447367,10408,open space,false,3017090022
1710,3,447368,10395,industrial,false,3017100003
1687,81,447369,10395,residential,false,3016870081
1703,42,447370,10395,residential,false,3017030042
1706,25,447371,10395,residential,false,3017060025
1706,25,447372,10408,residential,false,3017060025
1549,7,447373,10432,"residential, public, semi-public",true,3015490007
1710,43,447374,10395,industrial,false,3017100043
1521,30,447375,10432,residential,false,3015210030
1710,39,447376,10395,residential,false,3017100039
1373,54,447377,10399,residential,false,3013730054
1379,31,447378,10399,residential,false,3013790031
1703,49,447379,10408,"public, semi-public",false,3017030049
1705,63,447380,10395,"public, semi-public",false,3017050063
1705,63,447381,10408,"public, semi-public",false,3017050063
1701,1,447382,10395,residential,false,3017010001
1701,1,447383,10408,"public, semi-public, easement, public, semi-public",false,3017010001
1687,74,447384,10395,residential,false,3016870074
1687,74,447385,10408,residential,false,3016870074
1730,148,447386,10388,"public, semi-public, open space, parking",false,3017300148
1731,111,447387,10388,"residential, community facility, recreational, open space",false,3017310111
1726,109,447388,10388,"residential, community facility, recreational, open space",false,3017260109
1726,133,447389,10388,"residential, community facility, recreational, open space",false,3017260133
1809,1,447390,10387,residential,false,3018090001
1519,7,447391,10395,,false,3015190007
1363,60,447392,10399,residential,true,3013630060
1466,49,447393,10419,"residential, open space",false,3014660049
1531,15,447394,10432,residential,false,3015310015
1858,24,447395,10395,residential,false,3018580024
1858,24,447396,10408,residential,false,3018580024
1516,54,447397,10419,"residential, open space",false,3015160054
1516,54,447398,10432,open space,false,3015160054
1516,22,447399,10432,residential,false,3015160022
1558,7,447400,10395,,false,3015580007
1706,38,447401,10395,residential,false,3017060038
1706,38,447402,10408,residential,false,3017060038
1515,76,447403,10432,"residential, community facility, recreational",false,3015150076
1519,17,447404,10432,residential,false,3015190017
1684,29,447405,10395,residential,false,3016840029
2003,8,447406,10384,,false,3020030008
1722,190,447407,10388,"residential, commercial",false,3017220190
1537,28,447408,10395,,false,3015370028
1537,28,447409,10419,"residential, open space",false,3015370028
1549,34,447410,10432,"residential, public, semi-public",true,3015490034
2008,1,447411,10384,,false,3020080001
1990,13,447412,10395,,false,3019900013
1706,19,447413,10408,residential,false,3017060019
1695,59,447414,10395,residential,false,3016950059
1956,11,447415,10384,,false,3019560011
1956,1,447416,10384,,false,3019560001
1687,75,447417,10395,residential,false,3016870075
1687,75,447418,10408,residential,false,3016870075
1687,175,447419,10408,residential,true,3016870175
1687,42,447420,10395,residential,false,3016870042
1703,14,447421,10395,residential,false,3017030014
1703,14,447422,10408,"public, semi-public",false,3017030014
1541,4,447423,10432,open space,false,3015410004
1524,43,447424,10395,,true,3015240043
1524,43,447425,10432,residential,true,3015240043
1686,45,447426,10395,residential,false,3016860045
1520,29,447427,10395,,false,3015200029
1520,29,447428,10419,"residential, open space",false,3015200029
1520,29,447429,10432,residential,false,3015200029
1537,53,447430,10432,residential,false,3015370053
1699,66,447431,10395,"public, semi-public",false,3016990066
1706,36,447432,10395,residential,false,3017060036
1706,36,447433,10408,residential,false,3017060036
1730,166,447434,10388,"public, semi-public, open space, parking",false,3017300166
1557,1,447435,10395,,false,3015570001
1533,16,447436,10432,residential,false,3015330016
1923,1,447437,10420,institutional,false,3019230001
1524,41,447438,10395,,false,3015240041
1533,14,447439,10432,residential,false,3015330014
1722,162,447440,10388,"residential, commercial",false,3017220162
1356,114,447441,10399,residential,false,3013560114
1356,121,447442,10399,residential,false,3013560121
1471,21,447443,10419,"residential, open space",false,3014710021
1524,49,447444,10395,,false,3015240049
1524,49,447445,10432,residential,false,3015240049
1921,19,447446,10420,institutional,false,3019210019
1516,52,447447,10419,"residential, open space",false,3015160052
1516,52,447448,10432,open space,false,3015160052
1541,8,447449,10432,open space,false,3015410008
1730,125,447450,10388,"public, semi-public, open space, parking",false,3017300125
1730,123,447451,10388,"public, semi-public, open space, parking",false,3017300123
1687,78,447452,10395,residential,false,3016870078
1687,71,447453,10408,residential,false,3016870071
1556,40,447454,10395,,false,3015560040
1524,58,447455,10395,,false,3015240058
1524,58,447456,10432,residential,false,3015240058
2005,3,447457,10384,,false,3020050003
1859,33,447458,10395,residential,false,3018590033
1470,35,447459,10419,"residential, open space",false,3014700035
1828,17,447460,10387,residential,false,3018280017
1509,3,447461,10432,"residential, community facility, recreational",false,3015090003
1471,1,447501,10419,"residential, open space",false,3014710001
2006,94,447462,10384,,false,3020060094
1549,6,447463,10432,"residential, public, semi-public",true,3015490006
1138,128,447464,10399,community facility,false,3011380128
1933,121,447465,10420,institutional,false,3019330121
1514,125,447466,10432,"residential, community facility, recreational",false,3015140125
1519,19,447467,10432,residential,false,3015190019
1138,135,447468,10399,community facility,false,3011380135
1709,3,447469,10395,open space,false,3017090003
1557,4,447470,10395,,true,3015570004
1557,4,447471,10432,industrial,true,3015570004
1537,52,447472,10432,residential,false,3015370052
3516,72,447473,10412,"residential, commercial, public, semi-public, open space",false,3035160072
3830,44,447474,10391,"residential, commercial, public, institutional, open space, industrial",false,3038300044
3830,44,447475,10395,,false,3038300044
15905,211,452380,10449,,false,4159050211
1956,10,447476,10384,,false,3019560010
2027,1,447477,10435,,false,3020270001
1531,17,447478,10432,residential,false,3015310017
3618,16,447479,10390,illegible,false,3036180016
1519,1,447480,10432,residential,false,3015190001
3830,10,447481,10391,"residential, commercial, public, institutional, open space, industrial",false,3038300010
3830,10,447482,10395,,false,3038300010
1686,51,447483,10395,residential,false,3016860051
1686,51,447484,10408,residential,false,3016860051
1699,56,447485,10395,"public, semi-public",false,3016990056
1722,182,447486,10388,"residential, commercial",false,3017220182
1722,180,447487,10388,"residential, commercial",false,3017220180
3265,48,447488,10429,"residential, commercial, open space",false,3032650048
1527,38,447489,10432,residential,false,3015270038
3158,5,447490,10429,"residential, commercial, open space",false,3031580005
1356,124,447491,10399,"community facility, parking",false,3013560124
1737,1,447492,10418,industrial,false,3017370001
1223,25,447493,10399,residential,false,3012230025
2191,13,447494,10383,,false,3021910013
1969,93,447495,10387,residential,false,3019690093
3739,1,447496,10395,open space,false,3037390001
3739,1,447497,10430,,false,3037390001
3677,4,447498,10391,"residential, commercial, public, institutional, open space, industrial",true,3036770004
3677,4,447499,10395,residential,true,3036770004
1471,20,447500,10419,"residential, open space",false,3014710020
2191,33,447502,10383,,false,3021910033
3517,28,447503,10412,"residential, commercial, public, semi-public, open space",false,3035170028
2266,30,447504,10388,industrial,false,3022660030
1695,50,447505,10395,residential,false,3016950050
1731,108,447506,10388,"residential, community facility, recreational, open space",false,3017310108
1730,126,447507,10388,"public, semi-public, open space, parking",false,3017300126
1732,105,447508,10388,"residential, community facility, recreational, open space",false,3017320105
3677,5,447509,10391,"residential, commercial, public, institutional, open space, industrial",true,3036770005
3677,5,447510,10395,residential,true,3036770005
1533,24,447511,10432,residential,false,3015330024
1731,112,447512,10388,"residential, community facility, recreational, open space",false,3017310112
1722,157,447513,10388,"residential, commercial",false,3017220157
2005,8,447514,10384,,false,3020050008
1699,73,447515,10395,"public, semi-public",false,3016990073
1557,35,447516,10395,,true,3015570035
1557,35,447517,10432,industrial,true,3015570035
1557,3,447518,10395,,true,3015570003
1557,3,447519,10432,industrial,true,3015570003
1467,1,447520,10419,"residential, open space",false,3014670001
2266,31,447521,10388,industrial,false,3022660031
3684,15,447522,10401,"industrial, commercial, public, community facility",false,3036840015
3682,101,447523,10401,"industrial, commercial, public, community facility",false,3036820101
3817,24,447524,10395,residential,true,3038170024
3817,24,447525,10430,,true,3038170024
1238,42,447526,10399,residential,false,3012380042
1687,64,447527,10395,residential,false,3016870064
1470,9,447528,10419,"residential, open space",false,3014700009
4082,12,447529,10402,"residential, community facility",false,3040820012
3851,26,447530,10430,,false,3038510026
1687,79,447531,10395,residential,false,3016870079
1527,8,447532,10432,residential,false,3015270008
4068,13,447533,10402,"residential, community facility",false,3040680013
1706,1,447534,10395,residential,false,3017060001
3573,1,447547,10412,"residential, commercial, public, semi-public, open space",false,3035730001
1532,44,447567,10395,,false,3015320044
1706,1,447535,10408,open space,false,3017060001
1556,3,447536,10395,,true,3015560003
1975,2,447537,10384,,false,3019750002
3716,17,447538,10401,"industrial, commercial, public, community facility",false,3037160017
3813,115,447539,10391,"residential, commercial, public, institutional, open space, industrial",true,3038130115
3314,61,447540,10429,"residential, commercial, open space",false,3033140061
15905,218,452381,10449,,false,4159050218
3560,41,447541,10412,"residential, commercial, public, semi-public, open space",false,3035600041
3847,4,447542,10391,"residential, commercial, public, institutional, open space, industrial",false,3038470004
2266,23,447543,10388,industrial,false,3022660023
1803,11,447544,10387,residential,false,3018030011
3716,19,447545,10401,"industrial, commercial, public, community facility",false,3037160019
3682,9,447546,10401,"industrial, commercial, public, community facility",false,3036820009
3540,35,447548,10412,"residential, commercial, public, semi-public, open space",false,3035400035
4082,24,447549,10402,"residential, community facility",false,3040820024
3499,17,447550,10412,"residential, commercial, public, semi-public, open space",true,3034990017
1524,55,447551,10395,,false,3015240055
1524,47,447552,10395,,false,3015240047
1524,47,447553,10432,residential,false,3015240047
3601,26,447554,10412,"residential, commercial, public, semi-public, open space",false,3036010026
3811,8,447555,10395,"residential, commercial",false,3038110008
3521,35,447556,10412,"residential, commercial, public, semi-public, open space",false,3035210035
2191,15,447557,10383,,false,3021910015
3716,24,447558,10401,"industrial, commercial, public, community facility",false,3037160024
3518,16,447559,10412,"residential, commercial, public, semi-public, open space",false,3035180016
3521,7,447560,10412,"residential, commercial, public, semi-public, open space",false,3035210007
2266,37,447561,10388,industrial,false,3022660037
2269,41,447562,10388,industrial,true,3022690041
3567,26,447563,10412,"residential, commercial, public, semi-public, open space",false,3035670026
3243,74,447564,10429,"residential, commercial, open space",false,3032430074
1532,59,447565,10395,,false,3015320059
1532,59,447566,10419,"residential, open space",false,3015320059
3678,10,447568,10401,"industrial, commercial, public, community facility",false,3036780010
1516,69,447569,10419,"residential, open space",false,3015160069
1516,69,447570,10432,open space,false,3015160069
1525,10,447571,10432,residential,false,3015250010
2027,19,447572,10435,,false,3020270019
1549,20,447573,10432,"residential, public, semi-public",true,3015490020
1956,3,447574,10384,,false,3019560003
3743,18,447575,10391,"residential, commercial, public, institutional, open space, industrial",false,3037430018
3743,18,447576,10395,open space,false,3037430018
3519,1,447577,10412,"residential, commercial, public, semi-public, open space",false,3035190001
3825,17,447578,10395,residential,false,3038250017
1695,30,447579,10395,residential,false,3016950030
3588,1,447580,10412,"residential, commercial, public, semi-public, open space",false,3035880001
1703,1,447581,10395,residential,false,3017030001
1703,1,447582,10408,open space,false,3017030001
3818,52,447583,10395,residential,false,3038180052
3818,52,447584,10430,,false,3038180052
3677,37,447585,10391,"residential, commercial, public, institutional, open space, industrial",false,3036770037
3677,37,447586,10395,residential,false,3036770037
1526,42,447587,10395,,false,3015260042
1526,42,447588,10419,"residential, open space",false,3015260042
2203,20,447589,10383,,false,3022030020
3517,19,447590,10412,"residential, commercial, public, semi-public, open space",false,3035170019
2269,25,447591,10388,industrial,false,3022690025
3830,27,447592,10391,"residential, commercial, public, institutional, open space, industrial",false,3038300027
3830,27,447593,10395,,false,3038300027
3830,16,447594,10391,"residential, commercial, public, institutional, open space, industrial",false,3038300016
3830,16,447595,10395,,false,3038300016
15902,39,452618,10449,,false,4159020039
1495,1,447596,10419,"residential, open space",false,3014950001
3625,39,447597,10391,"residential, commercial, public, institutional, open space, industrial",false,3036250039
1705,62,447598,10395,"public, semi-public",false,3017050062
3702,35,447599,10401,"industrial, commercial, public, community facility",false,3037020035
3866,41,447600,10430,,true,3038660041
4068,9,447601,10402,"residential, community facility",false,3040680009
1541,6,447602,10432,open space,false,3015410006
1356,122,447603,10399,residential,false,3013560122
1709,31,447604,10395,open space,false,3017090031
1709,31,447605,10408,residential,false,3017090031
3316,40,447606,10429,"residential, commercial, open space",false,3033160040
3692,24,447607,10391,"residential, commercial, public, institutional, open space, industrial",false,3036920024
3692,24,447608,10391,"residential, commercial, public, institutional, open space, industrial",false,3036920024
3692,24,447609,10395,residential,false,3036920024
3692,24,447610,10395,residential,false,3036920024
3847,13,447611,10391,"residential, commercial, public, institutional, open space, industrial",false,3038470013
3517,6,447612,10412,"residential, commercial, public, semi-public, open space",false,3035170006
3517,59,447613,10412,"residential, commercial, public, semi-public, open space",false,3035170059
3519,21,447614,10412,"residential, commercial, public, semi-public, open space",false,3035190021
3626,1,447615,10390,illegible,false,3036260001
3750,20,447616,10401,"industrial, commercial, public, community facility",false,3037500020
2269,23,447617,10388,industrial,true,3022690023
1731,113,447618,10388,"residential, community facility, recreational, open space",false,3017310113
1730,173,447619,10388,"public, semi-public, open space, parking",false,3017300173
1726,1,447620,10388,"residential, community facility, recreational, open space",false,3017260001
3766,49,447621,10430,,false,3037660049
3538,19,447622,10412,"residential, commercial, public, semi-public, open space",false,3035380019
2269,27,447623,10388,industrial,true,3022690027
3716,10,447624,10401,"industrial, commercial, public, community facility",false,3037160010
3556,13,447625,10412,"residential, commercial, public, semi-public, open space",false,3035560013
3497,2,447626,10412,"residential, commercial, public, semi-public, open space",false,3034970002
4082,25,447627,10402,"residential, community facility",false,3040820025
1687,82,447628,10395,residential,false,3016870082
1687,82,447629,10408,residential,false,3016870082
2191,31,447630,10383,,false,3021910031
1706,49,447631,10395,residential,false,3017060049
1706,49,447632,10408,residential,false,3017060049
1708,45,447633,10395,,false,3017080045
4068,43,447634,10402,"residential, community facility",false,3040680043
3803,11,447635,10395,residential,false,3038030011
3803,11,447636,10430,,false,3038030011
3683,1,447637,10401,"industrial, commercial, public, community facility",false,3036830001
3589,38,447638,10412,"residential, commercial, public, semi-public, open space",false,3035890038
1695,9,447639,10395,residential,false,3016950009
1695,9,447640,10408,residential,false,3016950009
1859,15,447641,10395,residential,false,3018590015
1859,15,447642,10408,residential,false,3018590015
4085,15,447643,10402,"residential, community facility",false,3040850015
3765,132,447644,10430,,false,3037650132
3830,51,447645,10391,"residential, commercial, public, institutional, open space, industrial",false,3038300051
3830,51,447646,10395,,false,3038300051
3560,1,447647,10412,"residential, commercial, public, semi-public, open space",false,3035600001
3585,28,447648,10412,"residential, commercial, public, semi-public, open space",false,3035850028
2249,41,447649,10388,industrial,false,3022490041
3833,43,447650,10430,,true,3038330043
3308,1,447651,10429,"residential, commercial, open space",false,3033080001
4068,34,447652,10402,"residential, community facility",false,3040680034
3830,23,447653,10391,"residential, commercial, public, institutional, open space, industrial",false,3038300023
3830,23,447654,10395,,false,3038300023
2269,16,447655,10388,industrial,true,3022690016
3254,15,447656,10429,"residential, commercial, open space",false,3032540015
2197,1,447657,10383,,false,3021970001
3847,46,447658,10391,"residential, commercial, public, institutional, open space, industrial",false,3038470046
3359,29,447659,10429,"residential, commercial, open space",false,3033590029
3812,19,447660,10391,"residential, commercial, public, institutional, open space, industrial",true,3038120019
2269,24,447661,10388,industrial,false,3022690024
3772,34,447662,10430,,false,3037720034
4082,38,447663,10402,"residential, community facility",false,3040820038
3692,35,447664,10391,"residential, commercial, public, institutional, open space, industrial",true,3036920035
3692,35,447665,10395,residential,true,3036920035
3824,39,447666,10395,residential,false,3038240039
3767,5,447667,10430,,true,3037670005
2175,30,447668,10383,,false,3021750030
4389,1,447669,10417,industrial,false,3043890001
3575,11,447670,10412,"residential, commercial, public, semi-public, open space",false,3035750011
3498,8,447671,10412,"residential, commercial, public, semi-public, open space",false,3034980008
3789,11,447672,10395,residential,false,3037890011
1709,6,447673,10395,open space,false,3017090006
1708,42,447674,10395,,false,3017080042
2005,1,447675,10384,,false,3020050001
1238,37,447676,10399,residential,false,3012380037
3766,1,447677,10395,residential,false,3037660001
3766,1,447678,10430,,false,3037660001
2191,1,447679,10383,,false,3021910001
3817,117,447680,10395,residential,false,3038170117
3817,117,447681,10430,,false,3038170117
3880,75,447682,10403,"public, commercial, industrial",false,3038800075
3806,17,447683,10395,residential,false,3038060017
2197,33,447684,10383,,false,3021970033
2272,11,447685,10388,industrial,true,3022720011
3517,30,447686,10412,"residential, commercial, public, semi-public, open space",false,3035170030
3684,4,447687,10401,"industrial, commercial, public, community facility",false,3036840004
3712,31,447688,10401,"industrial, commercial, public, community facility",false,3037120031
3556,12,447689,10412,"residential, commercial, public, semi-public, open space",false,3035560012
3536,16,447690,10412,"residential, commercial, public, semi-public, open space",false,3035360016
3789,39,447691,10395,residential,false,3037890039
3791,3,447692,10395,residential,false,3037910003
3585,14,447693,10412,"residential, commercial, public, semi-public, open space",false,3035850014
3516,71,447694,10412,"residential, commercial, public, semi-public, open space",false,3035160071
3637,32,447695,10390,illegible,false,3036370032
1548,27,447696,10432,"residential, public, semi-public",true,3015480027
3517,3,447697,10412,"residential, commercial, public, semi-public, open space",false,3035170003
1730,101,447698,10388,"public, semi-public, open space, parking",false,3017300101
3601,20,447699,10412,"residential, commercial, public, semi-public, open space",false,3036010020
3811,20,447700,10391,"residential, commercial, public, institutional, open space, industrial",false,3038110020
3773,1,447701,10430,,false,3037730001
1722,161,447702,10388,"residential, commercial",false,3017220161
4084,8,447703,10402,"residential, community facility",false,3040840008
3807,23,447704,10395,residential,false,3038070023
3830,22,447705,10391,"residential, commercial, public, institutional, open space, industrial",false,3038300022
3830,22,447706,10395,,false,3038300022
3800,1,447707,10430,,true,3038000001
1516,1,447708,10419,"residential, open space",false,3015160001
1516,1,447709,10432,open space,false,3015160001
2008,9,447710,10384,,false,3020080009
1541,12,447711,10432,open space,false,3015410012
2272,49,447712,10388,industrial,true,3022720049
3105,1,447713,10410,residential,false,3031050001
3717,21,447714,10401,"industrial, commercial, public, community facility",false,3037170021
3521,5,447715,10412,"residential, commercial, public, semi-public, open space",false,3035210005
3520,74,447716,10412,"residential, commercial, public, semi-public, open space",false,3035200074
2250,6,447717,10388,industrial,false,3022500006
3517,64,447718,10412,"residential, commercial, public, semi-public, open space",false,3035170064
3517,29,447719,10412,"residential, commercial, public, semi-public, open space",false,3035170029
3517,71,447720,10412,"residential, commercial, public, semi-public, open space",false,3035170071
4595,15,447721,10422,residential,false,3045950015
3676,23,447722,10391,"residential, commercial, public, institutional, open space, industrial",false,3036760023
3676,23,447723,10395,residential,false,3036760023
15905,109,452619,10449,,false,4159050109
3567,16,447724,10412,"residential, commercial, public, semi-public, open space",false,3035670016
3466,6,447725,10428,"residential, community facility, open space",false,3034660006
1524,53,447726,10395,,false,3015240053
1356,25,447727,10399,community facility,false,3013560025
3602,1,447728,10412,"residential, commercial, public, semi-public, open space",false,3036020001
4452,520,447729,10407,,false,3044520520
3537,19,447730,10412,"residential, commercial, public, semi-public, open space",false,3035370019
3676,14,447731,10391,"residential, commercial, public, institutional, open space, industrial",false,3036760014
3676,14,447732,10395,residential,false,3036760014
3683,10,447733,10401,"industrial, commercial, public, community facility",false,3036830010
1558,1,447734,10395,,false,3015580001
1606,21,447735,10395,,false,3016060021
3809,27,447736,10395,residential,false,3038090027
3809,27,447737,10430,,false,3038090027
3791,41,447738,10395,residential,false,3037910041
1706,54,447739,10408,residential,false,3017060054
3625,40,447740,10391,"residential, commercial, public, institutional, open space, industrial",false,3036250040
3676,30,447741,10391,"residential, commercial, public, institutional, open space, industrial",false,3036760030
3676,30,447742,10395,residential,false,3036760030
3678,1,447743,10401,"industrial, commercial, public, community facility",false,3036780001
3567,10,447744,10412,"residential, commercial, public, semi-public, open space",false,3035670010
1708,59,447745,10395,,false,3017080059
1699,41,447746,10395,"public, semi-public",false,3016990041
3516,49,447747,10412,"residential, commercial, public, semi-public, open space",false,3035160049
3516,20,447748,10412,"residential, commercial, public, semi-public, open space",false,3035160020
2175,7501,447749,10383,,false,3021757501
3692,4,447750,10391,"residential, commercial, public, institutional, open space, industrial",true,3036920004
3692,4,447751,10395,residential,true,3036920004
3830,15,447752,10391,"residential, commercial, public, institutional, open space, industrial",false,3038300015
3830,15,447753,10395,,false,3038300015
3096,14,447754,10410,residential,false,3030960014
1514,124,447755,10432,"residential, community facility, recreational",false,3015140124
2027,9,447756,10435,,false,3020270009
1990,11,447757,10395,,false,3019900011
3511,46,447758,10391,"residential, commercial, public, institutional, open space, industrial",false,3035110046
3511,46,447759,10395,residential,false,3035110046
1709,36,447760,10395,open space,false,3017090036
3855,125,447761,10391,"residential, commercial, public, institutional, open space, industrial",false,3038550125
3702,33,447762,10401,"industrial, commercial, public, community facility",false,3037020033
1451,1,447763,10419,"residential, open space",false,3014510001
1706,34,447764,10395,residential,false,3017060034
1706,34,447765,10408,residential,false,3017060034
2008,33,447766,10384,,true,3020080033
3516,77,447767,10412,"residential, commercial, public, semi-public, open space",false,3035160077
3081,1,447768,10410,residential,false,3030810001
1710,52,447769,10408,"residential, commercial",true,3017100052
1708,73,447770,10395,,false,3017080073
1708,73,447771,10408,"residential, open space",false,3017080073
3403,1,447772,10429,"residential, commercial, open space",false,3034030001
3567,18,447773,10412,"residential, commercial, public, semi-public, open space",false,3035670018
1730,134,447774,10388,"public, semi-public, open space, parking",false,3017300134
3518,15,447775,10412,"residential, commercial, public, semi-public, open space",false,3035180015
3510,36,447776,10395,residential,false,3035100036
3516,56,447777,10412,"residential, commercial, public, semi-public, open space",false,3035160056
3100,1,447778,10414,residential,false,3031000001
3854,13,447779,10430,,false,3038540013
3461,51,447780,10428,"residential, community facility, open space",false,3034610051
3830,12,447781,10391,"residential, commercial, public, institutional, open space, industrial",false,3038300012
3830,12,447782,10395,,false,3038300012
3830,28,447783,10391,"residential, commercial, public, institutional, open space, industrial",false,3038300028
3830,28,447784,10395,,false,3038300028
3517,25,447785,10412,"residential, commercial, public, semi-public, open space",false,3035170025
3517,44,447786,10412,"residential, commercial, public, semi-public, open space",false,3035170044
3601,116,447787,10412,"residential, commercial, public, semi-public, open space",false,3036010116
3618,1,447788,10390,illegible,false,3036180001
3076,40,447789,10436,,false,3030760040
3830,36,447790,10391,"residential, commercial, public, institutional, open space, industrial",false,3038300036
3830,36,447791,10395,,false,3038300036
2185,7502,447792,10383,,false,3021857502
2191,7501,447793,10383,,false,3021917501
3602,12,447794,10412,"residential, commercial, public, semi-public, open space",false,3036020012
4452,530,447795,10407,,false,3044520530
3625,33,447796,10391,"residential, commercial, public, institutional, open space, industrial",false,3036250033
3515,63,447797,10412,"residential, commercial, public, semi-public, open space",false,3035150063
3834,142,447798,10430,,false,3038340142
3865,26,447799,10430,,true,3038650026
2269,30,447800,10388,industrial,true,3022690030
2269,19,447801,10388,industrial,false,3022690019
3790,52,447802,10395,residential,false,3037900052
3676,17,447803,10391,"residential, commercial, public, institutional, open space, industrial",false,3036760017
3676,17,447804,10395,residential,false,3036760017
3683,20,447805,10401,"industrial, commercial, public, community facility",false,3036830020
3724,29,447806,10395,residential,false,3037240029
3724,29,447807,10430,,false,3037240029
3586,41,447808,10412,"residential, commercial, public, semi-public, open space",false,3035860041
3736,18,447809,10395,residential,false,3037360018
3736,18,447810,10401,"industrial, commercial, public, community facility",false,3037360018
3243,18,447811,10429,"residential, commercial, open space",false,3032430018
3618,18,447812,10390,illegible,false,3036180018
3567,33,447813,10412,"residential, commercial, public, semi-public, open space",false,3035670033
3516,13,447814,10412,"residential, commercial, public, semi-public, open space",false,3035160013
3100,34,447815,10414,industrial,false,3031000034
3518,26,447816,10412,"residential, commercial, public, semi-public, open space",false,3035180026
3825,12,447817,10395,residential,false,3038250012
3825,12,447818,10430,,false,3038250012
3850,33,447819,10430,,false,3038500033
3601,1,447820,10412,"residential, commercial, public, semi-public, open space",false,3036010001
3585,36,447821,10412,"residential, commercial, public, semi-public, open space",false,3035850036
3854,7,447822,10430,,false,3038540007
3700,9,447823,10401,"industrial, commercial, public, community facility",false,3037000009
3541,16,447824,10412,"residential, commercial, public, semi-public, open space",false,3035410016
3556,29,447825,10412,"residential, commercial, public, semi-public, open space",false,3035560029
3521,27,447826,10412,"residential, commercial, public, semi-public, open space",false,3035210027
2249,23,447936,10388,industrial,false,3022490023
3415,39,447827,10429,"residential, commercial, open space",false,3034150039
2240,16,447828,10416,residential,false,3022400016
2269,36,447829,10388,industrial,true,3022690036
3516,10,447830,10412,"residential, commercial, public, semi-public, open space",false,3035160010
3517,39,447831,10412,"residential, commercial, public, semi-public, open space",false,3035170039
3516,12,447832,10412,"residential, commercial, public, semi-public, open space",false,3035160012
3775,1,447833,10430,,false,3037750001
3517,46,447834,10412,"residential, commercial, public, semi-public, open space",false,3035170046
3833,44,447835,10430,,true,3038330044
3557,4,447836,10412,"residential, commercial, public, semi-public, open space",false,3035570004
4068,5,447837,10402,"residential, community facility",false,3040680005
3540,17,447838,10412,"residential, commercial, public, semi-public, open space",false,3035400017
3496,4,447839,10412,,false,3034960004
4084,6,447840,10402,"residential, community facility",false,3040840006
3693,22,447841,10395,residential,true,3036930022
3824,8,447842,10395,residential,false,3038240008
3677,8,447843,10391,"residential, commercial, public, institutional, open space, industrial",true,3036770008
3677,8,447844,10395,residential,true,3036770008
3677,1,447845,10391,"residential, commercial, public, institutional, open space, industrial",true,3036770001
3677,1,447846,10395,residential,true,3036770001
3717,25,447847,10401,"industrial, commercial, public, community facility",false,3037170025
3834,23,447848,10430,,false,3038340023
3519,24,447849,10412,"residential, commercial, public, semi-public, open space",false,3035190024
3515,49,447850,10412,"residential, commercial, public, semi-public, open space",false,3035150049
3543,36,447851,10412,"residential, commercial, public, semi-public, open space",false,3035430036
3557,18,447852,10412,"residential, commercial, public, semi-public, open space",false,3035570018
3712,40,447853,10401,"industrial, commercial, public, community facility",false,3037120040
2240,41,447854,10416,residential,false,3022400041
2272,108,447855,10388,industrial,true,3022720108
3846,48,447856,10391,"residential, commercial, public, institutional, open space, industrial",false,3038460048
3801,47,447857,10395,residential,true,3038010047
3801,47,447858,10430,,true,3038010047
3738,15,447859,10395,illegible,false,3037380015
3738,15,447860,10430,,false,3037380015
3716,25,447861,10401,"industrial, commercial, public, community facility",false,3037160025
3814,120,447862,10391,"residential, commercial, public, institutional, open space, industrial",false,3038140120
3517,65,447863,10412,"residential, commercial, public, semi-public, open space",false,3035170065
3625,35,447864,10391,"residential, commercial, public, institutional, open space, industrial",false,3036250035
3516,67,447865,10412,"residential, commercial, public, semi-public, open space",false,3035160067
3517,5,447866,10412,"residential, commercial, public, semi-public, open space",false,3035170005
3409,32,447867,10429,"residential, commercial, open space",false,3034090032
3801,49,447868,10395,residential,true,3038010049
3801,49,447869,10430,,true,3038010049
3682,13,447870,10401,"industrial, commercial, public, community facility",false,3036820013
3791,44,447871,10395,residential,false,3037910044
3743,16,447872,10391,"residential, commercial, public, institutional, open space, industrial",false,3037430016
3743,16,447873,10395,residential,false,3037430016
3809,6,447874,10395,residential,false,3038090006
3791,27,447875,10395,residential,false,3037910027
3791,27,447876,10430,,false,3037910027
3717,26,447877,10401,"industrial, commercial, public, community facility",false,3037170026
3749,5,447878,10401,"industrial, commercial, public, community facility",false,3037490005
3314,28,447879,10429,"residential, commercial, open space",false,3033140028
3557,29,447880,10412,"residential, commercial, public, semi-public, open space",false,3035570029
3587,1,447881,10412,"residential, commercial, public, semi-public, open space",false,3035870001
2240,18,447882,10416,residential,false,3022400018
3517,24,447883,10412,"residential, commercial, public, semi-public, open space",false,3035170024
15905,272,452620,10449,,false,4159050272
3712,2,447884,10401,"industrial, commercial, public, community facility",false,3037120002
2185,7501,447885,10383,,false,3021857501
3767,13,447886,10430,,true,3037670013
3540,124,447887,10412,"residential, commercial, public, semi-public, open space",false,3035400124
3517,54,447888,10412,"residential, commercial, public, semi-public, open space",false,3035170054
3461,55,447889,10428,"residential, community facility, open space",false,3034610055
3516,59,447890,10412,"residential, commercial, public, semi-public, open space",false,3035160059
3789,51,447891,10395,residential,false,3037890051
3790,2,447892,10395,residential,false,3037900002
3790,7,447893,10395,residential,false,3037900007
2234,43,447894,10411,residential,false,3022340043
3812,1,447895,10391,"residential, commercial, public, institutional, open space, industrial",false,3038120001
3812,1,447896,10395,"residential, commercial",false,3038120001
3618,11,447897,10390,illegible,false,3036180011
3517,21,447898,10412,"residential, commercial, public, semi-public, open space",false,3035170021
3516,24,447899,10412,"residential, commercial, public, semi-public, open space",false,3035160024
3520,8,447900,10412,,false,3035200008
2269,39,447901,10388,industrial,false,3022690039
15952,14,452621,10442,residential,false,4159520014
3543,4,447902,10412,"residential, commercial, public, semi-public, open space",false,3035430004
3807,30,447903,10395,residential,false,3038070030
3499,15,447904,10412,"residential, commercial, public, semi-public, open space",true,3034990015
2191,23,447905,10383,,false,3021910023
3698,5,447906,10401,"industrial, commercial, public, community facility",false,3036980005
3521,82,447907,10412,"residential, commercial, public, semi-public, open space",false,3035210082
3466,59,447908,10428,"residential, community facility, open space",false,3034660059
3466,16,447909,10428,"residential, community facility, open space",false,3034660016
3286,1,447910,10429,"residential, commercial, open space",false,3032860001
3513,95,447911,10412,,false,3035130095
3567,53,447912,10412,"residential, commercial, public, semi-public, open space",false,3035670053
3807,14,447913,10395,residential,false,3038070014
3865,46,447914,10430,,true,3038650046
3517,48,447915,10412,"residential, commercial, public, semi-public, open space",false,3035170048
3517,52,447916,10412,"residential, commercial, public, semi-public, open space",false,3035170052
3540,25,447917,10412,"residential, commercial, public, semi-public, open space",false,3035400025
3316,18,447937,10429,"residential, commercial, open space",false,3033160018
3712,19,447918,10401,"industrial, commercial, public, community facility",false,3037120019
3207,149,447919,10429,"residential, commercial, open space",false,3032070149
3593,19,447920,10390,illegible,false,3035930019
4068,19,447921,10402,"residential, community facility",false,3040680019
3681,50,447922,10401,"industrial, commercial, public, community facility",false,3036810050
3717,23,447923,10401,"industrial, commercial, public, community facility",false,3037170023
3716,27,447924,10401,"industrial, commercial, public, community facility",false,3037160027
3716,16,447925,10401,"industrial, commercial, public, community facility",false,3037160016
3588,27,447926,10412,"residential, commercial, public, semi-public, open space",false,3035880027
3765,136,447927,10430,,false,3037650136
3692,10,447928,10395,residential,false,3036920010
3616,1,447929,10390,illegible,false,3036160001
3692,21,447930,10395,residential,false,3036920021
3847,15,447931,10391,"residential, commercial, public, institutional, open space, industrial",false,3038470015
3441,17,447932,10429,"residential, commercial, open space",false,3034410017
3516,21,447933,10412,"residential, commercial, public, semi-public, open space",false,3035160021
3517,20,447934,10412,"residential, commercial, public, semi-public, open space",false,3035170020
2185,25,447935,10383,,false,3021850025
3316,37,447938,10429,"residential, commercial, open space",false,3033160037
3683,44,447939,10401,"industrial, commercial, public, community facility",false,3036830044
3518,60,447940,10412,"residential, commercial, public, semi-public, open space",false,3035180060
4068,49,447941,10402,"residential, community facility",false,3040680049
3790,49,447942,10395,residential,false,3037900049
3790,49,447943,10430,,false,3037900049
3845,40,447944,10391,"residential, commercial, public, institutional, open space, industrial",false,3038450040
3593,33,447945,10390,residential,false,3035930033
3602,44,447946,10412,"residential, commercial, public, semi-public, open space",true,3036020044
3560,50,447947,10412,"residential, commercial, public, semi-public, open space",false,3035600050
3466,3,447948,10428,"residential, community facility, open space",false,3034660003
3517,61,447949,10412,"residential, commercial, public, semi-public, open space",false,3035170061
3805,1,447950,10430,,false,3038050001
3683,17,447951,10401,"industrial, commercial, public, community facility",false,3036830017
3588,32,447952,10412,"residential, commercial, public, semi-public, open space",true,3035880032
2269,43,447953,10388,industrial,false,3022690043
3076,18,447954,10436,,false,3030760018
3677,30,447955,10391,"residential, commercial, public, institutional, open space, industrial",false,3036770030
3677,30,447956,10395,residential,false,3036770030
3677,44,447957,10391,"residential, commercial, public, institutional, open space, industrial",false,3036770044
3677,44,447958,10395,residential,false,3036770044
3750,33,447959,10401,"industrial, commercial, public, community facility",false,3037500033
3734,1,447960,10395,industrial,false,3037340001
3734,1,447961,10401,"industrial, commercial, public, community facility",false,3037340001
3683,41,447962,10401,"industrial, commercial, public, community facility",false,3036830041
3809,38,447963,10395,residential,false,3038090038
2269,47,447964,10388,industrial,true,3022690047
3543,6,447965,10412,"residential, commercial, public, semi-public, open space",false,3035430006
3511,63,447966,10395,residential,false,3035110063
4068,4,447967,10402,"residential, community facility",false,3040680004
3830,31,447968,10391,"residential, commercial, public, institutional, open space, industrial",false,3038300031
3830,31,447969,10395,,false,3038300031
3858,3,447970,10391,"residential, commercial, public, institutional, open space, industrial",false,3038580003
3855,10,447971,10391,"residential, commercial, public, institutional, open space, industrial",false,3038550010
1699,70,447972,10395,"public, semi-public",false,3016990070
1699,70,447973,10408,residential,false,3016990070
2266,13,447974,10388,industrial,false,3022660013
3847,25,447975,10391,"residential, commercial, public, institutional, open space, industrial",false,3038470025
1706,61,447976,10408,residential,false,3017060061
3516,30,447977,10412,"residential, commercial, public, semi-public, open space",false,3035160030
3518,62,447978,10412,"residential, commercial, public, semi-public, open space",false,3035180062
2266,25,447979,10388,industrial,false,3022660025
3833,47,447980,10430,,true,3038330047
2269,42,447981,10388,industrial,false,3022690042
3851,10,447982,10430,,false,3038510010
4068,53,447983,10402,"residential, community facility",false,3040680053
4068,26,447984,10402,"residential, community facility",false,3040680026
3515,54,447985,10412,"residential, commercial, public, semi-public, open space",false,3035150054
4068,12,447986,10402,"residential, community facility",false,3040680012
3789,19,447987,10395,residential,false,3037890019
3865,47,447988,10430,,true,3038650047
3866,68,447989,10430,,true,3038660068
3683,19,447990,10401,"industrial, commercial, public, community facility",false,3036830019
3737,1,447991,10395,residential,false,3037370001
3737,1,447992,10430,,false,3037370001
3811,23,447993,10391,"residential, commercial, public, institutional, open space, industrial",true,3038110023
3851,23,447994,10430,,false,3038510023
3080,50,447995,10410,residential,false,3030800050
3081,50,447996,10410,residential,false,3030810050
3518,12,447997,10412,"residential, commercial, public, semi-public, open space",false,3035180012
3586,24,447998,10412,"residential, commercial, public, semi-public, open space",false,3035860024
3811,1,447999,10391,"residential, commercial, public, institutional, open space, industrial",false,3038110001
3811,1,448000,10395,"residential, commercial",false,3038110001
3517,49,448001,10412,"residential, commercial, public, semi-public, open space",false,3035170049
3519,23,448002,10412,"residential, commercial, public, semi-public, open space",false,3035190023
3601,50,448003,10412,"residential, commercial, public, semi-public, open space",false,3036010050
4068,8,448004,10402,"residential, community facility",false,3040680008
3466,8,448005,10428,"residential, community facility, open space",false,3034660008
2197,3,448006,10383,,false,3021970003
3865,25,448007,10430,,true,3038650025
4082,10,448008,10402,"residential, community facility",false,3040820010
3518,9,448009,10412,"residential, commercial, public, semi-public, open space",false,3035180009
15900,4,452382,10449,,false,4159000004
15905,207,452383,10449,,false,4159050207
3513,1,448026,10412,"residential, commercial, public, semi-public, open space",false,3035130001
2270,1,448027,10388,"residential, commercial",false,3022700001
3677,26,448064,10395,residential,false,3036770026
4452,510,448010,10407,,false,3044520510
4085,5,448011,10402,"residential, community facility",false,3040850005
3743,36,448012,10391,"residential, commercial, public, institutional, open space, industrial",false,3037430036
3743,36,448013,10395,open space,false,3037430036
3593,31,448014,10390,illegible,false,3035930031
3515,47,448015,10412,"residential, commercial, public, semi-public, open space",false,3035150047
3080,70,448016,10410,residential,false,3030800070
3677,31,448017,10391,"residential, commercial, public, institutional, open space, industrial",false,3036770031
3677,31,448018,10395,residential,false,3036770031
3569,10,448019,10412,"residential, commercial, public, semi-public, open space",false,3035690010
3831,1,448020,10391,"residential, commercial, public, institutional, open space, industrial",false,3038310001
3831,1,448021,10395,residential,false,3038310001
2175,7502,448022,10383,,false,3021757502
3683,4,448023,10401,"industrial, commercial, public, community facility",false,3036830004
3515,48,448024,10412,"residential, commercial, public, semi-public, open space",false,3035150048
3587,22,448025,10412,"residential, commercial, public, semi-public, open space",false,3035870022
3683,11,448028,10401,"industrial, commercial, public, community facility",false,3036830011
3517,22,448029,10412,"residential, commercial, public, semi-public, open space",false,3035170022
3845,47,448030,10391,"residential, commercial, public, institutional, open space, industrial",false,3038450047
3830,25,448031,10391,"residential, commercial, public, institutional, open space, industrial",false,3038300025
3830,25,448032,10395,,false,3038300025
3534,17,448033,10412,"residential, commercial, public, semi-public, open space",false,3035340017
4068,57,448034,10402,"residential, community facility",false,3040680057
3790,48,448035,10395,residential,false,3037900048
3466,13,448036,10428,"residential, community facility, open space",false,3034660013
3516,57,448037,10412,"residential, commercial, public, semi-public, open space",false,3035160057
3772,40,448038,10430,,false,3037720040
4084,10,448039,10402,"residential, community facility",false,3040840010
2185,4,448040,10383,,false,3021850004
3771,51,448041,10430,,false,3037710051
3789,35,448042,10395,residential,false,3037890035
3789,35,448043,10430,,false,3037890035
15905,264,452384,10449,,false,4159050264
3803,1,448044,10395,residential,false,3038030001
3803,1,448045,10430,,false,3038030001
3677,26,448063,10391,"residential, commercial, public, institutional, open space, industrial",false,3036770026
4452,450,448046,10407,,false,3044520450
3601,9,448047,10412,"residential, commercial, public, semi-public, open space",false,3036010009
3806,9,448048,10395,residential,false,3038060009
3830,19,448049,10391,"residential, commercial, public, institutional, open space, industrial",false,3038300019
3830,19,448050,10395,,false,3038300019
3567,23,448051,10412,"residential, commercial, public, semi-public, open space",false,3035670023
3586,43,448052,10412,"residential, commercial, public, semi-public, open space",false,3035860043
3830,3,448053,10391,"residential, commercial, public, institutional, open space, industrial",false,3038300003
3830,3,448054,10395,,false,3038300003
3543,5,448055,10412,"residential, commercial, public, semi-public, open space",false,3035430005
3716,33,448056,10401,"industrial, commercial, public, community facility",false,3037160033
3853,1,448057,10430,,false,3038530001
2185,1,448058,10383,,false,3021850001
2269,29,448059,10388,industrial,true,3022690029
3275,47,448060,10429,"residential, commercial, open space",false,3032750047
3518,29,448061,10412,"residential, commercial, public, semi-public, open space",false,3035180029
3799,46,448062,10430,,true,3037990046
3846,1,448065,10391,"residential, commercial, public, institutional, open space, industrial",false,3038460001
3787,1,448066,10395,residential,false,3037870001
3787,1,448067,10430,,false,3037870001
3790,16,448068,10395,residential,false,3037900016
3790,16,448069,10430,,false,3037900016
3830,29,448070,10391,"residential, commercial, public, institutional, open space, industrial",false,3038300029
3830,29,448071,10395,,false,3038300029
1957,21,448072,10384,,false,3019570021
1557,11,448073,10395,,false,3015570011
3589,43,448074,10412,"residential, commercial, public, semi-public, open space",false,3035890043
3325,1,448075,10429,"residential, commercial, open space",false,3033250001
3081,70,448076,10410,residential,false,3030810070
3335,58,448077,10429,"residential, commercial, open space",false,3033350058
3080,20,448078,10410,residential,false,3030800020
3601,49,448079,10412,"residential, commercial, public, semi-public, open space",false,3036010049
3586,26,448080,10412,"residential, commercial, public, semi-public, open space",true,3035860026
3567,14,448091,10412,"residential, commercial, public, semi-public, open space",false,3035670014
2266,38,448092,10388,industrial,false,3022660038
1988,47,448093,10395,,false,3019880047
4366,1,448185,10417,industrial,false,3043660001
4452,170,448081,10407,,false,3044520170
4447,1,448082,10407,,true,3044470001
3799,49,448083,10430,,true,3037990049
3516,55,448084,10412,"residential, commercial, public, semi-public, open space",false,3035160055
3569,8,448085,10412,"residential, commercial, public, semi-public, open space",false,3035690008
3716,20,448086,10401,"industrial, commercial, public, community facility",false,3037160020
4082,35,448087,10402,"residential, community facility",false,3040820035
3515,61,448088,10412,"residential, commercial, public, semi-public, open space",false,3035150061
2269,48,448089,10388,industrial,true,3022690048
3746,42,448090,10401,"industrial, commercial, public, community facility",false,3037460042
2197,15,448094,10383,,false,3021970015
1709,23,448095,10395,open space,false,3017090023
3677,7,448096,10391,"residential, commercial, public, institutional, open space, industrial",true,3036770007
3677,7,448097,10395,residential,true,3036770007
3350,28,448098,10429,"residential, commercial, open space",false,3033500028
3557,3,448099,10412,"residential, commercial, public, semi-public, open space",false,3035570003
3817,116,448100,10395,residential,false,3038170116
3817,116,448101,10430,,false,3038170116
1557,33,448102,10395,,false,3015570033
1557,33,448103,10432,industrial,false,3015570033
3517,4,448104,10412,"residential, commercial, public, semi-public, open space",false,3035170004
3516,61,448105,10412,"residential, commercial, public, semi-public, open space",false,3035160061
3628,1,448106,10390,illegible,false,3036280001
3625,36,448107,10391,"residential, commercial, public, institutional, open space, industrial",false,3036250036
1532,29,448108,10432,residential,false,3015320029
3767,12,448109,10430,,true,3037670012
4068,55,448110,10402,"residential, community facility",false,3040680055
1730,131,448111,10388,"public, semi-public, open space, parking",false,3017300131
3517,58,448112,10412,"residential, commercial, public, semi-public, open space",false,3035170058
2197,20,448113,10383,,false,3021970020
3693,17,448114,10395,residential,false,3036930017
3824,41,448115,10395,residential,false,3038240041
926,1,448116,10384,,false,3009260001
3830,54,448117,10391,"residential, commercial, public, institutional, open space, industrial",false,3038300054
3830,54,448118,10395,,false,3038300054
3830,6,448119,10391,"residential, commercial, public, institutional, open space, industrial",false,3038300006
3830,6,448120,10395,,false,3038300006
1695,12,448121,10395,residential,false,3016950012
1695,12,448122,10408,residential,false,3016950012
3516,52,448123,10412,"residential, commercial, public, semi-public, open space",false,3035160052
3677,38,448124,10395,residential,false,3036770038
3784,1,448125,10395,residential,false,3037840001
3784,1,448126,10430,,false,3037840001
1699,64,448127,10395,"public, semi-public",false,3016990064
1722,163,448128,10388,"residential, commercial",false,3017220163
1520,28,448129,10432,residential,false,3015200028
3993,1,448130,10395,residential,false,3039930001
3854,9,448131,10430,,false,3038540009
1470,23,448132,10419,"residential, open space",false,3014700023
3854,2,448133,10430,,false,3038540002
4452,480,448134,10407,,false,3044520480
4082,4,448135,10402,"residential, community facility",false,3040820004
3585,11,448136,10412,"residential, commercial, public, semi-public, open space",false,3035850011
3516,15,448137,10412,"residential, commercial, public, semi-public, open space",false,3035160015
1538,18,448138,10432,residential,false,3015380018
1524,60,448139,10395,,false,3015240060
1524,60,448140,10432,residential,false,3015240060
3521,32,448141,10412,"residential, commercial, public, semi-public, open space",false,3035210032
1636,1,448142,10395,,false,3016360001
3305,1,448143,10429,"residential, commercial, open space",false,3033050001
3516,3,448144,10412,"residential, commercial, public, semi-public, open space",false,3035160003
3517,18,448145,10412,"residential, commercial, public, semi-public, open space",false,3035170018
4443,1,448146,10407,,false,3044430001
3567,22,448147,10412,"residential, commercial, public, semi-public, open space",false,3035670022
3517,10,448148,10412,"residential, commercial, public, semi-public, open space",false,3035170010
3316,25,448149,10429,"residential, commercial, open space",false,3033160025
3316,22,448150,10429,"residential, commercial, open space",false,3033160022
3515,51,448151,10412,"residential, commercial, public, semi-public, open space",false,3035150051
3540,37,448152,10412,"residential, commercial, public, semi-public, open space",false,3035400037
2191,40,448153,10383,,false,3021910040
3840,37,448154,10395,residential,false,3038400037
3560,47,448155,10412,"residential, commercial, public, semi-public, open space",false,3035600047
4452,401,448156,10407,,true,3044520401
3517,26,448157,10412,"residential, commercial, public, semi-public, open space",false,3035170026
15962,87,452622,10442,street,false,4159620087
3516,6,448158,10412,"residential, commercial, public, semi-public, open space",false,3035160006
3801,3,448159,10395,residential,true,3038010003
3801,3,448160,10430,,true,3038010003
2186,1,448161,10383,,false,3021860001
3683,46,448162,10401,"industrial, commercial, public, community facility",false,3036830046
3683,14,448163,10401,"industrial, commercial, public, community facility",false,3036830014
3771,48,448164,10430,,false,3037710048
2266,24,448184,10388,industrial,false,3022660024
3813,1,448165,10391,"residential, commercial, public, institutional, open space, industrial",false,3038130001
3692,30,448166,10391,"residential, commercial, public, institutional, open space, industrial",false,3036920030
3692,30,448167,10395,residential,false,3036920030
3518,56,448168,10412,"residential, commercial, public, semi-public, open space",false,3035180056
3692,31,448169,10391,"residential, commercial, public, institutional, open space, industrial",false,3036920031
3692,31,448170,10395,residential,false,3036920031
3846,6,448171,10391,"residential, commercial, public, institutional, open space, industrial",false,3038460006
2250,7,448172,10388,industrial,false,3022500007
2269,49,448173,10388,industrial,true,3022690049
3830,7,448174,10391,"residential, commercial, public, institutional, open space, industrial",false,3038300007
3830,7,448175,10395,,false,3038300007
4084,21,448176,10402,"residential, community facility",false,3040840021
3681,39,448177,10401,"industrial, commercial, public, community facility",false,3036810039
3243,7,448178,10429,"residential, commercial, open space",false,3032430007
3738,30,448179,10395,open space,false,3037380030
3738,30,448180,10430,,false,3037380030
3137,1,448181,10426,"residential, commercial",true,3031370001
3858,5,448182,10391,"residential, commercial, public, institutional, open space, industrial",false,3038580005
3845,48,448183,10391,"residential, commercial, public, institutional, open space, industrial",false,3038450048
3749,11,448186,10401,"industrial, commercial, public, community facility",false,3037490011
1726,135,448187,10388,"residential, community facility, recreational, open space",false,3017260135
3772,6,448188,10395,illegible,false,3037720006
3772,6,448189,10430,,false,3037720006
3638,12,448190,10390,illegible,false,3036380012
3637,24,448191,10390,illegible,false,3036370024
2181,1,448192,10383,,false,3021810001
3676,21,448193,10391,"residential, commercial, public, institutional, open space, industrial",false,3036760021
3676,21,448194,10395,residential,false,3036760021
4068,60,448195,10402,"residential, community facility",false,3040680060
3804,1,448196,10430,,false,3038040001
3605,10,448197,10390,easement,false,3036050010
3316,32,448198,10429,"residential, commercial, open space",false,3033160032
3681,14,448199,10401,"industrial, commercial, public, community facility",false,3036810014
3677,6,448200,10391,"residential, commercial, public, institutional, open space, industrial",true,3036770006
3677,6,448201,10395,residential,true,3036770006
1770,72,448202,10387,residential,false,3017700072
3587,23,448203,10412,"residential, commercial, public, semi-public, open space",false,3035870023
3585,8,448204,10412,"residential, commercial, public, semi-public, open space",false,3035850008
3818,46,448205,10395,residential,false,3038180046
3818,46,448206,10430,,false,3038180046
3516,7,448207,10412,"residential, commercial, public, semi-public, open space",false,3035160007
2269,18,448208,10388,industrial,true,3022690018
2270,10,448209,10388,"residential, community facility, recreational, open space",false,3022700010
15903,29,452623,10449,,false,4159030029
3601,22,448210,10412,"residential, commercial, public, semi-public, open space",false,3036010022
3567,19,448211,10412,"residential, commercial, public, semi-public, open space",false,3035670019
3712,41,448212,10401,"industrial, commercial, public, community facility",false,3037120041
3494,10,448213,10412,"residential, commercial, public, semi-public, open space",false,3034940010
2266,17,448214,10388,industrial,false,3022660017
3417,1,448215,10429,"residential, commercial, open space",false,3034170001
3517,17,448216,10412,"residential, commercial, public, semi-public, open space",false,3035170017
3750,1,448217,10401,"industrial, commercial, public, community facility",false,3037500001
3618,17,448218,10390,illegible,false,3036180017
3681,36,448219,10401,"industrial, commercial, public, community facility",true,3036810036
3618,25,448220,10390,illegible,false,3036180025
3718,1,448221,10395,industrial,false,3037180001
3718,1,448222,10401,"industrial, commercial, public, community facility",false,3037180001
3137,11,448223,10426,"residential, commercial",true,3031370011
3692,29,448224,10391,"residential, commercial, public, institutional, open space, industrial",false,3036920029
3692,29,448225,10395,residential,false,3036920029
3692,34,448226,10391,"residential, commercial, public, institutional, open space, industrial",true,3036920034
3692,34,448227,10395,residential,true,3036920034
3692,2,448228,10391,"residential, commercial, public, institutional, open space, industrial",true,3036920002
3692,2,448229,10395,residential,true,3036920002
3817,19,448230,10395,residential,true,3038170019
3817,19,448231,10430,,true,3038170019
3519,20,448232,10412,"residential, commercial, public, semi-public, open space",false,3035190020
3799,47,448233,10430,,true,3037990047
3842,24,448234,10395,residential,false,3038420024
3842,24,448235,10430,,false,3038420024
3684,14,448236,10401,"industrial, commercial, public, community facility",false,3036840014
3692,6,448237,10395,residential,true,3036920006
3316,43,448238,10429,"residential, commercial, open space",false,3033160043
3559,20,448239,10412,"residential, commercial, public, semi-public, open space",false,3035590020
3316,19,448240,10429,"residential, commercial, open space",false,3033160019
3517,8,448241,10412,"residential, commercial, public, semi-public, open space",false,3035170008
3567,24,448242,10412,"residential, commercial, public, semi-public, open space",false,3035670024
3790,1,448243,10395,residential,false,3037900001
3790,1,448244,10430,,false,3037900001
3801,1,448245,10395,residential,true,3038010001
3801,1,448246,10430,,true,3038010001
2185,15,448247,10383,,false,3021850015
3588,33,448248,10412,"residential, commercial, public, semi-public, open space",true,3035880033
3699,33,448249,10401,"industrial, commercial, public, community facility",false,3036990033
3812,21,448250,10391,"residential, commercial, public, institutional, open space, industrial",true,3038120021
4068,48,448251,10402,"residential, community facility",false,3040680048
3684,13,448252,10401,"industrial, commercial, public, community facility",false,3036840013
3817,16,448253,10395,residential,true,3038170016
3817,16,448254,10430,,true,3038170016
3618,24,448255,10390,illegible,false,3036180024
3618,15,448256,10390,illegible,false,3036180015
2269,35,448257,10388,industrial,true,3022690035
3586,42,448258,10412,"residential, commercial, public, semi-public, open space",false,3035860042
3841,41,448259,10395,residential,false,3038410041
3841,41,448260,10430,,false,3038410041
3830,8,448261,10391,"residential, commercial, public, institutional, open space, industrial",false,3038300008
3830,8,448262,10395,,false,3038300008
3516,5,448263,10412,"residential, commercial, public, semi-public, open space",false,3035160005
2185,9,448264,10383,,false,3021850009
3553,21,448265,10412,"residential, commercial, public, semi-public, open space",false,3035530021
3516,69,448266,10412,"residential, commercial, public, semi-public, open space",false,3035160069
3517,72,448267,10412,"residential, commercial, public, semi-public, open space",false,3035170072
3518,18,448268,10412,"residential, commercial, public, semi-public, open space",false,3035180018
3768,18,448269,10395,residential,false,3037680018
3768,18,448270,10430,,false,3037680018
3517,63,448271,10412,"residential, commercial, public, semi-public, open space",false,3035170063
2175,75,448272,10383,,false,3021750075
3511,58,448273,10395,residential,false,3035110058
3789,18,448274,10395,residential,false,3037890018
3586,40,448275,10412,"residential, commercial, public, semi-public, open space",false,3035860040
3627,55,448276,10390,illegible,true,3036270055
3684,7,448277,10401,"industrial, commercial, public, community facility",false,3036840007
3787,5,448278,10395,residential,false,3037870005
3787,5,448279,10430,,false,3037870005
3699,34,448280,10401,"industrial, commercial, public, community facility",false,3036990034
3316,44,448281,10429,"residential, commercial, open space",false,3033160044
4084,4,448282,10402,"residential, community facility",false,3040840004
3840,39,448283,10395,residential,false,3038400039
3516,70,448284,10412,"residential, commercial, public, semi-public, open space",false,3035160070
3305,5,448285,10429,"residential, commercial, open space",false,3033050005
3695,13,448286,10401,"industrial, commercial, public, community facility",false,3036950013
3791,34,448287,10395,residential,false,3037910034
3695,9,448288,10401,"industrial, commercial, public, community facility",false,3036950009
4068,31,448289,10402,"residential, community facility",false,3040680031
3521,72,448290,10412,"residential, commercial, public, semi-public, open space",false,3035210072
3461,6,448291,10428,"residential, community facility, open space",false,3034610006
4451,1,448292,10407,,false,3044510001
2191,37,448293,10383,,false,3021910037
3461,8,448294,10428,"residential, community facility, open space",false,3034610008
3830,5,448295,10391,"residential, commercial, public, institutional, open space, industrial",false,3038300005
3830,5,448296,10395,,false,3038300005
3699,36,448297,10401,"industrial, commercial, public, community facility",false,3036990036
3799,48,448298,10430,,true,3037990048
3765,134,448299,10430,,false,3037650134
3540,36,448300,10412,"residential, commercial, public, semi-public, open space",false,3035400036
3305,61,448301,10429,"residential, commercial, open space",false,3033050061
4068,59,448302,10402,"residential, community facility",false,3040680059
4068,29,448303,10402,"residential, community facility",false,3040680029
3695,5,448304,10401,"industrial, commercial, public, community facility",false,3036950005
2250,11,448305,10388,industrial,false,3022500011
3516,68,448306,10412,"residential, commercial, public, semi-public, open space",false,3035160068
3567,7,448307,10412,"residential, commercial, public, semi-public, open space",false,3035670007
3342,1,448308,10429,"residential, commercial, open space",false,3033420001
3716,32,448309,10401,"industrial, commercial, public, community facility",false,3037160032
4142,32,448310,10400,industrial,true,3041420032
3517,47,448311,10412,"residential, commercial, public, semi-public, open space",false,3035170047
3806,8,448312,10395,residential,false,3038060008
4082,13,448313,10402,"residential, community facility",false,3040820013
4082,16,448314,10402,"residential, community facility",false,3040820016
3753,3,448315,10401,"industrial, commercial, public, community facility",true,3037530003
3789,17,448316,10395,residential,false,3037890017
3682,55,448317,10401,"industrial, commercial, public, community facility",false,3036820055
3818,33,448318,10395,residential,false,3038180033
3818,33,448319,10430,,false,3038180033
3791,29,448320,10395,residential,false,3037910029
3517,11,448321,10412,"residential, commercial, public, semi-public, open space",false,3035170011
15905,271,452385,10449,,false,4159050271
3514,7,448322,10412,"residential, commercial, public, semi-public, open space",false,3035140007
3512,14,448323,10412,"residential, commercial, public, semi-public, open space",false,3035120014
3549,44,448324,10395,residential,true,3035490044
2191,2,448325,10383,,false,3021910002
3518,53,448326,10412,"residential, commercial, public, semi-public, open space",false,3035180053
3512,51,448327,10412,"residential, commercial, public, semi-public, open space",false,3035120051
3516,19,448328,10412,"residential, commercial, public, semi-public, open space",false,3035160019
2192,50,448329,10383,,false,3021920050
2266,1,448330,10388,industrial,false,3022660001
3517,50,448331,10412,"residential, commercial, public, semi-public, open space",false,3035170050
4452,550,448332,10407,,false,3044520550
3789,42,448333,10395,residential,false,3037890042
3684,12,448334,10401,"industrial, commercial, public, community facility",false,3036840012
3695,6,448335,10401,"industrial, commercial, public, community facility",false,3036950006
3840,36,448336,10395,residential,false,3038400036
3880,65,448337,10403,"public, commercial, industrial",false,3038800065
3677,35,448338,10395,residential,false,3036770035
3802,38,448339,10395,residential,false,3038020038
3802,38,448340,10430,,false,3038020038
3829,1,448341,10391,"residential, commercial, public, institutional, open space, industrial",false,3038290001
3743,35,448342,10395,open space,false,3037430035
3799,50,448343,10430,,true,3037990050
3096,30,448344,10410,residential,false,3030960030
3518,11,448345,10412,"residential, commercial, public, semi-public, open space",false,3035180011
3296,68,448346,10429,"residential, commercial, open space",false,3032960068
3515,65,448347,10412,"residential, commercial, public, semi-public, open space",false,3035150065
3678,4,448348,10401,"industrial, commercial, public, community facility",false,3036780004
3746,46,448349,10401,"industrial, commercial, public, community facility",false,3037460046
3692,26,448350,10391,"residential, commercial, public, institutional, open space, industrial",false,3036920026
3692,26,448351,10395,residential,false,3036920026
3677,28,448369,10391,"residential, commercial, public, institutional, open space, industrial",false,3036770028
3743,19,448352,10391,"residential, commercial, public, institutional, open space, industrial",false,3037430019
3743,19,448353,10395,open space,false,3037430019
3678,2,448354,10401,"industrial, commercial, public, community facility",false,3036780002
3692,18,448355,10395,residential,false,3036920018
3076,6,448356,10436,,false,3030760006
3700,8,448357,10401,"industrial, commercial, public, community facility",false,3037000008
3518,21,448358,10412,"residential, commercial, public, semi-public, open space",false,3035180021
3466,4,448359,10428,"residential, community facility, open space",false,3034660004
2171,7501,448360,10383,,false,3021717501
4068,58,448361,10402,"residential, community facility",false,3040680058
3618,12,448362,10390,illegible,false,3036180012
3316,27,448363,10429,"residential, commercial, open space",false,3033160027
4085,8,448364,10402,"residential, community facility",false,3040850008
3601,19,448365,10412,"residential, commercial, public, semi-public, open space",false,3036010019
3770,1,448366,10395,residential,false,3037700001
3770,1,448367,10430,,false,3037700001
3677,36,448368,10395,residential,false,3036770036
3677,28,448370,10395,residential,false,3036770028
3845,1,448371,10391,"residential, commercial, public, institutional, open space, industrial",false,3038450001
3296,62,448372,10429,"residential, commercial, open space",false,3032960062
2249,37,448373,10388,industrial,false,3022490037
3825,21,448374,10430,,false,3038250021
2185,3,448375,10383,,false,3021850003
3515,43,448376,10412,"residential, commercial, public, semi-public, open space",false,3035150043
3773,56,448377,10430,,true,3037730056
3683,9,448378,10401,"industrial, commercial, public, community facility",false,3036830009
4084,7,448379,10402,"residential, community facility",false,3040840007
3676,25,448380,10391,"residential, commercial, public, institutional, open space, industrial",false,3036760025
3676,25,448381,10395,residential,false,3036760025
3681,138,448382,10401,"industrial, commercial, public, community facility",false,3036810138
2269,50,448383,10388,industrial,true,3022690050
3521,34,448384,10412,"residential, commercial, public, semi-public, open space",false,3035210034
3516,50,448385,10412,"residential, commercial, public, semi-public, open space",false,3035160050
3692,37,448386,10391,"residential, commercial, public, institutional, open space, industrial",true,3036920037
3692,37,448387,10395,residential,true,3036920037
3818,39,448388,10395,residential,false,3038180039
3818,39,448389,10430,,false,3038180039
4444,1,448445,10407,,true,3044440001
2191,14,448390,10383,,false,3021910014
4085,12,448391,10402,"residential, community facility",false,3040850012
15906,1,452635,10449,,false,4159060001
2191,29,448392,10383,,false,3021910029
3569,6,448393,10412,"residential, commercial, public, semi-public, open space",false,3035690006
3518,51,448394,10412,"residential, commercial, public, semi-public, open space",false,3035180051
3789,40,448395,10395,residential,false,3037890040
3790,11,448396,10395,residential,false,3037900011
3790,11,448397,10430,,false,3037900011
3316,30,448398,10429,"residential, commercial, open space",false,3033160030
3846,37,448399,10391,"residential, commercial, public, institutional, open space, industrial",false,3038460037
4082,42,448400,10402,"residential, community facility",false,3040820042
3559,11,448401,10412,,false,3035590011
4452,500,448402,10407,,false,3044520500
3518,13,448403,10412,"residential, commercial, public, semi-public, open space",false,3035180013
4448,1,448404,10407,,false,3044480001
3559,9,448405,10412,"residential, commercial, public, semi-public, open space",false,3035590009
4085,4,448406,10402,"residential, community facility",false,3040850004
3845,129,448407,10391,"residential, commercial, public, institutional, open space, industrial",false,3038450129
3542,1,448408,10412,,false,3035420001
3830,11,448409,10391,"residential, commercial, public, institutional, open space, industrial",false,3038300011
3830,11,448410,10395,,false,3038300011
4068,14,448411,10402,"residential, community facility",false,3040680014
3543,43,448412,10412,"residential, commercial, public, semi-public, open space",false,3035430043
3846,49,448413,10391,"residential, commercial, public, institutional, open space, industrial",false,3038460049
3806,19,448414,10395,residential,false,3038060019
3830,30,448415,10391,"residential, commercial, public, institutional, open space, industrial",false,3038300030
3830,30,448416,10395,,false,3038300030
3830,13,448417,10391,"residential, commercial, public, institutional, open space, industrial",false,3038300013
3830,13,448418,10395,,false,3038300013
3516,64,448419,10412,"residential, commercial, public, semi-public, open space",false,3035160064
3840,38,448420,10395,residential,false,3038400038
3838,40,448421,10430,,false,3038380040
3692,27,448422,10391,"residential, commercial, public, institutional, open space, industrial",false,3036920027
3692,27,448423,10395,residential,false,3036920027
3335,57,448424,10429,"residential, commercial, open space",false,3033350057
3790,15,448425,10395,residential,false,3037900015
3851,24,448484,10430,,false,3038510024
3518,24,448426,10412,"residential, commercial, public, semi-public, open space",false,3035180024
3518,54,448427,10412,"residential, commercial, public, semi-public, open space",false,3035180054
3817,12,448428,10395,residential,false,3038170012
3817,12,448429,10430,,false,3038170012
3683,43,448430,10401,"industrial, commercial, public, community facility",false,3036830043
3637,59,448431,10390,illegible,false,3036370059
3852,1,448432,10430,,false,3038520001
4082,34,448433,10402,"residential, community facility",false,3040820034
3517,13,448434,10412,"residential, commercial, public, semi-public, open space",false,3035170013
3516,16,448435,10412,"residential, commercial, public, semi-public, open space",false,3035160016
3847,45,448436,10391,"residential, commercial, public, institutional, open space, industrial",false,3038470045
3518,61,448437,10412,"residential, commercial, public, semi-public, open space",false,3035180061
3521,75,448438,10412,"residential, commercial, public, semi-public, open space",false,3035210075
4082,22,448439,10402,"residential, community facility",false,3040820022
4084,20,448440,10402,"residential, community facility",false,3040840020
2266,12,448441,10388,industrial,false,3022660012
3602,7,448442,10412,"residential, commercial, public, semi-public, open space",false,3036020007
3818,43,448443,10395,residential,false,3038180043
3818,43,448444,10430,,false,3038180043
3569,9,448446,10412,"residential, commercial, public, semi-public, open space",false,3035690009
3806,48,448447,10395,residential,false,3038060048
3830,21,448448,10391,"residential, commercial, public, institutional, open space, industrial",false,3038300021
3830,21,448449,10395,,false,3038300021
4085,3,448450,10402,"residential, community facility",false,3040850003
3516,4,448451,10412,"residential, commercial, public, semi-public, open space",false,3035160004
3540,19,448452,10412,"residential, commercial, public, semi-public, open space",false,3035400019
2245,149,448453,10388,industrial,true,3022450149
3137,9,448454,10426,"residential, commercial",true,3031370009
3704,35,448455,10395,open space,false,3037040035
3704,35,448456,10430,,false,3037040035
2250,8,448457,10388,industrial,false,3022500008
4082,39,448458,10402,"residential, community facility",false,3040820039
3791,18,448459,10395,residential,false,3037910018
3559,1,448460,10412,"residential, commercial, public, semi-public, open space",false,3035590001
3521,11,448461,10412,"residential, commercial, public, semi-public, open space",false,3035210011
3792,1,448462,10395,residential,false,3037920001
3792,1,448463,10430,,false,3037920001
3574,1,448464,10412,"residential, commercial, public, semi-public, open space",false,3035740001
3570,1,448465,10412,,false,3035700001
3677,39,448466,10391,"residential, commercial, public, institutional, open space, industrial",false,3036770039
3677,39,448467,10395,residential,false,3036770039
3519,26,448468,10412,"residential, commercial, public, semi-public, open space",false,3035190026
3516,27,448469,10412,"residential, commercial, public, semi-public, open space",false,3035160027
3830,42,448470,10391,"residential, commercial, public, institutional, open space, industrial",false,3038300042
3830,42,448471,10395,,false,3038300042
3830,34,448472,10391,"residential, commercial, public, institutional, open space, industrial",false,3038300034
3830,34,448473,10395,,false,3038300034
3589,11,448474,10412,"residential, commercial, public, semi-public, open space",false,3035890011
3590,11,448475,10390,illegible,false,3035900011
3516,53,448476,10412,"residential, commercial, public, semi-public, open space",false,3035160053
3516,63,448477,10412,"residential, commercial, public, semi-public, open space",false,3035160063
3537,20,448478,10412,"residential, commercial, public, semi-public, open space",false,3035370020
3699,35,448479,10401,"industrial, commercial, public, community facility",false,3036990035
3817,21,448480,10395,residential,true,3038170021
3817,21,448481,10430,,true,3038170021
4068,45,448482,10402,"residential, community facility",false,3040680045
3560,36,448483,10412,"residential, commercial, public, semi-public, open space",false,3035600036
3683,5,448485,10401,"industrial, commercial, public, community facility",false,3036830005
3838,39,448486,10430,,false,3038380039
2191,5,448487,10383,,false,3021910005
3588,35,448488,10412,"residential, commercial, public, semi-public, open space",true,3035880035
3677,9,448489,10391,"residential, commercial, public, institutional, open space, industrial",true,3036770009
3677,9,448490,10395,residential,true,3036770009
3680,29,448491,10401,"industrial, commercial, public, community facility",true,3036800029
3557,16,448492,10412,"residential, commercial, public, semi-public, open space",false,3035570016
3515,8,448493,10412,"residential, commercial, public, semi-public, open space",false,3035150008
3518,23,448494,10412,"residential, commercial, public, semi-public, open space",false,3035180023
4082,43,448495,10402,"residential, community facility",false,3040820043
3601,17,448496,10412,"residential, commercial, public, semi-public, open space",false,3036010017
3826,45,448497,10395,residential,false,3038260045
3695,10,448498,10401,"industrial, commercial, public, community facility",false,3036950010
3137,6,448499,10426,"residential, commercial",true,3031370006
3557,1,448500,10412,"residential, commercial, public, semi-public, open space",false,3035570001
3790,47,448501,10395,residential,false,3037900047
3334,1,448502,10429,"residential, commercial, open space",false,3033340001
15960,3,452636,10442,residential,false,4159600003
3557,22,448503,10412,"residential, commercial, public, semi-public, open space",false,3035570022
3556,43,448504,10412,"residential, commercial, public, semi-public, open space",false,3035560043
3601,11,448505,10412,"residential, commercial, public, semi-public, open space",false,3036010011
2236,7,448506,10416,residential,false,3022360007
4084,16,448507,10402,"residential, community facility",false,3040840016
3567,52,448508,10412,"residential, commercial, public, semi-public, open space",false,3035670052
4082,3,448509,10402,"residential, community facility",false,3040820003
3791,28,448510,10395,residential,true,3037910028
3791,28,448511,10430,,true,3037910028
3076,22,448512,10436,,false,3030760022
3618,13,448513,10390,illegible,false,3036180013
3517,42,448514,10412,"residential, commercial, public, semi-public, open space",false,3035170042
3811,19,448515,10391,"residential, commercial, public, institutional, open space, industrial",true,3038110019
3692,1,448516,10391,"residential, commercial, public, institutional, open space, industrial",true,3036920001
3692,1,448517,10395,residential,true,3036920001
3818,49,448518,10395,residential,false,3038180049
3818,49,448519,10430,,false,3038180049
15960,21,452637,10442,residential,false,4159600021
3316,20,448520,10429,"residential, commercial, open space",false,3033160020
3461,54,448521,10428,"residential, community facility, open space",false,3034610054
3677,48,448522,10391,"residential, commercial, public, institutional, open space, industrial",false,3036770048
3677,48,448523,10395,residential,false,3036770048
3725,1,448524,10395,residential,false,3037250001
3725,1,448525,10430,,false,3037250001
3323,45,448526,10429,"residential, commercial, open space",false,3033230045
4446,1,448527,10407,,true,3044460001
3812,22,448528,10391,"residential, commercial, public, institutional, open space, industrial",true,3038120022
3712,39,448529,10401,"industrial, commercial, public, community facility",false,3037120039
3828,1,448530,10391,"residential, commercial, public, institutional, open space, industrial",false,3038280001
3828,1,448531,10395,open space,false,3038280001
3499,21,448532,10412,"residential, commercial, public, semi-public, open space",true,3034990021
3830,18,448533,10391,"residential, commercial, public, institutional, open space, industrial",false,3038300018
3830,18,448534,10395,,false,3038300018
3830,2,448535,10391,"residential, commercial, public, institutional, open space, industrial",false,3038300002
3830,2,448536,10395,,false,3038300002
3856,7,448537,10391,"residential, commercial, public, institutional, open space, industrial",false,3038560007
3681,40,448538,10401,"industrial, commercial, public, community facility",false,3036810040
3618,33,448539,10390,illegible,false,3036180033
3516,75,448540,10412,"residential, commercial, public, semi-public, open space",false,3035160075
3817,23,448541,10395,residential,true,3038170023
3817,23,448542,10430,,true,3038170023
3692,11,448543,10395,residential,false,3036920011
3695,8,448544,10401,"industrial, commercial, public, community facility",false,3036950008
3692,32,448545,10391,"residential, commercial, public, institutional, open space, industrial",false,3036920032
3692,32,448546,10395,residential,false,3036920032
4082,1,448547,10402,"residential, community facility",false,3040820001
3867,10,448548,10430,,false,3038670010
2266,20,448549,10388,industrial,false,3022660020
3461,4,448550,10428,"residential, community facility, open space",false,3034610004
3693,18,448551,10395,residential,false,3036930018
3566,6,448552,10412,"residential, commercial, public, semi-public, open space",true,3035660006
4082,21,448553,10402,"residential, community facility",false,3040820021
4082,26,448554,10402,"residential, community facility",false,3040820026
3553,27,448555,10412,"residential, commercial, public, semi-public, open space",false,3035530027
3080,40,448556,10410,residential,false,3030800040
3806,49,448557,10395,residential,false,3038060049
3857,27,448558,10391,"residential, commercial, public, institutional, open space, industrial",true,3038570027
3515,45,448559,10412,"residential, commercial, public, semi-public, open space",false,3035150045
3791,39,448560,10395,residential,false,3037910039
3567,28,448561,10412,"residential, commercial, public, semi-public, open space",false,3035670028
3519,22,448562,10412,"residential, commercial, public, semi-public, open space",false,3035190022
3854,4,448563,10430,,false,3038540004
3854,12,448564,10430,,false,3038540012
3533,37,448565,10395,residential,false,3035330037
2236,8,448566,10416,residential,false,3022360008
3851,25,448567,10430,,false,3038510025
3517,62,448568,10412,"residential, commercial, public, semi-public, open space",false,3035170062
3601,52,448569,10412,"residential, commercial, public, semi-public, open space",false,3036010052
2191,9,448570,10383,,false,3021910009
4085,6,448571,10402,"residential, community facility",false,3040850006
3811,17,448572,10391,"residential, commercial, public, institutional, open space, industrial",true,3038110017
3461,13,448573,10428,"residential, community facility, open space",false,3034610013
3518,22,448574,10412,"residential, commercial, public, semi-public, open space",false,3035180022
4068,56,448575,10402,"residential, community facility",false,3040680056
4068,28,448576,10402,"residential, community facility",false,3040680028
2269,31,448577,10388,industrial,true,3022690031
3601,6,448578,10412,"residential, commercial, public, semi-public, open space",false,3036010006
3771,49,448579,10430,,false,3037710049
3516,73,448580,10412,"residential, commercial, public, semi-public, open space",false,3035160073
3754,13,448581,10395,illegible,false,3037540013
3754,13,448582,10430,,false,3037540013
2266,40,448583,10388,industrial,false,3022660040
3511,60,448584,10395,residential,false,3035110060
3081,80,448585,10410,residential,false,3030810080
3715,10,448586,10401,"industrial, commercial, public, community facility",false,3037150010
3789,54,448587,10395,residential,false,3037890054
3518,58,448588,10412,"residential, commercial, public, semi-public, open space",false,3035180058
3682,54,448589,10401,"industrial, commercial, public, community facility",false,3036820054
3567,8,448590,10412,"residential, commercial, public, semi-public, open space",false,3035670008
3540,22,448591,10412,"residential, commercial, public, semi-public, open space",false,3035400022
3511,57,448592,10395,residential,false,3035110057
3601,3,448593,10412,"residential, commercial, public, semi-public, open space",false,3036010003
3515,56,448594,10412,"residential, commercial, public, semi-public, open space",false,3035150056
3461,14,448595,10428,"residential, community facility, open space",false,3034610014
3519,42,448596,10412,"residential, commercial, public, semi-public, open space",false,3035190042
2180,7501,448597,10383,,false,3021807501
4085,13,448598,10402,"residential, community facility",false,3040850013
2191,4,448599,10383,,false,3021910004
3618,21,448600,10390,illegible,false,3036180021
4084,9,448601,10402,"residential, community facility",false,3040840009
4452,460,448602,10407,,false,3044520460
3625,38,448603,10391,"residential, commercial, public, institutional, open space, industrial",false,3036250038
3499,27,448604,10412,"residential, commercial, public, semi-public, open space",false,3034990027
3854,1,448605,10430,,false,3038540001
3510,33,448606,10395,residential,false,3035100033
2269,33,448607,10388,industrial,true,3022690033
3735,1,448608,10395,industrial,false,3037350001
3735,1,448609,10401,"industrial, commercial, public, community facility",false,3037350001
4068,11,448610,10402,"residential, community facility",false,3040680011
3792,29,448611,10395,residential,false,3037920029
3677,42,448612,10391,"residential, commercial, public, institutional, open space, industrial",false,3036770042
3677,42,448613,10395,residential,false,3036770042
3601,16,448614,10412,"residential, commercial, public, semi-public, open space",false,3036010016
3516,23,448615,10412,"residential, commercial, public, semi-public, open space",false,3035160023
3603,25,448616,10390,commercial,false,3036030025
3716,30,448617,10401,"industrial, commercial, public, community facility",false,3037160030
3639,35,448618,10390,"public, semi-public",true,3036390035
3410,1,448619,10429,"residential, commercial, open space",false,3034100001
4068,41,448620,10402,"residential, community facility",false,3040680041
3716,23,448621,10401,"industrial, commercial, public, community facility",false,3037160023
4082,44,448622,10402,"residential, community facility",false,3040820044
3717,24,448623,10401,"industrial, commercial, public, community facility",false,3037170024
3676,24,448624,10391,"residential, commercial, public, institutional, open space, industrial",false,3036760024
3676,24,448625,10395,residential,false,3036760024
3680,129,448626,10401,"industrial, commercial, public, community facility",true,3036800129
2266,18,448627,10388,industrial,true,3022660018
3749,10,448628,10401,"industrial, commercial, public, community facility",false,3037490010
2266,15,448629,10388,industrial,false,3022660015
3516,74,448630,10412,"residential, commercial, public, semi-public, open space",false,3035160074
3601,12,448631,10412,"residential, commercial, public, semi-public, open space",false,3036010012
3856,5,448632,10391,"residential, commercial, public, institutional, open space, industrial",true,3038560005
3749,3,448666,10395,illegible,false,3037490003
3702,30,448633,10401,"industrial, commercial, public, community facility",false,3037020030
4068,35,448634,10402,"residential, community facility",false,3040680035
3410,33,448635,10429,"residential, commercial, open space",false,3034100033
3682,56,448636,10401,"industrial, commercial, public, community facility",false,3036820056
3232,1,448637,10429,"residential, commercial, open space",false,3032320001
4082,40,448638,10402,"residential, community facility",false,3040820040
3818,1,448639,10430,,false,3038180001
3845,49,448640,10391,"residential, commercial, public, institutional, open space, industrial",false,3038450049
3719,15,448641,10401,"industrial, commercial, public, community facility",false,3037190015
3811,27,448642,10391,"residential, commercial, public, institutional, open space, industrial",true,3038110027
3692,3,448643,10391,"residential, commercial, public, institutional, open space, industrial",true,3036920003
3692,3,448644,10395,residential,true,3036920003
3692,107,448645,10395,residential,false,3036920107
4068,20,448646,10402,"residential, community facility",false,3040680020
3567,5,448647,10412,"residential, commercial, public, semi-public, open space",false,3035670005
3830,20,448648,10391,"residential, commercial, public, institutional, open space, industrial",false,3038300020
3830,20,448649,10395,,false,3038300020
3845,5,448650,10391,"residential, commercial, public, institutional, open space, industrial",false,3038450005
3748,47,448651,10401,"industrial, commercial, public, community facility",false,3037480047
4452,540,448652,10407,,false,3044520540
3517,56,448653,10412,"residential, commercial, public, semi-public, open space",false,3035170056
3865,35,448654,10430,,false,3038650035
3811,18,448655,10391,"residential, commercial, public, institutional, open space, industrial",true,3038110018
3817,17,448656,10395,residential,true,3038170017
3817,17,448657,10430,,true,3038170017
3557,23,448658,10412,"residential, commercial, public, semi-public, open space",false,3035570023
3677,45,448659,10391,"residential, commercial, public, institutional, open space, industrial",false,3036770045
3677,45,448660,10395,residential,false,3036770045
3151,12,448661,10426,"residential, commercial",false,3031510012
2249,122,448662,10388,industrial,false,3022490122
3818,37,448663,10395,residential,false,3038180037
3818,37,448664,10430,,false,3038180037
2191,7,448665,10383,,false,3021910007
15960,39,452638,10442,residential,false,4159600039
3749,3,448667,10401,"industrial, commercial, public, community facility",false,3037490003
3681,21,448668,10401,"industrial, commercial, public, community facility",false,3036810021
3826,48,448669,10395,residential,false,3038260048
3826,48,448670,10430,,false,3038260048
3812,20,448671,10391,"residential, commercial, public, institutional, open space, industrial",true,3038120020
3692,16,448672,10395,residential,false,3036920016
3693,16,448673,10395,residential,true,3036930016
3692,12,448674,10395,residential,true,3036920012
3817,22,448675,10395,residential,true,3038170022
3817,22,448676,10430,,true,3038170022
3692,9,448677,10395,residential,false,3036920009
3719,9,448678,10401,"industrial, commercial, public, community facility",false,3037190009
3817,1,448679,10430,,false,3038170001
3588,36,448680,10412,"residential, commercial, public, semi-public, open space",true,3035880036
3847,1,448681,10391,"residential, commercial, public, institutional, open space, industrial",false,3038470001
3593,34,448682,10390,residential,false,3035930034
3694,24,448683,10391,"residential, commercial, public, institutional, open space, industrial",false,3036940024
3694,24,448684,10395,residential,false,3036940024
3692,15,448685,10395,residential,true,3036920015
3590,40,448686,10390,illegible,true,3035900040
3678,3,448687,10401,"industrial, commercial, public, community facility",false,3036780003
3683,37,448688,10401,"industrial, commercial, public, community facility",false,3036830037
3684,18,448689,10401,"industrial, commercial, public, community facility",false,3036840018
3847,26,448690,10391,"residential, commercial, public, institutional, open space, industrial",false,3038470026
3155,1,448691,10429,"residential, commercial, open space",false,3031550001
4452,470,448692,10407,,false,3044520470
3314,42,448693,10429,"residential, commercial, open space",false,3033140042
4068,15,448694,10402,"residential, community facility",false,3040680015
3351,1,448695,10429,"residential, commercial, open space",false,3033510001
3692,23,448696,10391,"residential, commercial, public, institutional, open space, industrial",false,3036920023
3692,23,448697,10395,residential,false,3036920023
3818,35,448698,10395,residential,false,3038180035
3818,35,448699,10430,,false,3038180035
2266,34,448700,10388,industrial,false,3022660034
2266,16,448701,10388,industrial,false,3022660016
3335,56,448702,10429,"residential, commercial, open space",false,3033350056
4084,23,448703,10402,"residential, community facility",false,3040840023
3822,6,448704,10430,,false,3038220006
3305,36,448705,10429,"residential, commercial, open space",false,3033050036
3618,14,448706,10390,illegible,false,3036180014
3618,3,448707,10390,illegible,false,3036180003
3811,21,448708,10391,"residential, commercial, public, institutional, open space, industrial",true,3038110021
3789,30,448709,10395,residential,false,3037890030
3791,25,448710,10395,residential,true,3037910025
3791,25,448711,10430,,true,3037910025
3818,41,448712,10395,residential,false,3038180041
3818,41,448713,10430,,false,3038180041
3857,25,448714,10391,"residential, commercial, public, institutional, open space, industrial",true,3038570025
3316,42,448715,10429,"residential, commercial, open space",false,3033160042
3316,103,448716,10429,"residential, commercial, open space",false,3033160103
3830,39,448717,10391,"residential, commercial, public, institutional, open space, industrial",false,3038300039
3830,39,448718,10395,,false,3038300039
3227,45,448719,10429,"residential, commercial, open space",false,3032270045
3589,12,448720,10412,"residential, commercial, public, semi-public, open space",false,3035890012
2266,41,448721,10388,industrial,false,3022660041
3865,24,448722,10430,,true,3038650024
3137,86,448723,10426,"residential, commercial, residential",false,3031370086
3541,7,448724,10412,"residential, commercial, public, semi-public, open space",false,3035410007
2240,17,448725,10416,residential,false,3022400017
3812,121,448726,10391,"residential, commercial, public, institutional, open space, industrial",true,3038120121
3515,59,448727,10412,"residential, commercial, public, semi-public, open space",false,3035150059
4082,9,448728,10402,"residential, community facility",false,3040820009
3825,13,448729,10395,residential,false,3038250013
3825,13,448730,10430,,false,3038250013
3316,31,448731,10429,"residential, commercial, open space",false,3033160031
3799,35,448732,10430,,false,3037990035
3341,1,448733,10429,"residential, commercial, open space",false,3033410001
3854,8,448734,10430,,false,3038540008
4068,50,448735,10402,"residential, community facility",false,3040680050
3803,128,448736,10395,residential,false,3038030128
3803,128,448737,10430,,false,3038030128
3516,17,448738,10412,"residential, commercial, public, semi-public, open space",false,3035160017
3516,62,448739,10412,"residential, commercial, public, semi-public, open space",false,3035160062
3518,63,448740,10412,"residential, commercial, public, semi-public, open space",true,3035180063
4068,16,448741,10402,"residential, community facility",false,3040680016
3521,6,448742,10412,"residential, commercial, public, semi-public, open space",false,3035210006
3584,37,448743,10412,"residential, commercial, public, semi-public, open space",false,3035840037
15961,63,452639,10442,open space,true,4159610063
3543,39,448744,10412,"residential, commercial, public, semi-public, open space",false,3035430039
2232,47,448745,10416,residential,false,3022320047
3516,58,448746,10412,"residential, commercial, public, semi-public, open space",false,3035160058
2231,51,448747,10416,residential,false,3022310051
3560,48,448748,10412,"residential, commercial, public, semi-public, open space",false,3035600048
4068,30,448749,10402,"residential, community facility",false,3040680030
3518,1,448750,10412,"residential, commercial, public, semi-public, open space",false,3035180001
4082,41,448751,10402,"residential, community facility",false,3040820041
3461,53,448752,10428,"residential, community facility, open space",false,3034610053
3517,27,448753,10412,"residential, commercial, public, semi-public, open space",false,3035170027
3774,1,448754,10430,,false,3037740001
3520,5,448755,10412,,false,3035200005
4082,23,448756,10402,"residential, community facility",false,3040820023
3497,1,448757,10412,"residential, commercial, public, semi-public, open space",false,3034970001
3305,24,448758,10429,"residential, commercial, open space",false,3033050024
3560,49,448759,10412,"residential, commercial, public, semi-public, open space",false,3035600049
3533,31,448760,10395,residential,false,3035330031
3521,2,448761,10412,"residential, commercial, public, semi-public, open space",false,3035210002
3515,52,448762,10412,"residential, commercial, public, semi-public, open space",false,3035150052
3826,9,448763,10395,residential,false,3038260009
3789,12,448764,10395,residential,false,3037890012
3520,1,448765,10412,"residential, commercial, public, semi-public, open space",false,3035200001
3461,1,448766,10428,"residential, community facility, open space",false,3034610001
3567,51,448767,10412,"residential, commercial, public, semi-public, open space",false,3035670051
3567,6,448768,10412,"residential, commercial, public, semi-public, open space",true,3035670006
3517,57,448769,10412,"residential, commercial, public, semi-public, open space",false,3035170057
2272,52,448770,10388,industrial,true,3022720052
3515,50,448771,10412,"residential, commercial, public, semi-public, open space",false,3035150050
3305,70,448772,10429,"residential, commercial, open space",false,3033050070
3601,4,448773,10412,"residential, commercial, public, semi-public, open space",false,3036010004
3297,1,448774,10429,"residential, commercial, open space",false,3032970001
3846,50,448775,10391,"residential, commercial, public, institutional, open space, industrial",false,3038460050
3589,1,448776,10412,"residential, commercial, public, semi-public, open space",true,3035890001
3601,8,448777,10412,"residential, commercial, public, semi-public, open space",false,3036010008
3517,16,448778,10412,"residential, commercial, public, semi-public, open space",false,3035170016
15962,28,452640,10442,open space,true,4159620028
3196,53,448779,10429,"residential, commercial, open space",false,3031960053
3511,13,448780,10391,"residential, commercial, public, institutional, open space, industrial",true,3035110013
3677,33,448781,10391,"residential, commercial, public, institutional, open space, industrial",false,3036770033
3677,33,448782,10395,residential,false,3036770033
3518,31,448783,10412,"residential, commercial, public, semi-public, open space",false,3035180031
3305,50,448784,10429,"residential, commercial, open space",false,3033050050
3712,3,448785,10401,"industrial, commercial, public, community facility",false,3037120003
3137,24,448786,10426,residential,false,3031370024
3806,7,448787,10395,residential,false,3038060007
3533,40,448788,10395,residential,false,3035330040
2185,17,448789,10383,,false,3021850017
3077,1,448790,10436,"residential, commercial",false,3030770001
3855,1,448791,10391,"residential, commercial, public, institutional, open space, industrial",false,3038550001
3865,27,448792,10430,,true,3038650027
3733,1,448793,10395,industrial,false,3037330001
3733,1,448794,10401,"industrial, commercial, public, community facility",false,3037330001
3557,19,448795,10412,"residential, commercial, public, semi-public, open space",false,3035570019
3518,52,448796,10412,"residential, commercial, public, semi-public, open space",false,3035180052
3683,55,448797,10401,"industrial, commercial, public, community facility",false,3036830055
3602,43,448798,10412,"residential, commercial, public, semi-public, open space",false,3036020043
3518,14,448799,10412,"residential, commercial, public, semi-public, open space",false,3035180014
3515,62,448800,10412,"residential, commercial, public, semi-public, open space",false,3035150062
2175,90,448801,10383,,false,3021750090
4082,28,448802,10402,"residential, community facility",false,3040820028
3517,45,448803,10412,"residential, commercial, public, semi-public, open space",false,3035170045
3516,66,448804,10412,"residential, commercial, public, semi-public, open space",false,3035160066
4082,11,448805,10402,"residential, community facility",false,3040820011
3850,1,448806,10430,,true,3038500001
3805,24,448807,10430,,false,3038050024
3517,40,448808,10412,"residential, commercial, public, semi-public, open space",false,3035170040
3516,22,448809,10412,"residential, commercial, public, semi-public, open space",false,3035160022
3856,17,448810,10391,"residential, commercial, public, institutional, open space, industrial",false,3038560017
3803,130,448811,10395,residential,false,3038030130
3803,130,448812,10430,,false,3038030130
4068,33,448813,10402,"residential, community facility",false,3040680033
4068,54,448814,10402,"residential, community facility",false,3040680054
3639,37,448815,10390,"public, semi-public",true,3036390037
3692,28,448816,10391,"residential, commercial, public, institutional, open space, industrial",false,3036920028
3692,28,448817,10395,residential,false,3036920028
3587,27,448818,10412,"residential, commercial, public, semi-public, open space",true,3035870027
3511,65,448819,10395,residential,false,3035110065
3496,13,448820,10412,"residential, commercial, public, semi-public, open space",false,3034960013
3521,8,448821,10412,"residential, commercial, public, semi-public, open space",false,3035210008
3514,6,448822,10412,"residential, commercial, public, semi-public, open space",true,3035140006
3716,11,448823,10401,"industrial, commercial, public, community facility",false,3037160011
3518,59,448824,10412,"residential, commercial, public, semi-public, open space",false,3035180059
3466,15,448825,10428,"residential, community facility, open space",false,3034660015
3557,5,448826,10412,"residential, commercial, public, semi-public, open space",false,3035570005
3540,24,448827,10412,"residential, commercial, public, semi-public, open space",false,3035400024
4084,5,448828,10402,"residential, community facility",false,3040840005
3683,13,448829,10401,"industrial, commercial, public, community facility",false,3036830013
3516,14,448830,10412,"residential, commercial, public, semi-public, open space",false,3035160014
4084,17,448831,10402,"residential, community facility",false,3040840017
3314,19,448832,10429,"residential, commercial, open space",false,3033140019
2269,28,448833,10388,industrial,true,3022690028
3677,40,448834,10391,"residential, commercial, public, institutional, open space, industrial",false,3036770040
3677,40,448835,10395,residential,false,3036770040
3746,41,448836,10401,"industrial, commercial, public, community facility",false,3037460041
3554,1,448837,10412,"residential, commercial, public, semi-public, open space",false,3035540001
3750,27,448838,10401,"industrial, commercial, public, community facility",false,3037500027
3466,5,448839,10428,"residential, community facility, open space",false,3034660005
3769,1,448840,10395,residential,false,3037690001
3769,1,448841,10430,,false,3037690001
3749,111,448842,10401,"industrial, commercial, public, community facility",false,3037490111
3461,15,448843,10428,"residential, community facility, open space",false,3034610015
3601,18,448844,10412,"residential, commercial, public, semi-public, open space",false,3036010018
3749,20,448845,10401,"industrial, commercial, public, community facility",false,3037490020
2266,39,448846,10388,industrial,false,3022660039
3692,25,448847,10391,"residential, commercial, public, institutional, open space, industrial",false,3036920025
3692,25,448848,10395,residential,false,3036920025
4068,32,448849,10402,"residential, community facility",false,3040680032
3692,20,448850,10395,residential,false,3036920020
3517,69,448851,10412,"residential, commercial, public, semi-public, open space",false,3035170069
3332,1,448852,10429,"residential, commercial, open space",false,3033320001
3805,23,448887,10430,,true,3038050023
3521,80,448853,10412,"residential, commercial, public, semi-public, open space",false,3035210080
4452,490,448854,10407,,false,3044520490
3586,45,448855,10412,"residential, commercial, public, semi-public, open space",false,3035860045
2269,45,448856,10388,industrial,true,3022690045
4452,560,448857,10407,,false,3044520560
3516,48,448858,10412,"residential, commercial, public, semi-public, open space",false,3035160048
3677,15,448859,10391,"residential, commercial, public, institutional, open space, industrial",false,3036770015
3677,15,448860,10395,residential,false,3036770015
3517,1,448861,10412,"residential, commercial, public, semi-public, open space",false,3035170001
3744,1,448862,10391,"residential, commercial, public, institutional, open space, industrial",false,3037440001
3744,1,448863,10395,open space,false,3037440001
3799,45,448864,10430,,true,3037990045
3499,16,448865,10412,"residential, commercial, public, semi-public, open space",false,3034990016
3518,25,448866,10412,"residential, commercial, public, semi-public, open space",false,3035180025
3865,49,448867,10430,,false,3038650049
4068,6,448868,10402,"residential, community facility",false,3040680006
3857,26,448869,10391,"residential, commercial, public, institutional, open space, industrial",true,3038570026
4452,8900,448870,10407,,false,3044528900
3693,19,448871,10395,residential,false,3036930019
3625,34,448872,10391,"residential, commercial, public, institutional, open space, industrial",false,3036250034
3557,25,448873,10412,"residential, commercial, public, semi-public, open space",false,3035570025
3717,7,448874,10401,"industrial, commercial, public, community facility",false,3037170007
3499,20,448875,10412,"residential, commercial, public, semi-public, open space",true,3034990020
3557,17,448876,10412,"residential, commercial, public, semi-public, open space",false,3035570017
3517,7,448877,10412,"residential, commercial, public, semi-public, open space",false,3035170007
3693,23,448878,10395,residential,true,3036930023
3692,22,448879,10395,residential,false,3036920022
3806,4,448880,10395,residential,false,3038060004
4082,37,448881,10402,"residential, community facility",false,3040820037
3334,22,448882,10429,"residential, commercial, open space",false,3033340022
3518,19,448883,10412,"residential, commercial, public, semi-public, open space",false,3035180019
3716,31,448884,10401,"industrial, commercial, public, community facility",false,3037160031
3587,25,448885,10412,"residential, commercial, public, semi-public, open space",false,3035870025
3789,9,448886,10395,residential,false,3037890009
3830,32,448888,10391,"residential, commercial, public, institutional, open space, industrial",false,3038300032
3830,32,448889,10395,,false,3038300032
3584,47,448890,10412,"residential, commercial, public, semi-public, open space",false,3035840047
3858,1,448891,10391,"residential, commercial, public, institutional, open space, industrial",false,3038580001
3867,9,448892,10430,,false,3038670009
3521,74,448893,10412,"residential, commercial, public, semi-public, open space",false,3035210074
4082,5,448894,10402,"residential, community facility",false,3040820005
4085,10,448895,10402,"residential, community facility",false,3040850010
3695,4,448896,10401,"industrial, commercial, public, community facility",false,3036950004
3712,5,448897,10401,"industrial, commercial, public, community facility",false,3037120005
3806,21,448898,10395,residential,false,3038060021
4068,18,448899,10402,"residential, community facility",false,3040680018
4084,3,448900,10402,"residential, community facility",false,3040840003
3461,57,448901,10428,"residential, community facility, open space",false,3034610057
3516,11,448902,10412,"residential, commercial, public, semi-public, open space",false,3035160011
3683,35,448903,10401,"industrial, commercial, public, community facility",false,3036830035
3677,46,448904,10391,"residential, commercial, public, institutional, open space, industrial",false,3036770046
3677,46,448905,10395,residential,false,3036770046
3803,6,448906,10395,illegible,true,3038030006
3803,6,448907,10430,,true,3038030006
4586,300,448908,10407,,false,3045860300
2250,10,448909,10388,industrial,false,3022500010
2175,60,448910,10383,,false,3021750060
3749,9,448911,10401,"industrial, commercial, public, community facility",false,3037490009
3693,20,448912,10395,residential,false,3036930020
2240,31,448913,10416,residential,false,3022400031
3683,16,448914,10401,"industrial, commercial, public, community facility",false,3036830016
3783,1,448915,10430,,false,3037830001
3854,3,448916,10430,,false,3038540003
3767,27,448917,10395,residential,false,3037670027
3767,27,448918,10430,,false,3037670027
3517,2,448919,10412,"residential, commercial, public, semi-public, open space",false,3035170002
3692,19,449171,10395,residential,true,3036920019
3586,1,448920,10412,"residential, commercial, public, semi-public, open space",false,3035860001
3857,5,448921,10391,"residential, commercial, public, institutional, open space, industrial",false,3038570005
3558,1,448922,10412,,false,3035580001
3499,22,448923,10412,"residential, commercial, public, semi-public, open space",true,3034990022
3683,102,448924,10401,"industrial, commercial, public, community facility",false,3036830102
3677,3,448925,10391,"residential, commercial, public, institutional, open space, industrial",true,3036770003
3677,3,448926,10395,residential,true,3036770003
3557,45,448927,10412,"residential, commercial, public, semi-public, open space",false,3035570045
2266,29,448928,10388,industrial,false,3022660029
3676,27,448929,10391,"residential, commercial, public, institutional, open space, industrial",false,3036760027
3676,27,448930,10395,residential,false,3036760027
3811,25,448931,10391,"residential, commercial, public, institutional, open space, industrial",false,3038110025
15962,46,452641,10442,street,false,4159620046
3811,26,448932,10391,"residential, commercial, public, institutional, open space, industrial",true,3038110026
3588,34,448933,10412,"residential, commercial, public, semi-public, open space",true,3035880034
3296,46,448934,10429,"residential, commercial, open space",false,3032960046
3296,4,448935,10429,"residential, commercial, open space",false,3032960004
3857,1,448936,10391,"residential, commercial, public, institutional, open space, industrial",false,3038570001
4068,1,448937,10402,"residential, community facility",false,3040680001
4452,425,448938,10407,,false,3044520425
3517,55,448939,10412,"residential, commercial, public, semi-public, open space",false,3035170055
3771,50,448940,10430,,false,3037710050
4068,46,448941,10402,"residential, community facility",false,3040680046
2191,35,448942,10383,,false,3021910035
3676,19,448943,10391,"residential, commercial, public, institutional, open space, industrial",false,3036760019
3676,19,448944,10395,residential,false,3036760019
3540,16,448945,10412,"residential, commercial, public, semi-public, open space",false,3035400016
3511,22,448946,10391,"residential, commercial, public, institutional, open space, industrial",false,3035110022
3567,20,448947,10412,"residential, commercial, public, semi-public, open space",false,3035670020
3789,34,448948,10395,residential,false,3037890034
3784,6,448949,10395,residential,false,3037840006
3784,6,448950,10430,,false,3037840006
3789,33,448951,10395,residential,false,3037890033
3677,49,448952,10391,"residential, commercial, public, institutional, open space, industrial",false,3036770049
3677,49,448953,10395,residential,false,3036770049
3618,23,448954,10390,illegible,false,3036180023
3817,20,448955,10395,residential,true,3038170020
3817,20,448956,10430,,true,3038170020
3817,18,448957,10395,residential,true,3038170018
3817,18,448958,10430,,true,3038170018
3700,1,448959,10401,"industrial, commercial, public, community facility",false,3037000001
3750,4,448960,10401,"industrial, commercial, public, community facility",false,3037500004
3096,1,448961,10410,residential,false,3030960001
3699,38,448962,10401,"industrial, commercial, public, community facility",false,3036990038
3757,1,448963,10430,,false,3037570001
3846,149,448964,10391,"residential, commercial, public, institutional, open space, industrial",false,3038460149
3540,23,448965,10412,"residential, commercial, public, semi-public, open space",false,3035400023
3276,1,448966,10429,"residential, commercial, open space",false,3032760001
15950,55,452386,10449,,false,4159500055
2191,18,448967,10383,,false,3021910018
3845,41,448968,10391,"residential, commercial, public, institutional, open space, industrial",false,3038450041
3105,109,448969,10410,residential,false,3031050109
3512,21,448970,10412,"residential, commercial, public, semi-public, open space",false,3035120021
3811,24,448989,10391,"residential, commercial, public, institutional, open space, industrial",true,3038110024
3499,32,448971,10412,"residential, commercial, public, semi-public, open space",false,3034990032
3806,54,448972,10395,residential,false,3038060054
3830,17,448973,10391,"residential, commercial, public, institutional, open space, industrial",false,3038300017
3830,17,448974,10395,,false,3038300017
3841,7,448975,10395,residential,false,3038410007
3841,7,448976,10430,,false,3038410007
2181,35,448977,10383,,false,3021810035
3517,12,448978,10412,"residential, commercial, public, semi-public, open space",false,3035170012
3519,44,448979,10412,"residential, commercial, public, semi-public, open space",false,3035190044
3677,34,448980,10391,"residential, commercial, public, institutional, open space, industrial",false,3036770034
3677,34,448981,10395,residential,false,3036770034
3716,28,448982,10401,"industrial, commercial, public, community facility",false,3037160028
3749,12,448983,10401,"industrial, commercial, public, community facility",false,3037490012
3567,12,448984,10412,"residential, commercial, public, semi-public, open space",false,3035670012
4082,6,448985,10402,"residential, community facility",false,3040820006
4082,45,448986,10402,"residential, community facility",false,3040820045
4068,17,448987,10402,"residential, community facility",false,3040680017
3461,52,448988,10428,"residential, community facility, open space",false,3034610052
3830,47,449078,10395,,false,3038300047
3858,2,448990,10391,"residential, commercial, public, institutional, open space, industrial",false,3038580002
3603,7,448991,10390,industrial,false,3036030007
3601,15,448992,10412,"residential, commercial, public, semi-public, open space",false,3036010015
3854,10,448993,10430,,false,3038540010
2272,51,448994,10388,industrial,true,3022720051
2185,12,448995,10383,,false,3021850012
3625,37,448996,10391,"residential, commercial, public, institutional, open space, industrial",false,3036250037
3466,9,448997,10428,"residential, community facility, open space",false,3034660009
3715,7,448998,10401,"industrial, commercial, public, community facility",false,3037150007
4068,3,448999,10402,"residential, community facility",false,3040680003
3285,49,449000,10429,"residential, commercial, open space",false,3032850049
15962,75,452642,10442,street,false,4159620075
3625,41,449001,10391,"residential, commercial, public, institutional, open space, industrial",false,3036250041
3557,2,449002,10412,"residential, commercial, public, semi-public, open space",false,3035570002
5103,79,449003,10431,"commercial, parking",false,3051030079
3517,14,449004,10412,"residential, commercial, public, semi-public, open space",false,3035170014
2167,1,449005,10383,,false,3021670001
2175,70,449006,10383,,false,3021750070
3790,4,449007,10395,residential,false,3037900004
3790,4,449008,10430,,false,3037900004
3702,36,449009,10401,"industrial, commercial, public, community facility",false,3037020036
3825,38,449010,10395,residential,false,3038250038
3847,47,449011,10391,"residential, commercial, public, institutional, open space, industrial",false,3038470047
3518,66,449012,10412,"residential, commercial, public, semi-public, open space",false,3035180066
3702,1,449013,10401,"industrial, commercial, public, community facility",false,3037020001
3586,44,449014,10412,"residential, commercial, public, semi-public, open space",false,3035860044
3518,20,449015,10412,"residential, commercial, public, semi-public, open space",false,3035180020
2185,23,449016,10383,,false,3021850023
15905,114,452387,10449,,false,4159050114
3854,5,449017,10430,,false,3038540005
3717,3,449018,10401,"industrial, commercial, public, community facility",false,3037170003
3461,56,449019,10428,"residential, community facility, open space",false,3034610056
3559,28,449020,10412,"residential, commercial, public, semi-public, open space",false,3035590028
3683,18,449021,10401,"industrial, commercial, public, community facility",false,3036830018
3589,21,449022,10412,"residential, commercial, public, semi-public, open space",false,3035890021
4082,8,449023,10402,"residential, community facility",false,3040820008
4082,36,449024,10402,"residential, community facility",false,3040820036
3461,12,449025,10428,"residential, community facility, open space",false,3034610012
3872,75,449026,10403,"public, commercial, industrial",false,3038720075
3790,3,449027,10395,residential,false,3037900003
4068,51,449028,10402,"residential, community facility",false,3040680051
2234,2,449029,10411,residential,false,3022340002
2266,21,449030,10388,industrial,false,3022660021
3855,38,449031,10391,"residential, commercial, public, institutional, open space, industrial",false,3038550038
2191,27,449032,10383,,false,3021910027
2240,40,449033,10416,residential,false,3022400040
2269,40,449034,10388,industrial,false,3022690040
2269,17,449035,10388,industrial,true,3022690017
3587,24,449036,10412,"residential, commercial, public, semi-public, open space",false,3035870024
3678,5,449037,10401,"industrial, commercial, public, community facility",false,3036780005
3801,5,449038,10395,residential,false,3038010005
3801,5,449039,10430,,false,3038010005
3683,42,449040,10401,"industrial, commercial, public, community facility",false,3036830042
3716,21,449041,10401,"industrial, commercial, public, community facility",false,3037160021
3791,26,449042,10395,residential,false,3037910026
3791,26,449043,10430,,false,3037910026
3518,50,449044,10412,"residential, commercial, public, semi-public, open space",false,3035180050
3717,1,449045,10401,"industrial, commercial, public, community facility",false,3037170001
3519,43,449046,10412,"residential, commercial, public, semi-public, open space",false,3035190043
3617,13,449047,10390,illegible,false,3036170013
4084,12,449048,10402,"residential, community facility",false,3040840012
3567,54,449049,10412,"residential, commercial, public, semi-public, open space",false,3035670054
3830,24,449050,10391,"residential, commercial, public, institutional, open space, industrial",false,3038300024
3830,24,449051,10395,,false,3038300024
2185,11,449052,10383,,false,3021850011
2266,14,449053,10388,industrial,false,3022660014
3515,41,449054,10412,"residential, commercial, public, semi-public, open space",false,3035150041
3830,9,449055,10391,"residential, commercial, public, institutional, open space, industrial",false,3038300009
3830,9,449056,10395,,false,3038300009
3466,58,449057,10428,"residential, community facility, open space",false,3034660058
3830,14,449058,10391,"residential, commercial, public, institutional, open space, industrial",false,3038300014
3830,14,449059,10395,,false,3038300014
3335,1,449060,10429,"residential, commercial, open space",false,3033350001
3518,8,449061,10412,"residential, commercial, public, semi-public, open space",false,3035180008
3699,37,449062,10401,"industrial, commercial, public, community facility",false,3036990037
3692,14,449063,10395,residential,false,3036920014
3585,29,449064,10412,"residential, commercial, public, semi-public, open space",false,3035850029
3767,11,449065,10430,,true,3037670011
3606,10,449066,10390,illegible,false,3036060010
3518,28,449067,10412,"residential, commercial, public, semi-public, open space",false,3035180028
3683,15,449068,10401,"industrial, commercial, public, community facility",false,3036830015
3682,53,449069,10401,"industrial, commercial, public, community facility",false,3036820053
3516,54,449070,10412,"residential, commercial, public, semi-public, open space",false,3035160054
3549,43,449071,10395,residential,true,3035490043
3567,30,449072,10412,"residential, commercial, public, semi-public, open space",false,3035670030
3569,51,449073,10412,"residential, commercial, public, semi-public, open space",false,3035690051
3518,57,449074,10412,"residential, commercial, public, semi-public, open space",false,3035180057
3856,6,449075,10391,"residential, commercial, public, institutional, open space, industrial",false,3038560006
4085,1,449076,10402,"residential, community facility",false,3040850001
3830,47,449077,10391,"residential, commercial, public, institutional, open space, industrial",false,3038300047
3511,44,449079,10391,"residential, commercial, public, institutional, open space, industrial",false,3035110044
3511,44,449080,10395,residential,false,3035110044
3334,50,449081,10429,"residential, commercial, open space",false,3033340050
2273,26,449082,10388,"residential, commercial",false,3022730026
3677,2,449083,10391,"residential, commercial, public, institutional, open space, industrial",true,3036770002
3677,2,449084,10395,residential,true,3036770002
3785,1,449085,10395,"residential, open space",false,3037850001
3785,1,449086,10430,,false,3037850001
4449,1,449087,10407,,false,3044490001
5126,12,449088,10431,"commercial, parking",false,3051260012
4084,18,449089,10402,"residential, community facility",false,3040840018
4084,19,449090,10402,"residential, community facility",false,3040840019
3434,42,449091,10429,"residential, commercial, open space",false,3034340042
4082,7,449092,10402,"residential, community facility",false,3040820007
2266,48,449093,10388,industrial,false,3022660048
3514,69,449094,10412,"residential, commercial, public, semi-public, open space",false,3035140069
3511,72,449095,10395,residential,false,3035110072
3851,15,449096,10430,,false,3038510015
2186,7502,449097,10383,,false,3021867502
3466,7,449098,10428,"residential, community facility, open space",false,3034660007
2236,6,449099,10416,residential,false,3022360006
3775,24,449100,10430,,false,3037750024
3854,11,449101,10430,,false,3038540011
3601,10,449102,10412,"residential, commercial, public, semi-public, open space",false,3036010010
3520,4,449103,10412,"residential, commercial, public, semi-public, open space",false,3035200004
3461,3,449104,10428,"residential, community facility, open space",false,3034610003
3567,1,449105,10412,"residential, commercial, public, semi-public, open space",false,3035670001
3536,18,449106,10412,"residential, commercial, public, semi-public, open space",false,3035360018
3441,18,449107,10429,"residential, commercial, open space",false,3034410018
3692,5,449108,10395,residential,false,3036920005
3702,25,449109,10401,"industrial, commercial, public, community facility",false,3037020025
3683,2,449110,10401,"industrial, commercial, public, community facility",false,3036830002
3767,10,449111,10430,,true,3037670010
3519,25,449112,10412,"residential, commercial, public, semi-public, open space",false,3035190025
2269,14,449113,10388,industrial,true,3022690014
3517,73,449114,10412,"residential, commercial, public, semi-public, open space",false,3035170073
2191,21,449115,10383,,false,3021910021
3692,7,449170,10395,residential,false,3036920007
2191,10,449116,10383,,false,3021910010
3867,8,449117,10430,,false,3038670008
3811,124,449118,10391,"residential, commercial, public, institutional, open space, industrial",true,3038110124
3521,73,449119,10412,"residential, commercial, public, semi-public, open space",false,3035210073
3521,33,449120,10412,"residential, commercial, public, semi-public, open space",false,3035210033
3618,19,449121,10390,illegible,false,3036180019
3739,29,449122,10395,open space,false,3037390029
3739,29,449123,10430,,false,3037390029
2272,53,449124,10388,industrial,true,3022720053
3699,31,449125,10401,"industrial, commercial, public, community facility",false,3036990031
2266,19,449126,10388,industrial,false,3022660019
2238,8,449127,10411,residential,false,3022380008
2191,12,449128,10383,,false,3021910012
3104,1,449129,10436,commercial,false,3031040001
3807,15,449130,10395,residential,false,3038070015
3847,6,449131,10391,"residential, commercial, public, institutional, open space, industrial",false,3038470006
3846,16,449132,10391,"residential, commercial, public, institutional, open space, industrial",false,3038460016
4084,14,449133,10402,"residential, community facility",false,3040840014
3841,12,449134,10395,residential,false,3038410012
3517,43,449135,10412,"residential, commercial, public, semi-public, open space",false,3035170043
3314,50,449136,10429,"residential, commercial, open space",false,3033140050
3316,23,449137,10429,"residential, commercial, open space",false,3033160023
3518,17,449138,10412,"residential, commercial, public, semi-public, open space",false,3035180017
3684,8,449139,10401,"industrial, commercial, public, community facility",false,3036840008
4068,44,449140,10402,"residential, community facility",false,3040680044
3736,1,449141,10395,residential,false,3037360001
3736,1,449142,10401,"industrial, commercial, public, community facility",false,3037360001
3541,1,449143,10412,,false,3035410001
3316,1,449144,10429,"residential, commercial, open space",false,3033160001
3602,9,449145,10412,"residential, commercial, public, semi-public, open space",false,3036020009
3557,24,449146,10412,"residential, commercial, public, semi-public, open space",false,3035570024
3461,5,449147,10428,"residential, community facility, open space",false,3034610005
3617,25,449148,10390,illegible,false,3036170025
3512,1,449149,10412,"residential, commercial, public, semi-public, open space",false,3035120001
3512,19,449150,10412,"residential, commercial, public, semi-public, open space",false,3035120019
3517,67,449151,10412,"residential, commercial, public, semi-public, open space",false,3035170067
3573,18,449152,10412,"residential, commercial, public, semi-public, open space",false,3035730018
3517,51,449153,10412,"residential, commercial, public, semi-public, open space",false,3035170051
3677,10,449154,10391,"residential, commercial, public, institutional, open space, industrial",true,3036770010
3677,10,449155,10395,residential,true,3036770010
3848,22,449156,10391,"residential, commercial, public, institutional, open space, industrial",false,3038480022
3516,1,449157,10412,"residential, commercial, public, semi-public, open space",false,3035160001
3516,65,449158,10412,"residential, commercial, public, semi-public, open space",false,3035160065
3683,140,449159,10401,"industrial, commercial, public, community facility",false,3036830140
3499,25,449160,10412,"residential, commercial, public, semi-public, open space",false,3034990025
3746,39,449161,10401,"industrial, commercial, public, community facility",false,3037460039
3692,105,449162,10395,residential,false,3036920105
3692,8,449163,10395,residential,false,3036920008
3841,32,449164,10395,residential,true,3038410032
3841,32,449165,10430,,true,3038410032
3683,56,449166,10401,"industrial, commercial, public, community facility",false,3036830056
3830,4,449167,10391,"residential, commercial, public, institutional, open space, industrial",false,3038300004
3830,4,449168,10395,,false,3038300004
3716,1,449169,10401,"industrial, commercial, public, community facility",false,3037160001
3692,13,449172,10395,residential,false,3036920013
3517,53,449173,10412,"residential, commercial, public, semi-public, open space",false,3035170053
3516,25,449174,10412,"residential, commercial, public, semi-public, open space",false,3035160025
3081,75,449175,10410,residential,false,3030810075
3857,24,449176,10391,"residential, commercial, public, institutional, open space, industrial",true,3038570024
4084,1,449177,10402,"residential, community facility",false,3040840001
3802,1,449178,10430,,false,3038020001
3593,1,449179,10390,illegible,false,3035930001
4445,1,449180,10407,,false,3044450001
3517,60,449181,10412,"residential, commercial, public, semi-public, open space",false,3035170060
4068,7,449182,10402,"residential, community facility",false,3040680007
3676,15,449183,10391,"residential, commercial, public, institutional, open space, industrial",false,3036760015
3676,15,449184,10395,residential,false,3036760015
3814,1,449185,10391,"residential, commercial, public, institutional, open space, industrial",false,3038140001
3814,1,449186,10395,"residential, commercial",false,3038140001
2181,25,449187,10383,,false,3021810025
2175,80,449188,10383,,false,3021750080
3677,32,449189,10391,"residential, commercial, public, institutional, open space, industrial",false,3036770032
3677,32,449190,10395,residential,false,3036770032
3681,38,449191,10401,"industrial, commercial, public, community facility",false,3036810038
3717,20,449192,10401,"industrial, commercial, public, community facility",false,3037170020
3535,16,449193,10412,,false,3035350016
3515,46,449194,10412,"residential, commercial, public, semi-public, open space",false,3035150046
2240,15,449195,10416,residential,false,3022400015
3461,50,449196,10428,"residential, community facility, open space",false,3034610050
4068,10,449197,10402,"residential, community facility",false,3040680010
3078,1,449198,10436,"residential, commercial",false,3030780001
3683,12,449199,10401,"industrial, commercial, public, community facility",false,3036830012
3569,1,449200,10412,"residential, commercial, public, semi-public, open space",false,3035690001
3789,8,449201,10395,residential,false,3037890008
3845,19,449202,10391,"residential, commercial, public, institutional, open space, industrial",false,3038450019
3593,32,449203,10390,residential,false,3035930032
3466,1,449204,10428,"residential, community facility, open space",false,3034660001
3799,51,449205,10430,,true,3037990051
2186,7501,449206,10383,,false,3021867501
2238,1,449207,10411,residential,false,3022380001
3556,11,449208,10412,"residential, commercial, public, semi-public, open space",false,3035560011
3518,55,449209,10412,"residential, commercial, public, semi-public, open space",false,3035180055
3771,47,449210,10430,,false,3037710047
3516,60,449211,10412,"residential, commercial, public, semi-public, open space",false,3035160060
4068,52,449212,10402,"residential, community facility",false,3040680052
3512,9,449213,10412,"residential, commercial, public, semi-public, open space",false,3035120009
3466,11,449214,10428,"residential, community facility, open space",false,3034660011
3817,11,449215,10395,residential,false,3038170011
3817,11,449216,10430,,false,3038170011
3081,60,449217,10410,residential,false,3030810060
3847,14,449218,10391,"residential, commercial, public, institutional, open space, industrial",false,3038470014
3080,10,449219,10410,residential,false,3030800010
3543,8,449220,10412,"residential, commercial, public, semi-public, open space",false,3035430008
3298,33,449221,10429,"residential, commercial, open space",false,3032980033
4082,27,449222,10402,"residential, community facility",false,3040820027
4082,14,449223,10402,"residential, community facility",false,3040820014
4068,47,449224,10402,"residential, community facility",false,3040680047
3254,34,449225,10429,"residential, commercial, open space",false,3032540034
2185,22,449226,10383,,false,3021850022
3677,27,449227,10391,"residential, commercial, public, institutional, open space, industrial",false,3036770027
3677,27,449228,10395,residential,false,3036770027
3807,12,449229,10395,residential,false,3038070012
3830,1,449230,10391,"residential, commercial, public, institutional, open space, industrial",false,3038300001
3830,1,449231,10395,,false,3038300001
3676,26,449232,10391,"residential, commercial, public, institutional, open space, industrial",false,3036760026
3676,26,449233,10395,residential,false,3036760026
3841,11,449234,10395,residential,false,3038410011
3618,6,449235,10390,illegible,false,3036180006
3615,1,449236,10390,illegible,false,3036150001
5132,1,449237,10431,"commercial, parking",false,3051320001
5126,13,449238,10431,"commercial, parking",false,3051260013
5132,12,449239,10431,"commercial, parking",false,3051320012
2266,9,449240,10388,industrial,false,3022660009
3517,41,449241,10412,"residential, commercial, public, semi-public, open space",false,3035170041
2231,49,449242,10416,residential,false,3022310049
3316,21,449243,10429,"residential, commercial, open space",false,3033160021
5133,3,449244,10431,"commercial, parking",false,3051330003
5109,34,449245,10431,"commercial, parking",false,3051090034
5133,65,449246,10431,"commercial, parking",false,3051330065
8155,41,449247,10403,"public, commercial, industrial",false,3081550041
8149,300,449248,10403,"public, commercial, industrial",false,3081490300
5109,25,449249,10431,"commercial, parking",false,3051090025
5133,8,449250,10431,"commercial, parking",false,3051330008
8152,201,449251,10403,"public, commercial, industrial",false,3081520201
8152,1,449252,10403,"public, commercial, industrial",false,3081520001
8138,250,449253,10403,"public, commercial, industrial",false,3081380250
8152,300,449254,10403,"public, commercial, industrial",true,3081520300
8156,100,449255,10403,"public, commercial, industrial",false,3081560100
8138,1,449256,10403,"public, commercial, industrial",false,3081380001
8134,301,449257,10403,"public, commercial, industrial",false,3081340301
8149,1,449258,10403,"public, commercial, industrial",false,3081490001
8138,205,449259,10403,"public, commercial, industrial",false,3081380205
8156,1,449260,10403,"public, commercial, industrial",false,3081560001
8152,301,449261,10403,"public, commercial, industrial",true,3081520301
8134,1,449262,10403,"public, commercial, industrial",false,3081340001
8138,225,449263,10403,"public, commercial, industrial",false,3081380225
3560,42,449264,10412,"residential, commercial, public, semi-public, open space",false,3035600042
4449,105,449265,10407,,false,3044490105
3677,19,449266,10391,"residential, commercial, public, institutional, open space, industrial",false,3036770019
3677,19,449267,10395,residential,false,3036770019
3543,26,449268,10412,"residential, commercial, public, semi-public, open space",false,3035430026
4452,633,449269,10407,,false,3044520633
4452,712,449270,10407,,false,3044520712
4450,102,449271,10407,,false,3044500102
4450,104,449272,10407,,false,3044500104
4450,120,449273,10407,,false,3044500120
4450,123,449274,10407,,false,3044500123
4452,700,449275,10407,,true,3044520700
4452,810,449276,10407,,false,3044520810
4452,623,449277,10407,,false,3044520623
4452,627,449278,10407,,false,3044520627
4452,615,449279,10407,,false,3044520615
4452,604,449280,10407,,false,3044520604
4452,602,449281,10407,,false,3044520602
4452,715,449282,10407,,false,3044520715
4450,106,449283,10407,,false,3044500106
4450,108,449284,10407,,false,3044500108
4450,116,449285,10407,,false,3044500116
4450,118,449286,10407,,false,3044500118
4452,717,449287,10407,,false,3044520717
4452,702,449288,10407,,false,3044520702
4452,708,449289,10407,,false,3044520708
4449,102,449290,10407,,false,3044490102
4450,111,449291,10407,,false,3044500111
4450,112,449292,10407,,false,3044500112
4452,817,449293,10407,,false,3044520817
4450,122,449294,10407,,false,3044500122
4450,107,449295,10407,,false,3044500107
4450,115,449296,10407,,false,3044500115
4450,127,449297,10407,,false,3044500127
4452,624,449298,10407,,false,3044520624
4452,631,449299,10407,,false,3044520631
4452,606,449300,10407,,false,3044520606
4450,7200,449301,10407,,false,3044507200
1526,49,449302,10395,,false,3015260049
1526,49,449303,10419,"residential, open space",false,3015260049
4452,819,449304,10407,,false,3044520819
4452,834,449305,10407,,false,3044520834
4452,836,449306,10407,,false,3044520836
4452,849,449307,10407,,false,3044520849
4452,845,449308,10407,,false,3044520845
4452,858,449309,10407,,false,3044520858
4452,841,449310,10407,,false,3044520841
4452,870,449311,10407,,false,3044520870
4450,103,449312,10407,,false,3044500103
4450,105,449313,10407,,false,3044500105
4450,119,449314,10407,,false,3044500119
4452,607,449315,10407,,false,3044520607
4452,722,449316,10407,,false,3044520722
4452,718,449317,10407,,false,3044520718
4452,707,449318,10407,,false,3044520707
4452,704,449319,10407,,false,3044520704
4450,130,449320,10407,,false,3044500130
4450,131,449321,10407,,false,3044500131
4449,103,449322,10407,,false,3044490103
4452,622,449323,10407,,false,3044520622
4452,612,449324,10407,,false,3044520612
4452,620,449325,10407,,false,3044520620
4452,609,449326,10407,,false,3044520609
4452,714,449327,10407,,false,3044520714
4452,729,449328,10407,,false,3044520729
4452,821,449329,10407,,false,3044520821
4452,823,449330,10407,,false,3044520823
4452,830,449331,10407,,false,3044520830
4452,832,449332,10407,,false,3044520832
4452,854,449333,10407,,false,3044520854
4452,866,449334,10407,,false,3044520866
4452,850,449335,10407,,false,3044520850
4452,843,449336,10407,,false,3044520843
4452,939,449337,10407,,false,3044520939
4452,937,449338,10407,,false,3044520937
4452,924,449339,10407,,false,3044520924
4452,922,449340,10407,,false,3044520922
4452,920,449341,10407,,false,3044520920
1695,14,449342,10395,residential,false,3016950014
1695,14,449343,10408,residential,false,3016950014
4452,605,449344,10407,,false,3044520605
4452,733,449345,10407,,false,3044520733
4452,703,449346,10407,,false,3044520703
3560,30,449347,10412,"residential, commercial, public, semi-public, open space",false,3035600030
4452,619,449348,10407,,false,3044520619
4452,611,449349,10407,,false,3044520611
4452,711,449350,10407,,false,3044520711
4452,724,449351,10407,,false,3044520724
4452,727,449352,10407,,false,3044520727
4452,730,449353,10407,,false,3044520730
4450,121,449354,10407,,false,3044500121
4450,124,449355,10407,,false,3044500124
4452,943,449356,10407,,false,3044520943
4452,941,449357,10407,,false,3044520941
4452,918,449358,10407,,false,3044520918
4452,813,449359,10407,,false,3044520813
4452,820,449360,10407,,false,3044520820
4452,831,449361,10407,,false,3044520831
4452,837,449362,10407,,false,3044520837
4452,857,449363,10407,,false,3044520857
4452,848,449364,10407,,false,3044520848
4452,844,449365,10407,,false,3044520844
4452,809,449366,10407,,false,3044520809
4452,806,449367,10407,,false,3044520806
4452,917,449368,10407,,false,3044520917
4452,933,449369,10407,,false,3044520933
4452,926,449370,10407,,false,3044520926
4452,919,449371,10407,,false,3044520919
4452,871,449372,10407,,false,3044520871
4452,840,449373,10407,,false,3044520840
4452,824,449374,10407,,false,3044520824
4452,827,449375,10407,,false,3044520827
4452,828,449376,10407,,false,3044520828
4452,865,449377,10407,,false,3044520865
4452,861,449378,10407,,false,3044520861
4452,860,449379,10407,,false,3044520860
4452,846,449380,10407,,false,3044520846
4452,802,449381,10407,,false,3044520802
3617,36,449382,10390,illegible,false,3036170036
4452,930,449383,10407,,false,3044520930
4452,929,449384,10407,,false,3044520929
2266,28,449385,10388,industrial,false,3022660028
2266,46,449386,10388,industrial,false,3022660046
4452,625,449387,10407,,false,3044520625
4452,632,449388,10407,,false,3044520632
4452,601,449389,10407,,false,3044520601
1695,16,449390,10395,residential,false,3016950016
4452,603,449391,10407,,false,3044520603
4452,716,449392,10407,,false,3044520716
4452,720,449393,10407,,false,3044520720
4452,709,449394,10407,,false,3044520709
4452,705,449395,10407,,false,3044520705
4450,113,449396,10407,,false,3044500113
4450,110,449397,10407,,false,3044500110
4450,101,449398,10407,,false,3044500101
4450,126,449399,10407,,false,3044500126
4450,128,449400,10407,,false,3044500128
4452,626,449401,10407,,false,3044520626
4452,628,449402,10407,,false,3044520628
4452,614,449403,10407,,false,3044520614
4452,617,449404,10407,,false,3044520617
4452,725,449405,10407,,false,3044520725
4452,728,449406,10407,,false,3044520728
4452,713,449407,10407,,false,3044520713
4452,701,449408,10407,,false,3044520701
3677,11,449409,10391,"residential, commercial, public, institutional, open space, industrial",false,3036770011
3677,11,449410,10395,residential,false,3036770011
4586,1,449411,10407,,false,3045860001
4450,114,449412,10407,,false,3044500114
4450,129,449413,10407,,false,3044500129
4449,104,449414,10407,,false,3044490104
4452,610,449415,10407,,false,3044520610
4452,621,449416,10407,,false,3044520621
4452,618,449417,10407,,false,3044520618
4452,613,449418,10407,,false,3044520613
4452,735,449419,10407,,false,3044520735
4452,723,449420,10407,,false,3044520723
4452,731,449421,10407,,false,3044520731
4452,732,449422,10407,,false,3044520732
1905,7501,449423,10420,institutional,false,3019057501
3677,18,449424,10391,"residential, commercial, public, institutional, open space, industrial",false,3036770018
3677,18,449425,10395,residential,false,3036770018
2266,32,449426,10388,industrial,false,3022660032
3749,36,449427,10395,illegible,false,3037490036
3749,36,449428,10401,"industrial, commercial, public, community facility",false,3037490036
4452,710,449429,10407,,false,3044520710
4452,816,449430,10407,,false,3044520816
4452,818,449431,10407,,false,3044520818
4452,833,449432,10407,,false,3044520833
4452,835,449433,10407,,false,3044520835
4452,847,449434,10407,,false,3044520847
4452,862,449435,10407,,false,3044520862
4452,839,449436,10407,,false,3044520839
4452,812,449437,10407,,false,3044520812
4452,814,449438,10407,,false,3044520814
4452,838,449439,10407,,false,3044520838
4452,868,449440,10407,,false,3044520868
4452,855,449441,10407,,false,3044520855
4452,851,449442,10407,,false,3044520851
4452,807,449443,10407,,false,3044520807
5132,18,449444,10431,"commercial, parking",false,3051320018
4452,805,449445,10407,,false,3044520805
4452,801,449446,10407,,false,3044520801
4452,811,449447,10407,,false,3044520811
4452,825,449448,10407,,false,3044520825
4452,869,449449,10407,,false,3044520869
4452,826,449450,10407,,false,3044520826
4452,859,449451,10407,,false,3044520859
4452,863,449452,10407,,false,3044520863
4452,864,449453,10407,,false,3044520864
4452,852,449454,10407,,false,3044520852
4452,803,449455,10407,,false,3044520803
4452,804,449456,10407,,false,3044520804
4452,940,449457,10407,,false,3044520940
4452,938,449458,10407,,false,3044520938
4452,923,449459,10407,,false,3044520923
4452,921,449460,10407,,false,3044520921
4452,400,449461,10407,,false,3044520400
1695,13,449462,10395,residential,false,3016950013
1695,13,449463,10408,residential,false,3016950013
3617,40,449464,10390,illegible,false,3036170040
4452,936,449465,10407,,false,3044520936
4452,934,449466,10407,,false,3044520934
4452,927,449467,10407,,false,3044520927
4452,932,449468,10407,,false,3044520932
4452,925,449469,10407,,false,3044520925
2165,7502,449470,10383,,false,3021657502
1905,30,449471,10420,institutional,false,3019050030
2266,22,449472,10388,industrial,false,3022660022
4452,931,449473,10407,,false,3044520931
2266,27,449474,10388,industrial,false,3022660027
2266,50,449475,10388,industrial,false,3022660050
5133,1,449476,10431,"commercial, parking",false,3051330001
5133,50,449477,10431,"commercial, parking",false,3051330050
15905,121,452388,10449,,false,4159050121
15905,139,452389,10449,,false,4159050139
4452,570,449478,10407,,false,3044520570
4452,944,449479,10407,,false,3044520944
2165,7501,449480,10383,,false,3021657501
4450,132,449481,10407,,false,3044500132
4450,109,449482,10407,,false,3044500109
4450,117,449483,10407,,false,3044500117
4450,125,449484,10407,,false,3044500125
4449,101,449485,10407,,false,3044490101
4452,630,449486,10407,,false,3044520630
4452,629,449487,10407,,false,3044520629
4452,616,449488,10407,,false,3044520616
4452,608,449489,10407,,false,3044520608
4452,719,449490,10407,,false,3044520719
4452,721,449491,10407,,false,3044520721
4452,726,449492,10407,,false,3044520726
4452,734,449493,10407,,false,3044520734
4452,706,449494,10407,,false,3044520706
4452,815,449495,10407,,false,3044520815
4452,822,449496,10407,,false,3044520822
4452,829,449497,10407,,false,3044520829
4452,867,449498,10407,,false,3044520867
4452,853,449499,10407,,false,3044520853
4452,856,449500,10407,,false,3044520856
4452,842,449501,10407,,false,3044520842
4452,808,449502,10407,,false,3044520808
4452,942,449503,10407,,false,3044520942
4452,935,449504,10407,,false,3044520935
4452,928,449505,10407,,false,3044520928
1695,15,449506,10395,residential,false,3016950015
1695,15,449507,10408,residential,false,3016950015
3749,26,449508,10395,illegible,false,3037490026
3749,26,449509,10401,"industrial, commercial, public, community facility",false,3037490026
2266,52,449510,10388,industrial,false,3022660052
2203,7,449511,10383,,false,3022030007
2791,46,449512,10413,residential,false,3027910046
2136,34,449513,10427,residential,false,3021360034
2139,26,449514,10427,residential,false,3021390026
2452,5,449515,10425,"residential, commercial, community facility",false,3024520005
2452,4,449516,10425,"residential, commercial, community facility",false,3024520004
2662,8,449517,10437,industrial,false,3026620008
2131,35,449518,10427,residential,false,3021310035
2552,38,449519,10437,industrial,false,3025520038
2692,46,449520,10437,industrial,false,3026920046
2168,7502,449521,10383,,false,3021687502
2148,1,449522,10427,residential,false,3021480001
2145,1,449523,10427,residential,false,3021450001
2147,21,449524,10427,residential,false,3021470021
2659,41,449525,10437,industrial,false,3026590041
2692,43,449526,10437,industrial,false,3026920043
2662,28,449527,10437,industrial,false,3026620028
2662,54,449528,10437,industrial,false,3026620054
2661,31,449529,10437,industrial,false,3026610031
2693,46,449530,10437,industrial,false,3026930046
2692,3,449531,10437,industrial,false,3026920003
2692,9,449532,10437,industrial,false,3026920009
2692,64,449533,10437,industrial,false,3026920064
2692,4,449534,10437,industrial,false,3026920004
2659,39,449535,10437,industrial,false,3026590039
2497,19,449536,10437,industrial,false,3024970019
2659,36,449537,10437,industrial,false,3026590036
2628,59,449538,10437,industrial,false,3026280059
2692,48,449539,10437,industrial,false,3026920048
2628,54,449540,10437,industrial,false,3026280054
2626,150,449541,10437,industrial,false,3026260150
2692,67,449542,10437,industrial,false,3026920067
2605,28,449543,10437,industrial,false,3026050028
2534,27,449544,10437,industrial,false,3025340027
2542,6,449545,10437,industrial,false,3025420006
2626,53,449546,10437,industrial,false,3026260053
2626,145,449547,10437,industrial,false,3026260145
2542,1,449548,10437,industrial,false,3025420001
2601,29,449549,10437,industrial,false,3026010029
2139,6,449550,10427,residential,false,3021390006
2534,1,449551,10437,industrial,false,3025340001
2524,17,449552,10437,industrial,false,3025240017
2145,28,449553,10427,residential,false,3021450028
2157,6,449554,10427,residential,false,3021570006
2791,25,449555,10413,residential,false,3027910025
2666,201,449556,10437,industrial,false,3026660201
2148,13,449557,10427,residential,false,3021480013
2658,37,449558,10437,industrial,false,3026580037
2658,45,449559,10437,industrial,false,3026580045
2628,1,449560,10437,industrial,false,3026280001
2666,101,449561,10437,industrial,false,3026660101
2658,42,449562,10437,industrial,false,3026580042
2785,44,449563,10413,residential,false,3027850044
2608,91,449564,10437,industrial,false,3026080091
2658,36,449565,10437,industrial,false,3026580036
2658,48,449566,10437,industrial,false,3026580048
2629,53,449567,10437,industrial,false,3026290053
2628,30,449568,10437,industrial,false,3026280030
2658,1,449569,10437,industrial,false,3026580001
2692,32,449570,10437,industrial,false,3026920032
2692,11,449571,10437,industrial,false,3026920011
2560,49,449572,10437,industrial,false,3025600049
2552,10,449573,10437,industrial,false,3025520010
2552,47,449574,10437,industrial,false,3025520047
2602,5,449575,10437,industrial,false,3026020005
2601,32,449576,10437,industrial,false,3026010032
2692,5,449577,10437,industrial,false,3026920005
2626,39,449578,10437,industrial,false,3026260039
2693,49,449579,10437,industrial,false,3026930049
2692,6,449580,10437,industrial,false,3026920006
2582,4,449581,10437,industrial,false,3025820004
2600,17,449582,10437,industrial,false,3026000017
2148,29,449583,10427,residential,false,3021480029
2542,3,449584,10437,industrial,false,3025420003
2489,1,449585,10437,industrial,false,3024890001
3072,1,449586,10410,residential,false,3030720001
2506,6,449587,10437,industrial,false,3025060006
2484,1,449588,10437,industrial,false,3024840001
2506,19,449589,10437,industrial,false,3025060019
2138,24,449590,10427,residential,false,3021380024
2534,47,449591,10437,industrial,false,3025340047
2534,44,449592,10437,industrial,false,3025340044
2584,1,449593,10437,industrial,false,3025840001
2136,31,449594,10427,residential,false,3021360031
2608,79,449595,10437,industrial,false,3026080079
2693,19,449596,10437,industrial,false,3026930019
2626,49,449597,10437,industrial,false,3026260049
2534,6,449598,10437,industrial,false,3025340006
2626,51,449599,10437,industrial,false,3026260051
2489,16,449600,10437,industrial,false,3024890016
2534,42,449601,10437,industrial,false,3025340042
2693,22,449602,10437,industrial,false,3026930022
2168,36,449603,10383,,false,3021680036
2693,27,449604,10437,industrial,false,3026930027
2658,33,449605,10437,industrial,false,3026580033
2157,20,449606,10427,residential,false,3021570020
2148,43,449607,10427,residential,false,3021480043
2560,1,449608,10437,industrial,false,3025600001
2542,28,449609,10437,industrial,false,3025420028
2497,44,449610,10437,industrial,false,3024970044
2524,39,449611,10437,industrial,false,3025240039
2517,2,449612,10437,industrial,false,3025170002
2429,11,449613,10393,residential,false,3024290011
2146,1,449614,10427,open space,false,3021460001
2663,16,449615,10437,industrial,false,3026630016
2148,48,449616,10427,residential,false,3021480048
2659,35,449617,10437,industrial,false,3026590035
2658,46,449618,10437,industrial,false,3026580046
2607,65,449619,10437,industrial,false,3026070065
2429,113,449620,10393,residential,false,3024290113
2438,15,449621,10425,"residential, commercial, community facility",false,3024380015
2628,50,449622,10437,industrial,false,3026280050
2629,55,449623,10437,industrial,false,3026290055
2506,10,449624,10437,industrial,false,3025060010
2136,28,449625,10427,residential,false,3021360028
2506,30,449626,10437,industrial,false,3025060030
2524,10,449627,10437,industrial,false,3025240010
2660,1,449628,10437,industrial,false,3026600001
2491,136,449629,10437,industrial,false,3024910136
2156,22,449630,10427,residential,false,3021560022
2139,12,449631,10427,residential,false,3021390012
2605,13,449632,10437,industrial,false,3026050013
2626,44,449633,10437,industrial,false,3026260044
2343,1,449634,10386,,false,3023430001
2147,36,449635,10427,residential,false,3021470036
2148,38,449636,10427,residential,false,3021480038
2552,43,449637,10437,industrial,false,3025520043
2662,10,449638,10437,industrial,false,3026620010
2692,18,449639,10437,industrial,false,3026920018
2429,134,449640,10393,residential,false,3024290134
2693,41,449641,10437,industrial,false,3026930041
2351,7501,449642,10386,,false,3023517501
2693,25,449643,10437,industrial,false,3026930025
2693,43,449644,10437,industrial,false,3026930043
2693,45,449645,10437,industrial,false,3026930045
2601,24,449646,10437,industrial,false,3026010024
2489,45,449647,10437,industrial,false,3024890045
2506,27,449648,10437,industrial,false,3025060027
2156,21,449649,10427,residential,false,3021560021
2429,105,449650,10393,residential,false,3024290105
2524,4,449651,10437,industrial,false,3025240004
2506,5,449652,10437,industrial,false,3025060005
2627,22,449653,10437,industrial,false,3026270022
2360,1,449654,10386,,false,3023600001
2692,25,449655,10437,industrial,false,3026920025
2343,3,449656,10386,,false,3023430003
2497,46,449657,10437,industrial,false,3024970046
2583,12,449658,10437,industrial,false,3025830012
2552,22,449659,10437,industrial,false,3025520022
2148,41,449660,10427,residential,false,3021480041
2147,2,449661,10427,"residential, open space",false,3021470002
2791,23,449662,10413,residential,false,3027910023
2139,3,449663,10427,residential,false,3021390003
2600,12,449664,10437,industrial,false,3026000012
2626,37,449665,10437,industrial,false,3026260037
2542,7,449666,10437,industrial,false,3025420007
15961,69,452744,10442,street,false,4159610069
2560,25,449667,10437,industrial,false,3025600025
2663,28,449668,10437,industrial,false,3026630028
2491,150,449669,10437,industrial,false,3024910150
2607,95,449670,10437,industrial,false,3026070095
2693,116,449671,10437,industrial,false,3026930116
2542,39,449672,10437,industrial,false,3025420039
2626,34,449673,10437,industrial,false,3026260034
2542,104,449674,10437,industrial,false,3025420104
2148,37,449675,10427,residential,false,3021480037
2497,2,449676,10437,industrial,false,3024970002
2626,45,449677,10437,industrial,false,3026260045
2145,36,449678,10427,residential,false,3021450036
2552,5,449679,10437,industrial,false,3025520005
2166,7501,449680,10383,,false,3021667501
2581,12,449681,10437,industrial,false,3025810012
2629,11,449682,10437,industrial,false,3026290011
2425,12,449683,10425,"residential, commercial, community facility",false,3024250012
2517,27,449684,10437,industrial,false,3025170027
2131,32,449685,10427,residential,false,3021310032
2560,46,449686,10437,industrial,false,3025600046
2497,1,449687,10437,industrial,false,3024970001
2661,34,449688,10437,industrial,false,3026610034
2666,125,449689,10437,industrial,false,3026660125
2524,8,449690,10437,industrial,false,3025240008
2131,37,449691,10427,residential,false,3021310037
2148,33,449692,10427,residential,false,3021480033
2429,133,449693,10393,residential,false,3024290133
2429,118,449694,10393,residential,false,3024290118
2662,22,449695,10437,industrial,false,3026620022
2791,27,449696,10413,residential,false,3027910027
2791,35,449697,10413,residential,false,3027910035
2626,148,449698,10437,industrial,false,3026260148
2607,59,449699,10437,industrial,false,3026070059
2629,17,449700,10437,industrial,false,3026290017
2497,3,449701,10437,industrial,false,3024970003
2662,30,449702,10437,industrial,false,3026620030
2438,7,449703,10425,"residential, commercial, community facility",false,3024380007
2429,22,449704,10393,residential,false,3024290022
2508,1,449705,10437,industrial,false,3025080001
2693,50,449706,10437,industrial,false,3026930050
2693,30,449707,10437,industrial,false,3026930030
2628,6,449708,10437,industrial,false,3026280006
2664,4,449709,10437,industrial,false,3026640004
2607,75,449710,10437,industrial,false,3026070075
2524,46,449711,10437,industrial,false,3025240046
2552,24,449712,10437,industrial,false,3025520024
2693,42,449713,10437,industrial,false,3026930042
2608,85,449714,10437,industrial,false,3026080085
2429,112,449715,10393,residential,false,3024290112
2534,51,449716,10437,industrial,false,3025340051
2663,10,449717,10437,industrial,false,3026630010
2607,54,449718,10437,industrial,false,3026070054
2626,19,449719,10437,industrial,false,3026260019
2451,12,449720,10425,"residential, commercial, community facility",false,3024510012
2429,23,449721,10393,residential,false,3024290023
2663,17,449722,10437,industrial,false,3026630017
2659,32,449723,10437,industrial,false,3026590032
2605,1,449724,10437,industrial,false,3026050001
2693,33,449725,10437,industrial,false,3026930033
2692,39,449726,10437,industrial,false,3026920039
2693,26,449727,10437,industrial,false,3026930026
2542,5,449728,10437,industrial,false,3025420005
2600,27,449729,10437,industrial,false,3026000027
2692,29,449730,10437,industrial,false,3026920029
2583,1,449731,10437,industrial,false,3025830001
2497,52,449732,10437,industrial,false,3024970052
2602,24,449733,10437,industrial,false,3026020024
2693,15,449734,10437,industrial,false,3026930015
2627,29,449735,10437,industrial,false,3026270029
2664,1,449736,10437,industrial,false,3026640001
2138,17,449737,10427,residential,false,3021380017
2491,51,449738,10437,industrial,false,3024910051
2429,30,449739,10393,residential,false,3024290030
2429,132,449740,10393,residential,false,3024290132
2628,21,449741,10437,industrial,false,3026280021
2659,29,449742,10437,industrial,false,3026590029
2659,38,449743,10437,industrial,false,3026590038
2608,90,449744,10437,industrial,false,3026080090
2136,27,449745,10427,residential,false,3021360027
2601,12,449746,10437,industrial,false,3026010012
2512,7501,449747,10406,residential,false,3025127501
2585,1,449748,10437,industrial,false,3025850001
2660,20,449749,10437,industrial,false,3026600020
2139,10,449750,10427,residential,false,3021390010
2138,34,449751,10427,residential,false,3021380034
2693,10,449752,10437,industrial,false,3026930010
2692,27,449753,10437,industrial,false,3026920027
2360,4,449754,10386,,false,3023600004
2145,17,449755,10427,residential,false,3021450017
2629,48,449756,10437,industrial,false,3026290048
2145,33,449757,10427,residential,false,3021450033
2629,7501,449758,10437,industrial,false,3026297501
2693,34,449759,10437,industrial,false,3026930034
2157,4,449760,10427,residential,true,3021570004
2692,53,449761,10437,industrial,false,3026920053
2692,17,449762,10437,industrial,false,3026920017
2497,23,449763,10437,industrial,false,3024970023
2343,101,449764,10386,,false,3023430101
2626,52,449765,10437,industrial,false,3026260052
2138,35,449766,10427,residential,false,3021380035
2626,36,449767,10437,industrial,false,3026260036
2626,50,449768,10437,industrial,false,3026260050
2692,2,449769,10437,industrial,false,3026920002
2626,33,449770,10437,industrial,false,3026260033
2662,53,449771,10437,industrial,false,3026620053
2139,45,449772,10427,residential,false,3021390045
2148,39,449773,10427,residential,false,3021480039
2136,32,449774,10427,residential,false,3021360032
2145,27,449775,10427,residential,false,3021450027
2542,11,449776,10437,industrial,false,3025420011
2626,43,449777,10437,industrial,false,3026260043
2524,54,449778,10437,industrial,false,3025240054
2136,26,449779,10427,residential,false,3021360026
2145,26,449780,10427,residential,false,3021450026
2524,16,449781,10437,industrial,false,3025240016
2506,7,449782,10437,industrial,false,3025060007
2600,18,449783,10437,industrial,false,3026000018
2601,34,449784,10437,industrial,false,3026010034
2524,7,449785,10437,industrial,false,3025240007
2506,44,449786,10437,industrial,false,3025060044
2542,17,449787,10437,industrial,false,3025420017
2581,1,449788,10437,industrial,false,3025810001
2359,7501,449789,10386,,false,3023597501
2139,25,449790,10427,residential,false,3021390025
2552,14,449791,10437,industrial,false,3025520014
2692,58,449792,10437,industrial,false,3026920058
2148,22,449793,10427,residential,false,3021480022
2552,19,449794,10437,industrial,false,3025520019
2791,32,449795,10413,residential,false,3027910032
2136,1,449796,10427,residential,false,3021360001
2506,4,449797,10437,industrial,false,3025060004
2692,14,449798,10437,industrial,false,3026920014
2534,45,449799,10437,industrial,false,3025340045
2601,33,449800,10437,industrial,false,3026010033
2497,6,449801,10437,industrial,false,3024970006
2607,56,449802,10437,industrial,false,3026070056
2425,38,449803,10425,"residential, commercial, community facility",false,3024250038
2429,119,449804,10393,residential,false,3024290119
2660,50,449805,10437,industrial,false,3026600050
2629,24,449806,10437,industrial,false,3026290024
2692,22,449807,10437,industrial,false,3026920022
2693,17,449808,10437,industrial,false,3026930017
2607,50,449809,10437,industrial,false,3026070050
2139,27,449810,10427,residential,false,3021390027
2626,153,449811,10437,industrial,false,3026260153
2343,24,449812,10386,,false,3023430024
2608,92,449813,10437,industrial,false,3026080092
2602,17,449814,10437,industrial,false,3026020017
2659,135,449815,10437,industrial,false,3026590135
2524,14,449816,10437,industrial,false,3025240014
2489,7,449817,10437,industrial,false,3024890007
2626,1,449818,10437,industrial,false,3026260001
2139,40,449819,10427,residential,false,3021390040
2524,37,449820,10437,industrial,false,3025240037
2608,78,449821,10437,industrial,false,3026080078
2660,30,449822,10437,industrial,false,3026600030
2692,38,449823,10437,industrial,false,3026920038
2692,31,449824,10437,industrial,false,3026920031
2607,105,449825,10437,industrial,false,3026070105
2148,16,449826,10427,residential,false,3021480016
2693,47,449827,10437,industrial,false,3026930047
2139,37,449828,10427,residential,false,3021390037
2542,15,449829,10437,industrial,false,3025420015
2506,2,449830,10437,industrial,false,3025060002
2659,26,449831,10437,industrial,false,3026590026
2137,40,449832,10427,residential,false,3021370040
2542,50,449833,10437,industrial,false,3025420050
2600,1,449834,10437,industrial,false,3026000001
2662,1,449835,10437,industrial,false,3026620001
2608,25,449836,10437,industrial,false,3026080025
2661,16,449837,10437,industrial,false,3026610016
2692,69,449838,10437,industrial,false,3026920069
2157,22,449839,10427,residential,false,3021570022
2489,4,449840,10437,industrial,false,3024890004
2517,150,449841,10437,industrial,false,3025170150
2577,24,449842,10437,industrial,false,3025770024
2429,10,449843,10393,residential,false,3024290010
2629,30,449844,10437,industrial,false,3026290030
2497,48,449845,10437,industrial,false,3024970048
2138,7,449846,10427,residential,false,3021380007
2601,21,449847,10437,industrial,false,3026010021
2506,12,449848,10437,industrial,false,3025060012
2692,65,449849,10437,industrial,false,3026920065
2542,13,449850,10437,industrial,false,3025420013
2451,11,449851,10425,"residential, commercial, community facility",false,3024510011
2145,8,449852,10427,residential,false,3021450008
2662,24,449853,10437,industrial,false,3026620024
2791,33,449854,10413,residential,false,3027910033
2693,21,449855,10437,industrial,false,3026930021
2137,31,449856,10427,residential,false,3021370031
2692,56,449857,10437,industrial,false,3026920056
2506,8,449858,10437,industrial,false,3025060008
2497,5,449859,10437,industrial,false,3024970005
2137,39,449860,10427,residential,false,3021370039
2692,63,449861,10437,industrial,false,3026920063
2157,2,449862,10427,residential,true,3021570002
2663,1,449863,10437,industrial,false,3026630001
2692,76,449864,10437,industrial,false,3026920076
2157,1,449865,10427,residential,true,3021570001
2534,10,449866,10437,industrial,false,3025340010
2600,29,449867,10437,industrial,false,3026000029
2658,35,449868,10437,industrial,false,3026580035
2658,41,449869,10437,industrial,false,3026580041
2693,142,449870,10437,industrial,false,3026930142
2692,50,449871,10437,industrial,false,3026920050
2583,50,449872,10437,industrial,false,3025830050
2450,28,449873,10425,open space,true,3024500028
2628,28,449874,10437,industrial,false,3026280028
2666,1,449875,10437,industrial,false,3026660001
2662,11,449876,10437,industrial,false,3026620011
2662,26,449877,10437,industrial,false,3026620026
2534,49,449878,10437,industrial,false,3025340049
2517,35,449879,10437,industrial,false,3025170035
2343,109,449880,10386,,false,3023430109
2343,7,449881,10386,,false,3023430007
2139,32,449882,10427,residential,false,3021390032
2661,5,449883,10437,industrial,false,3026610005
2534,39,449884,10437,industrial,false,3025340039
2148,40,449885,10427,residential,false,3021480040
2629,25,449886,10437,industrial,false,3026290025
2626,32,449887,10437,industrial,false,3026260032
2560,50,449888,10437,industrial,false,3025600050
2601,14,449889,10437,industrial,false,3026010014
2560,41,449890,10437,industrial,false,3025600041
2601,22,449891,10437,industrial,false,3026010022
2147,1,449892,10427,"residential, open space",true,3021470001
2662,36,449893,10437,industrial,false,3026620036
2137,36,449894,10427,residential,false,3021370036
2506,14,449895,10437,industrial,false,3025060014
2139,5,449896,10427,residential,false,3021390005
2662,32,449897,10437,industrial,false,3026620032
2131,34,449898,10427,residential,false,3021310034
2534,4,449899,10437,industrial,false,3025340004
2608,95,449900,10437,industrial,false,3026080095
2552,42,449901,10437,industrial,false,3025520042
2628,60,449902,10437,industrial,false,3026280060
2524,32,449903,10437,industrial,false,3025240032
2607,84,449904,10437,industrial,false,3026070084
2605,17,449905,10437,industrial,false,3026050017
2148,47,449906,10427,residential,false,3021480047
2436,20,449907,10425,open space,true,3024360020
2693,32,449908,10437,industrial,false,3026930032
2552,18,449909,10437,industrial,false,3025520018
2659,40,449910,10437,industrial,false,3026590040
2659,42,449911,10437,industrial,false,3026590042
2425,39,449912,10425,"residential, commercial, community facility",false,3024250039
2138,16,449913,10427,residential,false,3021380016
2658,10,449914,10437,industrial,false,3026580010
2664,16,449915,10437,industrial,false,3026640016
2692,28,449916,10437,industrial,false,3026920028
2658,47,449917,10437,industrial,false,3026580047
2658,34,449918,10437,industrial,false,3026580034
2607,1,449919,10437,industrial,false,3026070001
2692,62,449920,10437,industrial,false,3026920062
2148,46,449921,10427,residential,false,3021480046
2147,35,449922,10427,residential,false,3021470035
2534,20,449923,10437,industrial,false,3025340020
2601,18,449924,10437,industrial,false,3026010018
2148,27,449925,10427,residential,false,3021480027
2517,12,449926,10437,industrial,false,3025170012
2497,42,449927,10437,industrial,false,3024970042
2148,23,449928,10427,residential,false,3021480023
2692,145,449929,10437,industrial,false,3026920145
2607,100,449930,10437,industrial,false,3026070100
2662,6,449931,10437,industrial,false,3026620006
2139,7,449932,10427,residential,false,3021390007
2145,32,449933,10427,residential,false,3021450032
2138,23,449934,10427,residential,false,3021380023
2659,37,449935,10437,industrial,false,3026590037
2629,35,449936,10437,industrial,false,3026290035
2351,6,449937,10386,,false,3023510006
2693,12,449938,10437,industrial,false,3026930012
2692,21,449939,10437,industrial,false,3026920021
2602,1,449940,10437,industrial,false,3026020001
2692,30,449941,10437,industrial,false,3026920030
2534,8,449942,10437,industrial,false,3025340008
2534,22,449943,10437,industrial,false,3025340022
2148,50,449944,10427,residential,false,3021480050
2693,20,449945,10437,industrial,false,3026930020
2692,66,449946,10437,industrial,false,3026920066
2693,16,449947,10437,industrial,false,3026930016
2607,81,449948,10437,industrial,false,3026070081
2693,115,449949,10437,industrial,false,3026930115
2607,73,449950,10437,industrial,false,3026070073
2608,1,449951,10437,industrial,false,3026080001
2608,82,449952,10437,industrial,false,3026080082
2626,47,449953,10437,industrial,false,3026260047
2497,4,449954,10437,industrial,false,3024970004
2148,19,449955,10427,residential,false,3021480019
2658,26,449956,10437,industrial,false,3026580026
2145,31,449957,10427,residential,false,3021450031
2601,35,449958,10437,industrial,false,3026010035
2542,52,449959,10437,industrial,false,3025420052
2602,16,449960,10437,industrial,false,3026020016
2139,13,449961,10427,residential,false,3021390013
2429,131,449962,10393,residential,false,3024290131
2657,15,449963,10437,industrial,false,3026570015
2664,9,449964,10437,industrial,false,3026640009
2552,16,449965,10437,industrial,false,3025520016
2692,49,449966,10437,industrial,false,3026920049
2600,30,449967,10437,industrial,false,3026000030
2692,68,449968,10437,industrial,false,3026920068
2693,35,449969,10437,industrial,false,3026930035
2661,27,449970,10437,industrial,false,3026610027
2659,62,449971,10437,industrial,false,3026590062
2662,38,449972,10437,industrial,false,3026620038
2692,73,449973,10437,industrial,false,3026920073
2607,52,449974,10437,industrial,false,3026070052
2602,8,449975,10437,industrial,false,3026020008
2491,1,449976,10437,industrial,false,3024910001
2542,49,449977,10437,industrial,false,3025420049
2662,4,449978,10437,industrial,false,3026620004
2658,39,449979,10437,industrial,false,3026580039
2693,38,449980,10437,industrial,false,3026930038
2664,127,449981,10437,industrial,false,3026640127
2145,29,449982,10427,residential,false,3021450029
2145,30,449983,10427,residential,false,3021450030
2542,41,449984,10437,industrial,false,3025420041
2693,13,449985,10437,industrial,false,3026930013
2552,13,449986,10437,industrial,false,3025520013
2552,1,449987,10437,industrial,false,3025520001
2429,117,449988,10393,residential,false,3024290117
2560,32,449989,10437,industrial,false,3025600032
2663,14,449990,10437,industrial,false,3026630014
2692,59,449991,10437,industrial,false,3026920059
2542,51,449992,10437,industrial,false,3025420051
2604,8,449993,10437,industrial,false,3026040008
2497,10,449994,10437,industrial,false,3024970010
2693,36,449995,10437,industrial,false,3026930036
2692,51,449996,10437,industrial,false,3026920051
2542,2,449997,10437,industrial,false,3025420002
2693,48,449998,10437,industrial,false,3026930048
2692,15,449999,10437,industrial,false,3026920015
2692,20,450000,10437,industrial,false,3026920020
2661,48,450001,10437,industrial,false,3026610048
2157,5,450002,10427,residential,true,3021570005
2693,18,450003,10437,industrial,false,3026930018
2693,1,450004,10437,industrial,false,3026930001
2658,52,450005,10437,industrial,false,3026580052
2147,27,450006,10427,residential,false,3021470027
2604,1,450007,10437,industrial,false,3026040001
2692,61,450008,10437,industrial,false,3026920061
2626,46,450009,10437,industrial,false,3026260046
2145,18,450010,10427,residential,false,3021450018
2437,19,450011,10425,"residential, commercial, community facility",false,3024370019
2138,14,450012,10427,residential,false,3021380014
2552,40,450013,10437,industrial,false,3025520040
2137,38,450014,10427,residential,false,3021370038
2147,43,450015,10427,residential,false,3021470043
2534,50,450016,10437,industrial,false,3025340050
2659,1,450017,10437,industrial,false,3026590001
2692,40,450018,10437,industrial,false,3026920040
2692,19,450019,10437,industrial,false,3026920019
2601,28,450020,10437,industrial,false,3026010028
2662,14,450021,10437,industrial,false,3026620014
2524,26,450022,10437,industrial,false,3025240026
2662,18,450023,10437,industrial,false,3026620018
2138,15,450024,10427,residential,false,3021380015
2581,10,450025,10437,industrial,false,3025810010
2438,25,450026,10425,"residential, commercial, community facility",false,3024380025
2626,141,450027,10437,industrial,false,3026260141
2534,13,450028,10437,industrial,false,3025340013
2607,6,450029,10437,industrial,false,3026070006
2139,44,450030,10427,residential,false,3021390044
2489,14,450031,10437,industrial,false,3024890014
2463,30,450032,10425,"residential, commercial, community facility",false,3024630030
2148,4,450033,10427,residential,false,3021480004
2489,19,450034,10437,industrial,false,3024890019
2147,33,450035,10427,residential,false,3021470033
2626,42,450036,10437,industrial,false,3026260042
2542,38,450037,10437,industrial,false,3025420038
2581,19,450038,10437,industrial,false,3025810019
2429,114,450039,10393,residential,false,3024290114
2693,24,450040,10437,industrial,false,3026930024
2658,40,450041,10437,industrial,false,3026580040
2692,16,450042,10437,industrial,false,3026920016
2692,12,450043,10437,industrial,false,3026920012
2661,1,450044,10437,industrial,false,3026610001
2661,15,450045,10437,industrial,false,3026610015
2600,31,450046,10437,industrial,false,3026000031
2600,28,450047,10437,industrial,false,3026000028
2600,26,450048,10437,industrial,false,3026000026
2552,15,450049,10437,industrial,false,3025520015
2552,39,450050,10437,industrial,false,3025520039
2785,43,450051,10413,residential,false,3027850043
2692,60,450052,10437,industrial,false,3026920060
2524,24,450053,10437,industrial,false,3025240024
2692,1,450054,10437,industrial,false,3026920001
2659,134,450055,10437,industrial,false,3026590134
2658,38,450056,10437,industrial,false,3026580038
2692,71,450057,10437,industrial,false,3026920071
2693,31,450058,10437,industrial,false,3026930031
2608,99,450059,10437,industrial,false,3026080099
2603,1,450060,10437,industrial,false,3026030001
2692,26,450061,10437,industrial,false,3026920026
2436,120,450062,10425,open space,true,3024360120
2524,56,450063,10437,industrial,false,3025240056
2138,5,450064,10427,residential,false,3021380005
2608,89,450065,10437,industrial,false,3026080089
2137,44,450066,10427,residential,false,3021370044
2542,22,450067,10437,industrial,false,3025420022
2156,7,450068,10427,residential,false,3021560007
2658,60,450069,10437,industrial,false,3026580060
2659,44,450070,10437,industrial,false,3026590044
2148,36,450071,10427,residential,false,3021480036
2664,7,450072,10437,industrial,false,3026640007
2145,35,450073,10427,residential,false,3021450035
2662,16,450074,10437,industrial,false,3026620016
2542,16,450075,10437,industrial,false,3025420016
2429,121,450076,10393,residential,false,3024290121
2659,12,450077,10437,industrial,false,3026590012
2664,51,450078,10437,industrial,false,3026640051
2497,51,450079,10437,industrial,false,3024970051
2506,15,450080,10437,industrial,false,3025060015
2693,23,450081,10437,industrial,false,3026930023
2148,42,450082,10427,residential,false,3021480042
2791,45,450083,10413,residential,false,3027910045
2791,24,450084,10413,residential,false,3027910024
2139,16,450085,10427,residential,false,3021390016
2628,43,450086,10437,industrial,false,3026280043
2147,28,450087,10427,residential,false,3021470028
2464,1,450088,10425,"residential, commercial, community facility",false,3024640001
2552,27,450089,10437,industrial,false,3025520027
2542,37,450090,10437,industrial,false,3025420037
2601,31,450091,10437,industrial,false,3026010031
2497,50,450092,10437,industrial,false,3024970050
2580,1,450093,10437,industrial,false,3025800001
2524,12,450094,10437,industrial,false,3025240012
2534,7,450095,10437,industrial,false,3025340007
2425,43,450096,10425,"residential, commercial, community facility",false,3024250043
2524,42,450097,10437,industrial,false,3025240042
3060,1,450098,10436,public,false,3030600001
2146,19,450099,10427,residential,false,3021460019
2662,20,450100,10437,industrial,false,3026620020
2659,34,450101,10437,industrial,false,3026590034
2450,12,450102,10425,"residential, commercial, community facility",false,3024500012
2605,30,450103,10437,industrial,false,3026050030
2148,45,450104,10427,residential,false,3021480045
2524,1,450105,10437,industrial,false,3025240001
2692,24,450106,10437,industrial,false,3026920024
2552,17,450107,10437,industrial,false,3025520017
2534,16,450108,10437,industrial,false,3025340016
2601,30,450109,10437,industrial,false,3026010030
2602,21,450110,10437,industrial,false,3026020021
2451,19,450111,10425,"residential, commercial, community facility",false,3024510019
2626,30,450112,10437,industrial,false,3026260030
2661,44,450113,10437,industrial,false,3026610044
2662,34,450114,10437,industrial,false,3026620034
2607,94,450115,10437,industrial,false,3026070094
2662,50,450116,10437,industrial,false,3026620050
2581,28,450117,10437,industrial,false,3025810028
2360,6,450118,10386,,false,3023600006
2524,28,450119,10437,industrial,false,3025240028
2139,34,450120,10427,residential,false,3021390034
2661,46,450121,10437,industrial,false,3026610046
2663,7,450122,10437,industrial,false,3026630007
2692,45,450123,10437,industrial,false,3026920045
2692,74,450124,10437,industrial,false,3026920074
2628,17,450125,10437,industrial,false,3026280017
2157,19,450126,10427,residential,false,3021570019
2542,4,450127,10437,industrial,false,3025420004
2517,14,450128,10437,industrial,false,3025170014
2497,20,450129,10437,industrial,false,3024970020
2139,14,450130,10427,residential,false,3021390014
2534,40,450131,10437,industrial,false,3025340040
2429,101,450132,10393,residential,false,3024290101
2629,1,450133,10437,industrial,false,3026290001
2659,16,450134,10437,industrial,false,3026590016
2534,11,450135,10437,industrial,false,3025340011
2497,7,450136,10437,industrial,false,3024970007
2560,38,450137,10437,industrial,false,3025600038
3037,1,450138,10424,residential,false,3030370001
2506,52,450139,10437,industrial,false,3025060052
2148,7,450140,10427,residential,false,3021480007
2662,3,450141,10437,industrial,false,3026620003
2627,1,450142,10437,industrial,false,3026270001
2785,42,450143,10413,residential,false,3027850042
2601,1,450144,10437,industrial,false,3026010001
2578,1,450145,10437,industrial,false,3025780001
2506,1,450146,10437,industrial,false,3025060001
2692,37,450147,10437,industrial,false,3026920037
2692,75,450148,10437,industrial,false,3026920075
2692,44,450149,10437,industrial,false,3026920044
2629,58,450150,10437,industrial,false,3026290058
2552,37,450151,10437,industrial,false,3025520037
2136,30,450152,10427,residential,false,3021360030
2666,52,450153,10437,industrial,false,3026660052
2664,47,450154,10437,industrial,false,3026640047
2692,8,450155,10437,industrial,false,3026920008
2497,14,450156,10437,industrial,false,3024970014
2542,46,450157,10437,industrial,false,3025420046
2542,18,450158,10437,industrial,false,3025420018
2343,108,450159,10386,,false,3023430108
2497,45,450160,10437,industrial,false,3024970045
2692,36,450183,10437,industrial,false,3026920036
2692,70,450161,10437,industrial,false,3026920070
2534,12,450162,10437,industrial,false,3025340012
2692,13,450163,10437,industrial,false,3026920013
2791,37,450164,10413,residential,false,3027910037
2145,34,450165,10427,residential,false,3021450034
2148,20,450166,10427,residential,false,3021480020
2692,47,450167,10437,industrial,false,3026920047
2658,21,450168,10437,industrial,false,3026580021
2602,12,450169,10437,industrial,false,3026020012
2429,103,450170,10393,residential,false,3024290103
2662,40,450171,10437,industrial,false,3026620040
2693,44,450172,10437,industrial,false,3026930044
2628,38,450173,10437,industrial,false,3026280038
2658,43,450174,10437,industrial,false,3026580043
2693,147,450175,10437,industrial,false,3026930147
2607,78,450176,10437,industrial,false,3026070078
2626,48,450177,10437,industrial,false,3026260048
2693,51,450178,10437,industrial,false,3026930051
2607,68,450179,10437,industrial,false,3026070068
2626,15,450180,10437,industrial,false,3026260015
2157,21,450181,10427,residential,false,3021570021
2534,43,450182,10437,industrial,false,3025340043
2552,3,450184,10437,industrial,false,3025520003
2534,52,450185,10437,industrial,false,3025340052
2661,50,450186,10437,industrial,false,3026610050
2626,38,450187,10437,industrial,false,3026260038
2608,84,450188,10437,industrial,false,3026080084
2148,44,450189,10427,residential,false,3021480044
2560,11,450190,10437,industrial,false,3025600011
2629,6,450191,10437,industrial,false,3026290006
2628,57,450192,10437,industrial,false,3026280057
2692,57,450193,10437,industrial,false,3026920057
2429,1,450194,10393,residential,false,3024290001
2157,3,450195,10427,residential,true,3021570003
2692,121,450196,10437,industrial,false,3026920121
2626,41,450197,10437,industrial,false,3026260041
2138,29,450198,10427,residential,false,3021380029
2534,46,450199,10437,industrial,false,3025340046
2577,1,450200,10437,industrial,false,3025770001
2628,10,450201,10437,industrial,false,3026280010
2692,52,450202,10437,industrial,false,3026920052
2168,7501,450226,10383,,false,3021687501
2525,1,450203,10437,industrial,false,3025250001
2582,105,450204,10437,industrial,false,3025820105
2088,4,450205,10404,"residential, recreational, parking, community facility, institutional",false,3020880004
2582,104,450206,10437,industrial,false,3025820104
2582,101,450207,10437,industrial,false,3025820101
2582,103,450208,10437,industrial,false,3025820103
2582,102,450209,10437,industrial,false,3025820102
2068,1,450210,10404,"residential, recreational, parking, community facility, institutional",false,3020680001
927,1,450211,10384,,false,3009270001
3068,1,450212,10436,open space,false,3030680001
3060,75,450213,10436,"residential, commercial",false,3030600075
2107,36,450214,10389,commercial,false,3021070036
2165,7503,450215,10383,,false,3021657503
3081,35,450216,10410,residential,false,3030810035
37,23,450241,10305,commercial,false,1000370023
2023,1,450217,10434,industrial,false,3020230001
2107,33,450218,10389,commercial,false,3021070033
3058,100,450219,10436,commercial,false,3030580100
3081,40,450220,10410,residential,false,3030810040
3092,1,450221,10414,"open space, industrial",false,3030920001
3058,1,450222,10436,"residential, commercial",false,3030580001
3071,10,450223,10410,residential,false,3030710010
2163,1,450224,10383,,false,3021630001
2110,3,450225,10384,,false,3021100003
2166,1,450227,10383,,false,3021660001
72,25,450228,10305,commercial,false,1000720025
72,31,450229,10305,commercial,false,1000720031
73,8,450230,10305,commercial,false,1000730008
15834,38,452390,10442,"commercial, residential",true,4158340038
15838,7,452391,10442,residential,true,4158380007
15954,30,452392,10442,open space,false,4159540030
15829,13,452393,10442,"community facility, residential",false,4158290013
2,1,450231,10305,commercial,false,1000020001
929,50,450247,10304,residential,false,1009290050
2,23,450232,10305,commercial,false,1000020023
72,7,450233,10305,commercial,false,1000720007
36,30,450234,10305,commercial,false,1000360030
72,12,450235,10305,commercial,false,1000720012
72,2,450236,10305,commercial,false,1000720002
73,2,450237,10305,commercial,false,1000730002
72,27,450238,10305,commercial,false,1000720027
36,12,450239,10305,commercial,false,1000360012
36,18,450240,10305,commercial,false,1000360018
36,25,450242,10305,commercial,false,1000360025
2,3,450243,10305,commercial,false,1000020003
15838,25,452394,10442,residential,false,4158380025
15884,1,452395,10449,,true,4158840001
15825,1,452396,10442,"commercial, residential",true,4158250001
15838,11,452397,10442,residential,false,4158380011
2,2,450244,10305,commercial,false,1000020002
3,10,450245,10305,commercial,false,1000030010
1082,7501,450246,10309,"residential, community facility, utility",false,1010827501
249,78,450248,10329,"residential, commercial, public, open space",false,1002490078
106,17,450249,10305,commercial,false,1001060017
459,46,450250,10311,,false,1004590046
930,12,450251,10304,residential,false,1009300012
1079,29,450252,10309,"residential, community facility, utility",false,1010790029
427,7,450253,10311,"residential, commercial",false,1004270007
457,7501,450254,10311,,false,1004577501
311,13,450255,10339,"residential, commercial, parking, open space",false,1003110013
117,1,450256,10347,"residential, commercial",false,1001170001
94,1,450257,10306,,false,1000940001
387,1,450258,10318,residential,false,1003870001
97,8,450259,10305,commercial,false,1000970008
106,7,450260,10305,commercial,false,1001060007
142,13,450261,10332,,false,1001420013
161,1,450262,10334,residential,false,1001610001
95,27,450263,10306,,false,1000950027
1158,7502,450264,10316,institutional,false,1011587502
1049,1,450265,10310,"residential, commercial",false,1010490001
459,36,450266,10311,,false,1004590036
375,59,450267,10318,residential,false,1003750059
315,76,450268,10339,open space,false,1003150076
107,35,450269,10305,commercial,false,1001070035
351,1,450270,10327,residential,false,1003510001
249,1,450271,10329,"residential, commercial, public, open space",false,1002490001
161,3,450272,10334,residential,false,1001610003
1083,35,450273,10309,"residential, community facility, utility",false,1010830035
247,1,450274,10329,"residential, commercial, public, open space",false,1002470001
100,1,450275,10306,institutional,false,1001000001
460,49,450290,10311,,false,1004600049
97,144,450276,10305,commercial,false,1000970144
341,75,450277,10327,"public, semi-public",false,1003410075
107,49,450278,10305,commercial,false,1001070049
315,40,450279,10339,institutional,false,1003150040
457,1,450280,10311,,false,1004570001
457,32,450281,10311,,false,1004570032
1158,7503,450282,10316,institutional,false,1011587503
15862,1,452398,10449,,true,4158620001
97,55,450283,10305,commercial,false,1000970055
749,1,450284,10349,"residential, open space",false,1007490001
459,19,450285,10311,,false,1004590019
749,70,450286,10349,open space,false,1007490070
747,1,450287,10349,"residential, commercial, open space",false,1007470001
460,56,450288,10311,,false,1004600056
342,60,450289,10327,"public, semi-public",false,1003420060
142,11,450291,10332,,false,1001420011
1080,105,450292,10309,"residential, community facility, utility",false,1010800105
107,2,450293,10305,commercial,false,1001070002
97,7503,450294,10305,commercial,false,1000977503
107,50,450295,10305,commercial,false,1001070050
100,26,450296,10306,institutional,false,1001000026
459,40,450297,10311,,false,1004590040
142,17,450298,10332,,false,1001420017
347,71,450299,10327,commercial,false,1003470071
1083,37,450300,10309,"residential, community facility, utility",false,1010830037
246,13,450301,10329,"residential, commercial, public, open space",false,1002460013
1156,1,450302,10345,"residential, commercial",false,1011560001
95,101,450303,10305,commercial,false,1000950101
524,66,450304,10356,"residential, commercial, institutional",false,1005240066
1080,1,450305,10309,"residential, community facility, utility",false,1010800001
427,7502,450306,10311,"residential, commercial",false,1004277502
307,1,450307,10340,residential,false,1003070001
107,44,450308,10305,commercial,false,1001070044
1158,7506,450309,10316,institutional,false,1011587506
1134,25,450310,10316,"open space, residential, institutional, open space",false,1011340025
345,48,450311,10326,"residential, institutional",false,1003450048
98,1,450312,10305,commercial,false,1000980001
336,25,450313,10327,"public, semi-public",false,1003360025
457,128,450314,10311,,false,1004570128
142,7501,450315,10332,,false,1001427501
341,50,450316,10327,"public, semi-public",false,1003410050
1158,7501,450317,10316,institutional,false,1011587501
266,65,450318,10341,commercial,false,1002660065
387,144,450319,10318,residential,false,1003870144
97,2,450320,10305,commercial,false,1000970002
108,4,450321,10305,commercial,false,1001080004
375,60,450322,10318,residential,false,1003750060
1158,7507,450323,10316,institutional,false,1011587507
249,56,450324,10329,"residential, commercial, public, open space",false,1002490056
97,10,450325,10305,commercial,false,1000970010
1156,30,450326,10345,"public, semi-public",false,1011560030
1158,7504,450327,10316,institutional,false,1011587504
128,2,450328,10332,,false,1001280002
427,7504,450329,10311,"residential, commercial",false,1004277504
245,1,450330,10329,"residential, commercial, public, open space",false,1002450001
186,1,450331,10332,,false,1001860001
107,28,450332,10305,commercial,false,1001070028
1137,7501,450333,10316,"commercial, institutional",false,1011377501
427,7503,450334,10311,"residential, commercial",false,1004277503
245,28,450335,10329,"residential, commercial, public, open space",false,1002450028
97,33,450336,10305,commercial,false,1000970033
106,9,450337,10305,commercial,false,1001060009
387,17,450338,10318,residential,false,1003870017
1158,10,450339,10316,institutional,false,1011580010
107,38,450340,10305,commercial,false,1001070038
106,7502,450341,10305,commercial,false,1001067502
460,48,450342,10311,,false,1004600048
1081,60,450343,10309,"residential, community facility, utility",false,1010810060
387,129,450344,10318,residential,false,1003870129
341,58,450345,10327,residential,false,1003410058
15837,31,452399,10442,open space,true,4158370031
73,29,450346,10305,commercial,false,1000730029
387,131,450347,10318,residential,false,1003870131
97,6,450348,10305,commercial,false,1000970006
97,4,450349,10305,commercial,false,1000970004
427,11,450350,10311,"residential, commercial",false,1004270011
106,22,450351,10305,commercial,false,1001060022
240,6,450352,10305,commercial,false,1002400006
94,25,450353,10306,,false,1000940025
97,49,450354,10305,commercial,false,1000970049
107,10,450355,10305,commercial,false,1001070010
97,32,450356,10305,commercial,false,1000970032
460,54,450357,10311,,false,1004600054
240,30,450358,10305,commercial,false,1002400030
459,7501,450359,10311,,false,1004597501
459,22,450360,10311,,false,1004590022
524,9,450361,10356,"residential, commercial, institutional",false,1005240009
106,5,450362,10305,commercial,false,1001060005
751,1,450363,10349,"residential, open space, community facility, parking",false,1007510001
97,24,450364,10305,commercial,false,1000970024
107,26,450365,10305,commercial,false,1001070026
248,76,450366,10329,"residential, commercial, public, open space",false,1002480076
142,10,450367,10332,,false,1001420010
1645,23,450535,10315,residential,false,1016450023
427,2,450368,10311,"residential, commercial",false,1004270002
315,1,450369,10339,"residential, commercial, parking, open space",false,1003150001
459,14,450370,10311,,false,1004590014
457,5,450371,10311,,false,1004570005
420,62,450372,10317,residential,false,1004200062
97,7,450373,10305,commercial,false,1000970007
315,47,450374,10339,"residential, open space",false,1003150047
459,15,450375,10311,,false,1004590015
416,1,450376,10317,residential,false,1004160001
97,45,450377,10305,commercial,false,1000970045
106,7501,450378,10305,commercial,false,1001067501
107,7502,450379,10305,commercial,false,1001077502
97,3,450380,10305,commercial,false,1000970003
460,51,450381,10311,,false,1004600051
459,18,450382,10311,,false,1004590018
386,33,450383,10342,,false,1003860033
1209,113,450480,10333,"residential, commercial",false,1012090113
1132,20,450384,10316,institutional,false,1011320020
1179,7503,450385,10316,residential,false,1011797503
1134,5,450386,10316,open space,false,1011340005
533,10,450387,10356,"residential, commercial, institutional",false,1005330010
93,34,450388,10306,,false,1000930034
246,7501,450389,10329,"residential, commercial, public, open space",false,1002467501
460,59,450390,10311,,false,1004600059
115,1,450391,10347,"residential, commercial",false,1001150001
1134,10,450392,10316,open space,false,1011340010
1081,1,450393,10309,"residential, community facility, utility",false,1010810001
97,13,450394,10305,commercial,false,1000970013
107,42,450395,10305,commercial,false,1001070042
97,31,450396,10305,commercial,false,1000970031
142,12,450397,10332,,false,1001420012
459,39,450398,10311,,false,1004590039
457,28,450399,10311,,false,1004570028
459,38,450400,10311,,false,1004590038
248,15,450401,10329,"residential, commercial, public, open space",false,1002480015
96,1,450402,10305,commercial,false,1000960001
97,43,450403,10305,commercial,false,1000970043
427,14,450404,10311,"residential, commercial",true,1004270014
97,7504,450405,10305,commercial,false,1000977504
97,30,450406,10305,commercial,false,1000970030
142,19,450407,10332,,false,1001420019
749,24,450408,10349,"commercial, community facility, open space",false,1007490024
97,36,450409,10305,commercial,false,1000970036
248,1,450410,10329,"residential, commercial, public, open space",false,1002480001
427,9,450411,10311,"residential, commercial",false,1004270009
1158,34,450412,10316,institutional,false,1011580034
459,16,450413,10311,,false,1004590016
97,5,450414,10305,commercial,false,1000970005
142,7502,450415,10332,,false,1001427502
97,51,450416,10305,commercial,false,1000970051
336,5,450417,10327,"public, semi-public",false,1003360005
97,7501,450418,10305,commercial,false,1000977501
456,29,450419,10311,"residential, commercial",false,1004560029
459,21,450420,10311,,false,1004590021
533,1,450421,10356,"residential, commercial, institutional",false,1005330001
1080,7501,450422,10309,"residential, community facility, utility",false,1010807501
460,1,450423,10311,,false,1004600001
73,28,450424,10305,commercial,false,1000730028
97,9,450425,10305,commercial,false,1000970009
347,80,450426,10327,commercial,false,1003470080
336,35,450427,10327,"public, semi-public",false,1003360035
97,26,450428,10305,commercial,false,1000970026
107,51,450429,10305,commercial,false,1001070051
1158,133,450430,10316,institutional,false,1011580133
1158,40,450431,10316,residential,false,1011580040
1083,1,450432,10309,"residential, community facility, utility",false,1010830001
1179,19,450433,10316,residential,false,1011790019
15864,1,452400,10449,,true,4158640001
1158,33,450434,10316,institutional,false,1011580033
142,100,450435,10332,,false,1001420100
107,31,450436,10305,commercial,false,1001070031
1134,1,450437,10316,open space,false,1011340001
96,8,450438,10305,commercial,false,1000960008
387,20,450439,10318,residential,false,1003870020
106,6,450440,10305,commercial,false,1001060006
248,70,450441,10329,"residential, commercial, public, open space",false,1002480070
245,7,450442,10329,"residential, commercial, public, open space",false,1002450007
427,7505,450443,10311,"residential, commercial",false,1004277505
1080,30,450444,10309,"residential, community facility, utility",false,1010800030
94,2,450445,10306,,false,1000940002
460,53,450446,10311,,false,1004600053
460,50,450447,10311,,false,1004600050
160,1,450448,10334,street,false,1001600001
142,1,450449,10332,,false,1001420001
97,1,450450,10305,commercial,false,1000970001
1083,29,450451,10309,"residential, community facility, utility",false,1010830029
107,33,450452,10305,commercial,false,1001070033
1137,10,450453,10316,"commercial, institutional",false,1011370010
460,52,450454,10311,,false,1004600052
246,1,450455,10329,"residential, commercial, public, open space",false,1002460001
1778,6,450456,10315,residential,false,1017780006
1226,19,450457,10333,"residential, commercial",false,1012260019
1219,28,450458,10333,residential,false,1012190028
142,18,450459,10332,,false,1001420018
1616,23,450460,10355,residential,false,1016160023
1158,134,450461,10316,institutional,false,1011580134
456,1,450462,10311,"residential, commercial",false,1004560001
142,3,450463,10332,,false,1001420003
1081,101,450464,10309,"residential, community facility, utility",false,1010810101
142,50,450465,10332,,false,1001420050
346,40,450466,10327,residential,false,1003460040
1080,103,450467,10309,"residential, community facility, utility",false,1010800103
457,30,450468,10311,,false,1004570030
1158,18,450469,10316,residential,false,1011580018
1081,7503,450470,10309,"residential, community facility, utility",false,1010817503
1081,26,450471,10309,"residential, community facility, utility",false,1010810026
456,7,450472,10311,"residential, commercial",false,1004560007
246,5,450473,10329,"residential, commercial, public, open space",false,1002460005
346,95,450474,10327,residential,false,1003460095
247,2,450475,10329,"residential, commercial, public, open space",false,1002470002
1132,22,450476,10316,institutional,false,1011320022
336,1,450477,10327,"public, semi-public",false,1003360001
524,1,450478,10356,"residential, commercial, institutional",false,1005240001
1623,140,450479,10355,residential,false,1016230140
1792,5,450481,10315,industrial,false,1017920005
311,35,450482,10339,open space,false,1003110035
1617,40,450483,10355,"residential, commercial, public, semi-public",false,1016170040
341,70,450484,10327,"public, semi-public",false,1003410070
1629,150,450485,10348,,false,1016290150
396,10,450486,10303,residential,false,1003960010
1746,23,450487,10355,"residential, public, semi-public",false,1017460023
1730,33,450488,10353,open space,false,1017300033
1772,67,450489,10330,commercial,false,1017720067
1790,5,450490,10315,"residential, commercial, institutional",false,1017900005
1615,14,450491,10355,"residential, commercial, public, semi-public",false,1016150014
1852,99,450492,10351,,false,1018520099
1614,57,450493,10355,"residential, commercial",false,1016140057
1621,63,450494,10355,"residential, commercial",false,1016210063
2226,15,450495,10325,residential,false,1022260015
1717,54,450496,10322,"residential, commercial",false,1017170054
1225,48,450497,10333,"residential, commercial",false,1012250048
1623,124,450517,10355,residential,false,1016230124
1746,33,450498,10355,"residential, public, semi-public",false,1017460033
1614,7501,450499,10355,"residential, commercial",false,1016147501
1226,25,450500,10333,"residential, commercial",false,1012260025
1600,26,450501,10322,"residential, commercial",false,1016000026
1745,14,450502,10355,residential,false,1017450014
1616,141,450503,10355,residential,false,1016160141
1737,1,450504,10354,"residential, community facility",false,1017370001
1616,36,450505,10355,residential,false,1016160036
1880,61,450506,10307,"commercial, residential, open space",false,1018800061
1770,67,450507,10330,residential,false,1017700067
1789,12,450508,10315,"residential, commercial",false,1017890012
2218,44,450509,10325,residential,false,1022180044
1682,2,450510,10315,residential,false,1016820002
1735,65,450511,10323,institutional,false,1017350065
1746,27,450512,10355,"residential, public, semi-public",false,1017460027
1645,27,450513,10315,residential,false,1016450027
1770,158,450514,10330,residential,false,1017700158
97,57,450515,10305,commercial,false,1000970057
95,7501,450516,10305,commercial,false,1000957501
1623,25,450518,10355,residential,false,1016230025
1224,16,450519,10333,"residential, open space",false,1012240016
1770,71,450520,10330,industrial,false,1017700071
1717,114,450521,10322,"residential, commercial",false,1017170114
107,34,450522,10305,commercial,false,1001070034
1682,1,450523,10315,residential,false,1016820001
1623,45,450524,10355,residential,false,1016230045
1219,26,450525,10333,residential,false,1012190026
1774,1,450526,10315,"residential, commercial",false,1017740001
1600,7501,450527,10322,"residential, commercial",false,1016007501
15848,62,452401,10442,residential,true,4158480062
96,5,450528,10305,commercial,false,1000960005
1207,1,450529,10333,"residential, commercial",false,1012070001
935,5,450530,10304,open space,false,1009350005
107,1,450531,10305,commercial,false,1001070001
2043,20,450532,10336,"commercial, residential",false,1020430020
1645,124,450533,10315,residential,false,1016450124
1745,1,450534,10355,"residential, commercial",false,1017450001
1202,108,450536,10333,residential,false,1012020108
1179,7502,450537,10316,residential,false,1011797502
1789,15,450538,10315,"residential, commercial",false,1017890015
1179,7501,450539,10316,residential,false,1011797501
97,15,450540,10305,commercial,false,1000970015
1863,13,450541,10307,"commercial, residential, open space",false,1018630013
107,7501,450542,10305,commercial,false,1001077501
1621,41,450543,10355,"residential, commercial",false,1016210041
1745,130,450544,10355,residential,false,1017450130
1622,29,450545,10355,"residential, commercial",false,1016220029
1616,49,450546,10355,residential,false,1016160049
1745,7501,450547,10355,residential,false,1017457501
1767,2,450548,10330,community facility,false,1017670002
1222,29,450549,10333,"residential, commercial",false,1012220029
1959,56,450550,10328,"commercial, easement",false,1019590056
1621,2,450551,10355,"residential, commercial",false,1016210002
1767,16,450552,10330,community facility,false,1017670016
1599,65,450553,10322,"residential, commercial",false,1015990065
1746,46,450554,10355,"residential, public, semi-public",false,1017460046
1080,28,450555,10309,"residential, community facility, utility",false,1010800028
1081,7502,450556,10309,"residential, community facility, utility",false,1010817502
1132,21,450557,10316,institutional,false,1011320021
1775,33,450558,10315,commercial,false,1017750033
1599,7502,450559,10322,"residential, commercial",false,1015997502
346,1,450560,10327,residential,false,1003460001
1621,69,450561,10355,"residential, commercial",false,1016210069
1717,20,450562,10322,"residential, commercial",false,1017170020
1594,50,450563,10322,"residential, commercial",false,1015940050
1825,40,450564,10322,"residential, commercial",false,1018250040
1622,43,450565,10355,"residential, commercial",false,1016220043
1959,5,450566,10328,"commercial, easement",false,1019590005
1682,46,450567,10315,residential,false,1016820046
1628,34,450568,10348,,false,1016280034
1746,141,450569,10355,"residential, public, semi-public",false,1017460141
1594,54,450570,10322,"residential, commercial",false,1015940054
1718,29,450571,10322,"residential, commercial",true,1017180029
1219,1,450572,10333,residential,false,1012190001
2157,91,450573,10325,residential,false,1021570091
2034,7502,450574,10336,"commercial, residential",false,1020347502
382,1,450575,10335,residential,false,1003820001
1223,21,450576,10333,"residential, commercial",false,1012230021
1768,169,450577,10330,industrial,false,1017680169
1792,1,450578,10315,institutional,false,1017920001
1792,19,450579,10315,institutional,false,1017920019
1204,56,450580,10333,residential,false,1012040056
2034,29,450581,10336,"commercial, residential",false,1020340029
1645,7502,450582,10315,residential,false,1016457502
1945,7503,450583,10314,"residential, commercial",false,1019457503
1768,12,450584,10330,community facility,false,1017680012
1790,26,450585,10315,"residential, commercial, institutional",false,1017900026
378,17,450586,10319,residential,false,1003780017
1218,1,450587,10333,"residential, commercial",false,1012180001
1634,62,450588,10315,residential,false,1016340062
1673,6,450589,10344,"residential, recreational, parking, community facility",false,1016730006
1645,29,450590,10315,residential,false,1016450029
1621,7502,450591,10355,"residential, commercial",false,1016217502
1774,20,450592,10315,"residential, commercial",false,1017740020
106,3,450593,10305,commercial,false,1001060003
1745,5,450594,10355,residential,false,1017450005
1226,121,450595,10333,"residential, commercial",false,1012260121
1208,114,450596,10333,"residential, commercial",false,1012080114
991,60,450597,10338,"residential, open space",false,1009910060
1718,27,450598,10322,"residential, commercial",false,1017180027
1694,1,450599,10321,residential,false,1016940001
1218,10,450600,10333,"residential, commercial",false,1012180010
2026,1,450601,10328,"commercial, easement",false,1020260001
1717,31,450602,10322,"residential, commercial",false,1017170031
1717,19,450603,10322,"residential, commercial",false,1017170019
1599,7501,450604,10322,"residential, commercial",false,1015997501
1864,9,450605,10307,residential,false,1018640009
1682,4,450606,10315,residential,false,1016820004
375,63,450607,10318,residential,false,1003750063
1226,1,450608,10333,"residential, commercial",false,1012260001
1790,13,450609,10315,"residential, commercial, institutional",false,1017900013
1226,24,450610,10333,"residential, commercial",false,1012260024
1616,38,450611,10355,residential,false,1016160038
1208,42,450612,10333,"residential, commercial",false,1012080042
1846,36,450613,10307,residential,false,1018460036
1790,31,450614,10315,"residential, commercial, institutional",false,1017900031
1682,50,450615,10315,residential,false,1016820050
1223,122,450616,10333,"residential, commercial",false,1012230122
1202,56,450617,10333,residential,false,1012020056
1789,35,450618,10315,"residential, commercial",false,1017890035
1745,40,450619,10355,residential,false,1017450040
1616,34,450620,10355,"commercial, public, semi-public",false,1016160034
1790,28,450621,10315,"residential, commercial, institutional",false,1017900028
1223,7503,450622,10333,"residential, commercial",false,1012237503
1616,51,450623,10355,residential,false,1016160051
1789,10,450624,10315,"residential, commercial",false,1017890010
1645,132,450625,10315,residential,false,1016450132
1833,7504,450626,10351,,false,1018337504
1623,117,450627,10355,residential,false,1016230117
1833,7506,450628,10351,,false,1018337506
1623,136,450629,10355,residential,false,1016230136
1645,45,450630,10315,residential,false,1016450045
1623,126,450631,10355,residential,false,1016230126
1838,27,450632,10320,"residential, community facility, commercial",false,1018380027
1201,5,450633,10333,residential,false,1012010005
1645,129,450634,10315,residential,false,1016450129
1622,34,450635,10355,"residential, commercial",false,1016220034
1790,45,450636,10315,"residential, commercial, institutional",true,1017900045
1225,114,450637,10333,"residential, commercial",false,1012250114
1717,11,450638,10322,"residential, commercial",false,1017170011
2051,139,450639,10336,community facility,false,1020510139
1787,80,450640,10315,residential,false,1017870080
1746,47,450641,10355,"residential, public, semi-public",false,1017460047
1612,1,450642,10315,residential,false,1016120001
1772,66,450643,10330,commercial,false,1017720066
249,999,450644,10329,"residential, commercial, public, open space",false,1002490999
1825,43,450645,10322,"residential, commercial",false,1018250043
1617,22,450646,10355,"residential, commercial, public, semi-public",false,1016170022
1746,26,450647,10355,"residential, public, semi-public",false,1017460026
1768,4,450648,10330,community facility,false,1017680004
1614,58,450649,10355,"residential, commercial",false,1016140058
1767,72,450650,10330,community facility,false,1017670072
1789,29,450651,10315,"residential, commercial",false,1017890029
1225,49,450652,10333,"residential, commercial",false,1012250049
1771,2,450653,10330,industrial,false,1017710002
1337,7502,450654,10350,,false,1013377502
2033,1,450655,10324,"public, semi-public",false,1020330001
1717,43,450656,10322,"residential, commercial",false,1017170043
1901,7501,450657,10314,,false,1019017501
1623,27,450658,10355,residential,false,1016230027
1645,126,450659,10315,residential,false,1016450126
1616,39,450660,10355,residential,false,1016160039
1770,1,450661,10330,industrial,false,1017700001
2237,38,450662,10325,residential,false,1022370038
1599,3,450663,10322,"residential, commercial",false,1015990003
1621,49,450664,10355,"residential, commercial",false,1016210049
1746,29,450665,10355,"residential, public, semi-public",false,1017460029
1623,110,450666,10355,residential,false,1016230110
1220,49,450667,10333,open space,false,1012200049
1221,29,450668,10333,"residential, commercial",false,1012210029
128,26,450669,10332,,false,1001280026
1645,133,450670,10315,residential,false,1016450133
1225,29,450671,10333,"residential, commercial",false,1012250029
1770,2,450672,10330,industrial,false,1017700002
1616,24,450673,10355,residential,false,1016160024
2043,13,450674,10336,"commercial, residential",false,1020430013
1622,52,450675,10355,"residential, commercial",false,1016220052
1615,10,450676,10355,"residential, commercial, public, semi-public",false,1016150010
1863,10,450677,10307,"commercial, residential, open space",false,1018630010
100,7502,450678,10306,institutional,false,1001007502
1745,133,450679,10355,residential,false,1017450133
427,200,450680,10311,"residential, commercial",false,1004270200
1132,35,450681,10316,institutional,false,1011320035
1770,72,450682,10330,industrial,false,1017700072
1717,28,450683,10322,"residential, commercial",false,1017170028
1209,23,450684,10333,"residential, commercial",false,1012090023
1777,69,450685,10315,commercial,false,1017770069
1745,134,450686,10355,residential,false,1017450134
1623,1,450687,10355,residential,false,1016230001
1204,1,450688,10333,"residential, commercial",false,1012040001
1538,21,450689,10337,"commercial, residential",false,1015380021
1617,33,450690,10355,"residential, commercial, public, semi-public",false,1016170033
1336,30,450691,10350,,false,1013360030
1623,30,450692,10355,residential,false,1016230030
1623,114,450693,10355,residential,false,1016230114
1772,7,450694,10330,residential,true,1017720007
1595,31,450695,10322,"residential, commercial",false,1015950031
1789,42,450696,10315,"residential, commercial",false,1017890042
1621,36,450697,10355,"residential, commercial",false,1016210036
2157,42,450698,10325,residential,false,1021570042
1623,42,450699,10355,residential,false,1016230042
1224,13,450700,10333,"residential, commercial",false,1012240013
1209,126,450701,10333,"residential, commercial",false,1012090126
1789,26,450702,10315,"residential, commercial",false,1017890026
1628,39,450703,10348,,false,1016280039
1717,45,450704,10322,"residential, commercial",false,1017170045
1225,50,450705,10333,"residential, commercial",false,1012250050
1746,41,450706,10355,"residential, public, semi-public",false,1017460041
1852,49,450707,10351,,false,1018520049
1825,26,450708,10322,"residential, commercial",false,1018250026
1927,58,450709,10314,residential,false,1019270058
1771,5,450710,10330,industrial,false,1017710005
2136,235,450711,10313,"residential, community facility",false,1021360235
1951,22,450712,10314,commercial,false,1019510022
1789,13,450713,10315,"residential, commercial",false,1017890013
1623,137,450714,10355,residential,false,1016230137
1717,112,450715,10322,"residential, commercial",false,1017170112
1645,51,450716,10315,residential,false,1016450051
1726,17,450717,10308,residential,false,1017260017
1767,68,450718,10330,community facility,false,1017670068
1645,22,450719,10315,residential,false,1016450022
1617,37,450720,10355,"residential, commercial, public, semi-public",false,1016170037
1682,52,450721,10315,residential,false,1016820052
1746,42,450722,10355,"residential, public, semi-public",false,1017460042
1645,39,450723,10315,residential,false,1016450039
1594,42,450724,10322,"residential, commercial",false,1015940042
1202,26,450725,10333,semi-public,false,1012020026
1599,69,450726,10322,"residential, commercial",true,1015990069
1623,120,450727,10355,residential,false,1016230120
1623,43,450728,10355,residential,false,1016230043
2239,37,450729,10325,residential,false,1022390037
1682,5,450730,10315,residential,false,1016820005
1634,158,450731,10315,residential,false,1016340158
1927,56,450732,10314,residential,false,1019270056
2008,13,450733,10323,residential,false,1020080013
1833,7507,450734,10351,,false,1018337507
1774,65,450735,10315,"residential, commercial",false,1017740065
1730,40,450736,10353,"commercial, open space",false,1017300040
1616,30,450737,10355,residential,false,1016160030
1617,45,450738,10355,"residential, commercial, public, semi-public",false,1016170045
2034,34,450739,10336,"commercial, residential",false,1020340034
1745,71,450740,10355,"residential, commercial",false,1017450071
1717,58,450741,10322,"residential, commercial",false,1017170058
1617,121,450742,10355,"residential, commercial, public, semi-public",false,1016170121
1616,20,450743,10355,residential,false,1016160020
1789,28,450744,10315,"residential, commercial",false,1017890028
1634,56,450745,10315,residential,false,1016340056
1616,123,450746,10355,residential,false,1016160123
1787,60,450747,10315,residential,false,1017870060
1740,7,450748,10354,"residential, community facility",false,1017400007
1745,129,450749,10355,residential,false,1017450129
1622,50,450750,10355,"residential, commercial",false,1016220050
1218,46,450751,10333,residential,false,1012180046
1614,15,450752,10355,"residential, commercial",false,1016140015
1769,3,450753,10330,industrial,false,1017690003
1225,1,450754,10333,"residential, commercial",false,1012250001
1825,139,450755,10322,"residential, commercial",false,1018250139
2043,19,450756,10336,"commercial, residential",false,1020430019
15961,98,452745,10442,street,true,4159610098
1958,1,450757,10328,"commercial, easement",false,1019580001
1621,70,450758,10355,"residential, commercial",false,1016210070
1336,24,450759,10350,,false,1013360024
1201,1,450760,10333,residential,false,1012010001
1927,44,450761,10314,residential,false,1019270044
1622,31,450762,10355,"residential, commercial",false,1016220031
1790,101,450763,10315,"residential, commercial, institutional",false,1017900101
1645,151,450764,10315,residential,false,1016450151
2032,2,450765,10336,"commercial, residential",true,1020320002
1825,33,450766,10322,"residential, commercial",false,1018250033
1617,51,450767,10355,"residential, commercial, public, semi-public",false,1016170051
1787,1,450768,10315,residential,false,1017870001
1617,39,450769,10355,"residential, commercial, public, semi-public",false,1016170039
1790,20,450770,10315,"residential, commercial, institutional",false,1017900020
2145,36,450771,10325,residential,false,1021450036
1745,24,450772,10355,residential,false,1017450024
2044,12,450773,10336,"commercial, residential",false,1020440012
1767,169,450774,10330,community facility,false,1017670169
1220,17,450775,10333,residential,false,1012200017
1208,26,450776,10333,"residential, commercial",false,1012080026
1225,17,450777,10333,"residential, commercial",false,1012250017
1616,53,450778,10355,residential,false,1016160053
1623,112,450779,10355,residential,false,1016230112
1616,50,450780,10355,residential,false,1016160050
1767,1,450781,10330,community facility,false,1017670001
1203,1,450782,10333,"residential, commercial",false,1012030001
1945,7502,450783,10314,"residential, commercial",false,1019457502
2045,90,450784,10336,"commercial, residential",false,1020450090
1600,27,450785,10322,"residential, commercial",false,1016000027
2051,117,450786,10336,"commercial, residential",false,1020510117
1536,25,450787,10337,open space,false,1015360025
1718,33,450788,10322,"residential, commercial",false,1017180033
1208,13,450789,10333,"residential, commercial",false,1012080013
1599,64,450790,10322,"residential, commercial",false,1015990064
1791,25,450791,10315,"residential, commercial, institutional",false,1017910025
1775,20,450792,10315,commercial,false,1017750020
1790,24,450793,10315,"residential, commercial, institutional",false,1017900024
933,25,450794,10304,residential,false,1009330025
1768,69,450795,10330,industrial,false,1017680069
1768,71,450796,10330,industrial,false,1017680071
1623,111,450797,10355,residential,false,1016230111
2043,9,450798,10336,community facility,false,1020430009
1902,126,450799,10314,residential,false,1019020126
2051,118,450800,10336,"commercial, residential",false,1020510118
1645,37,450801,10315,residential,false,1016450037
2045,74,450802,10336,"commercial, residential",false,1020450074
1617,42,450803,10355,"residential, commercial, public, semi-public",false,1016170042
1718,32,450804,10322,"residential, commercial",false,1017180032
1840,10,450805,10320,"residential, community facility, commercial",false,1018400010
1790,25,450806,10315,"residential, commercial, institutional",false,1017900025
1718,130,450807,10322,"residential, commercial",false,1017180130
1645,152,450808,10315,residential,false,1016450152
1745,146,450809,10355,residential,false,1017450146
1623,48,450810,10355,residential,false,1016230048
1718,134,450811,10322,"residential, commercial",false,1017180134
1672,1,450812,10321,residential,false,1016720001
1770,101,450813,10330,industrial,false,1017700101
1775,165,450814,10315,commercial,false,1017750165
1904,7501,450815,10314,residential,false,1019047501
1718,34,450816,10322,"residential, commercial",false,1017180034
1594,61,450817,10322,"residential, commercial",false,1015940061
1824,21,450818,10322,"residential, commercial",false,1018240021
1945,1,450819,10314,residential,false,1019450001
1623,102,450820,10355,residential,false,1016230102
1789,45,450821,10315,"residential, commercial",false,1017890045
1745,150,450822,10355,residential,false,1017450150
2048,45,450823,10336,"commercial, residential",false,1020480045
1219,27,450824,10333,residential,false,1012190027
1746,31,450825,10355,"residential, public, semi-public",false,1017460031
2116,33,450826,10331,,false,1021160033
2044,7501,450827,10336,"commercial, residential",false,1020447501
1622,53,450828,10355,"residential, commercial",false,1016220053
1634,57,450829,10315,residential,false,1016340057
1336,23,450830,10350,,false,1013360023
1775,45,450831,10315,commercial,false,1017750045
1718,30,450832,10322,"residential, commercial",false,1017180030
1790,29,450833,10315,"residential, commercial, institutional",true,1017900029
2032,3,450834,10336,"commercial, residential",false,1020320003
2030,4,450835,10336,"commercial, residential",false,1020300004
1730,45,450836,10353,"residential, commercial, open space",false,1017300045
375,34,450837,10318,residential,false,1003750034
1825,25,450838,10322,"residential, commercial",false,1018250025
1621,13,450839,10355,"residential, commercial",false,1016210013
1770,3,450840,10330,industrial,false,1017700003
1202,55,450841,10333,residential,false,1012020055
2032,31,450842,10336,"commercial, residential",false,1020320031
1645,153,450843,10315,residential,false,1016450153
1623,105,450844,10355,residential,false,1016230105
1621,30,450845,10355,"residential, commercial",false,1016210030
1730,25,450846,10353,"residential, open space",false,1017300025
1791,34,450847,10315,"residential, commercial, institutional",false,1017910034
1730,68,450848,10353,"residential, commercial",false,1017300068
1790,8,450849,10315,"residential, commercial, institutional",false,1017900008
1772,68,450850,10330,commercial,false,1017720068
1745,50,450851,10355,residential,false,1017450050
2045,7503,450852,10336,"commercial, residential",false,1020457503
1336,27,450853,10350,,false,1013360027
1202,10,450854,10333,residential,false,1012020010
1768,11,450855,10330,community facility,false,1017680011
1614,17,450856,10355,"residential, commercial",false,1016140017
1599,67,450857,10322,"residential, commercial",false,1015990067
1623,130,450858,10355,residential,false,1016230130
1774,48,450859,10315,"residential, commercial",false,1017740048
1622,36,450860,10355,"residential, commercial",false,1016220036
1208,1,450861,10333,"residential, commercial",false,1012080001
2045,54,450862,10336,residential,false,1020450054
1978,1,450863,10352,"residential, commercial, parking",false,1019780001
1539,10,450864,10337,"commercial, residential",false,1015390010
1623,141,450865,10355,residential,false,1016230141
1774,67,450866,10315,"residential, commercial",false,1017740067
1202,9,450867,10333,residential,false,1012020009
216,1,450868,10332,,false,1002160001
1622,5,450869,10355,residential,false,1016220005
1623,115,450870,10355,residential,false,1016230115
1158,12,450871,10316,institutional,false,1011580012
352,28,450872,10327,commercial,false,1003520028
1623,128,450873,10355,residential,false,1016230128
1772,9,450874,10330,residential,false,1017720009
15851,35,452402,10442,residential,false,4158510035
15962,86,452643,10442,residential,true,4159620086
748,1,450875,10349,"residential, open space, parking",false,1007480001
936,37,450876,10346,"residential, commercial",false,1009360037
1595,7,450877,10322,"residential, commercial",false,1015950007
2048,44,450878,10336,"commercial, residential",false,1020480044
2039,55,450879,10336,commercial,false,1020390055
107,40,450880,10305,commercial,false,1001070040
1621,6,450881,10355,"residential, commercial",false,1016210006
1615,59,450882,10355,"residential, commercial, public, semi-public",true,1016150059
1789,34,450883,10315,"residential, commercial",false,1017890034
1623,34,450884,10355,residential,false,1016230034
1132,1,450885,10316,institutional,false,1011320001
102,1,450886,10306,institutional,false,1001020001
752,1,450887,10349,"residential, commercial, open space",false,1007520001
1156,20,450888,10345,"public, semi-public",false,1011560020
1049,7501,450889,10310,"residential, commercial",false,1010497501
74,7501,450890,10305,commercial,false,1000747501
345,58,450891,10326,"residential, institutional",false,1003450058
427,6,450892,10311,"residential, commercial",false,1004270006
459,17,450893,10311,,false,1004590017
142,30,450894,10332,,false,1001420030
97,35,450895,10305,commercial,false,1000970035
142,16,450896,10332,,false,1001420016
1080,10,450897,10309,"residential, community facility, utility",false,1010800010
751,7501,450898,10349,,false,1007517501
336,28,450899,10327,"public, semi-public",false,1003360028
15964,61,452664,10442,open space,false,4159640061
96,13,450900,10305,commercial,false,1000960013
1745,126,450901,10355,residential,false,1017450126
1645,122,450902,10315,residential,false,1016450122
2159,12,450903,10325,residential,false,1021590012
1863,39,450904,10307,residential,false,1018630039
1623,35,450905,10355,residential,false,1016230035
1770,4,450906,10330,industrial,false,1017700004
1226,45,450907,10333,"residential, commercial",false,1012260045
1623,33,450908,10355,residential,false,1016230033
1769,5,450909,10330,residential,false,1017690005
1833,7501,450910,10351,,false,1018337501
1845,50,450911,10307,residential,false,1018450050
1621,31,450912,10355,"residential, commercial",false,1016210031
1902,13,450913,10314,residential,false,1019020013
1226,29,450914,10333,"residential, commercial",false,1012260029
1789,43,450915,10315,"residential, commercial",false,1017890043
460,55,450916,10311,,false,1004600055
421,52,450917,10317,residential,false,1004210052
457,33,450918,10311,,false,1004570033
1737,11,450919,10354,"residential, community facility",false,1017370011
1789,14,450920,10315,"residential, commercial",false,1017890014
1623,132,450921,10355,residential,false,1016230132
1218,36,450922,10333,residential,false,1012180036
1838,28,450923,10320,"residential, community facility, commercial",false,1018380028
1617,29,450924,10355,"residential, commercial, public, semi-public",false,1016170029
1717,18,450925,10322,"residential, commercial",false,1017170018
1617,23,450926,10355,"residential, commercial, public, semi-public",false,1016170023
395,22,450927,10303,residential,false,1003950022
1825,45,450928,10322,"residential, commercial",false,1018250045
1772,2,450929,10330,industrial,false,1017720002
1717,32,450930,10322,"residential, commercial",false,1017170032
1654,5,450931,10321,residential,false,1016540005
1623,106,450932,10355,residential,false,1016230106
2034,16,450933,10336,open space,false,1020340016
2218,42,450934,10325,residential,false,1022180042
1629,49,450935,10348,,false,1016290049
15962,45,452746,10442,street,false,4159620045
1617,7,450936,10355,"residential, commercial, public, semi-public",false,1016170007
1717,9,450937,10322,"residential, commercial",false,1017170009
1539,1,450938,10337,"commercial, residential",false,1015390001
1615,56,450939,10355,"residential, commercial, public, semi-public",false,1016150056
1616,1,450940,10355,"residential, commercial",false,1016160001
375,33,450941,10318,residential,false,1003750033
2112,1,450942,10331,,false,1021120001
1955,26,450943,10328,"commercial, easement",false,1019550026
1682,7,450944,10315,residential,false,1016820007
933,10,450945,10304,open space,false,1009330010
1645,33,450946,10315,residential,false,1016450033
1863,5,450947,10307,"commercial, residential, open space",false,1018630005
1207,50,450948,10333,"residential, commercial",false,1012070050
1645,41,450949,10315,residential,false,1016450041
1207,16,450950,10333,"residential, commercial",false,1012070016
1206,32,450951,10333,"residential, commercial",false,1012060032
1600,7502,450952,10322,"residential, commercial",false,1016007502
15926,1,452496,10449,,false,4159260001
991,61,450953,10338,"residential, open space",false,1009910061
1621,32,450954,10355,"residential, commercial",false,1016210032
1219,29,450955,10333,residential,false,1012190029
1825,41,450956,10322,"residential, commercial",false,1018250041
2218,14,450957,10325,residential,false,1022180014
1623,113,450958,10355,residential,false,1016230113
1880,55,450959,10307,"commercial, residential, open space",false,1018800055
1621,61,450960,10355,"residential, commercial",false,1016210061
1825,34,450961,10322,"residential, commercial",false,1018250034
1730,64,450962,10353,"residential, commercial, parking",false,1017300064
1623,108,450963,10355,residential,false,1016230108
1959,1,450964,10328,"commercial, easement",false,1019590001
1537,22,450965,10337,"residential, commercial",false,1015370022
1746,21,450966,10355,"residential, public, semi-public",false,1017460021
1717,23,450967,10322,"residential, commercial",false,1017170023
1613,6,450968,10355,residential,false,1016130006
1623,138,450969,10355,residential,false,1016230138
1746,44,450970,10355,"residential, public, semi-public",false,1017460044
1824,19,450971,10322,"residential, commercial",false,1018240019
1209,13,450972,10333,"residential, commercial",false,1012090013
1205,1,450973,10333,"residential, commercial",false,1012050001
1621,168,450974,10355,"residential, commercial",false,1016210168
1789,27,450975,10315,"residential, commercial",false,1017890027
1615,57,450976,10355,"residential, commercial, public, semi-public",false,1016150057
2039,10,450977,10336,commercial,false,1020390010
1771,1,450978,10330,industrial,false,1017710001
1825,7501,450979,10322,"residential, commercial",false,1018257501
1634,156,450980,10315,residential,false,1016340156
1774,6,450981,10315,"residential, commercial",false,1017740006
1745,147,450982,10355,residential,false,1017450147
1726,25,450983,10308,residential,false,1017260025
1623,121,450984,10355,residential,false,1016230121
1221,1,450985,10333,"residential, commercial",false,1012210001
1787,70,450986,10315,residential,false,1017870070
1209,27,450987,10333,"residential, commercial",false,1012090027
1904,7502,450988,10314,residential,false,1019047502
2045,77,450989,10336,"commercial, residential",false,1020450077
2045,76,450990,10336,"commercial, residential",false,1020450076
1201,2,450991,10333,residential,false,1012010002
1880,56,450992,10307,"commercial, residential, open space",false,1018800056
1745,132,450993,10355,residential,false,1017450132
1622,35,450994,10355,"residential, commercial",false,1016220035
1824,20,450995,10322,"residential, commercial",false,1018240020
1623,41,450996,10355,residential,false,1016230041
1774,30,450997,10315,"residential, commercial",false,1017740030
1774,8,450998,10315,"residential, commercial",false,1017740008
1621,60,450999,10355,"residential, commercial",false,1016210060
1791,44,451000,10315,,false,1017910044
1599,9,451001,10322,"residential, commercial",false,1015990009
2114,35,451002,10331,,false,1021140035
1718,25,451003,10322,"residential, commercial",false,1017180025
1616,22,451004,10355,residential,false,1016160022
1220,12,451005,10333,residential,false,1012200012
1599,1,451006,10322,"residential, commercial",false,1015990001
1628,35,451007,10348,,false,1016280035
1927,51,451008,10314,residential,false,1019270051
1768,70,451009,10330,industrial,false,1017680070
1767,3,451010,10330,community facility,false,1017670003
15931,61,452497,10449,,false,4159310061
1843,20,451011,10320,"residential, community facility, commercial",false,1018430020
2145,38,451012,10325,residential,false,1021450038
1616,33,451013,10355,"commercial, public, semi-public",false,1016160033
395,12,451014,10303,residential,false,1003950012
2039,58,451015,10336,commercial,false,1020390058
1845,7501,451016,10307,residential,false,1018457501
1845,40,451017,10307,residential,false,1018450040
1863,17,451018,10307,"commercial, residential, open space",false,1018630017
1538,10,451019,10337,"commercial, residential",false,1015380010
1623,109,451020,10355,residential,false,1016230109
2051,7501,451021,10336,"commercial, residential",false,1020517501
382,100,451022,10335,residential,false,1003820100
1718,35,451023,10322,"residential, commercial",false,1017180035
1945,7504,451024,10314,"residential, commercial",false,1019457504
1645,38,451025,10315,residential,false,1016450038
1622,51,451026,10355,"residential, commercial",false,1016220051
2043,29,451027,10328,"commercial, easement",false,1020430029
1746,43,451028,10355,"residential, public, semi-public",false,1017460043
1863,37,451029,10307,residential,false,1018630037
1623,107,451030,10355,residential,false,1016230107
1775,6,451031,10315,"residential, commercial",false,1017750006
1206,45,451032,10333,"residential, commercial",false,1012060045
1599,68,451033,10322,"residential, commercial",false,1015990068
1203,13,451034,10333,residential,false,1012030013
1772,1,451035,10330,industrial,false,1017720001
1832,43,451036,10333,residential,false,1018320043
1745,131,451037,10355,residential,false,1017450131
1792,50,451038,10315,institutional,false,1017920050
1737,69,451039,10354,"residential, community facility",false,1017370069
1790,46,451040,10315,"residential, commercial, institutional",false,1017900046
1623,127,451041,10355,residential,false,1016230127
935,1,451042,10304,open space,false,1009350001
1622,20,451043,10355,"residential, commercial",false,1016220020
1645,44,451044,10315,residential,false,1016450044
1613,70,451045,10355,residential,false,1016130070
1717,44,451046,10322,"residential, commercial",false,1017170044
1617,25,451047,10355,"residential, commercial, public, semi-public",false,1016170025
1208,127,451048,10333,"residential, commercial",false,1012080127
15960,48,452498,10442,open space,true,4159600048
2047,10,451049,10336,"commercial, residential",false,1020470010
1615,55,451050,10355,"residential, commercial, public, semi-public",false,1016150055
1746,145,451051,10355,"residential, public, semi-public",false,1017460145
1748,35,451052,10355,"residential, public, semi-public",false,1017480035
1617,43,451053,10355,"residential, commercial, public, semi-public",false,1016170043
1623,147,451054,10355,residential,false,1016230147
1201,6,451055,10333,residential,false,1012010006
2043,21,451056,10336,"commercial, residential",false,1020430021
1789,5,451057,10315,"residential, commercial",false,1017890005
1599,61,451058,10322,"residential, commercial",false,1015990061
1682,3,451059,10315,residential,false,1016820003
1621,28,451060,10355,"residential, commercial",false,1016210028
1621,71,451061,10355,"residential, commercial",false,1016210071
1790,3,451062,10315,"residential, commercial, institutional",false,1017900003
1645,125,451063,10315,residential,false,1016450125
1621,7,451064,10355,"residential, commercial",false,1016210007
1220,13,451065,10333,residential,false,1012200013
1617,35,451066,10355,"residential, commercial, public, semi-public",false,1016170035
1863,26,451067,10307,"commercial, residential, open space",false,1018630026
1223,125,451068,10333,"residential, commercial",false,1012230125
1767,168,451069,10330,community facility,false,1017670168
1902,33,451070,10314,"residential, commercial",false,1019020033
1599,70,451071,10322,"residential, commercial",false,1015990070
1220,1,451072,10333,residential,false,1012200001
1623,47,451073,10355,residential,false,1016230047
1863,43,451074,10307,residential,false,1018630043
1718,135,451075,10322,"residential, commercial",false,1017180135
1730,75,451076,10353,"residential, parking, open space",false,1017300075
1701,1,451077,10343,residential,false,1017010001
1717,41,451078,10322,"residential, commercial",false,1017170041
1746,32,451079,10355,"residential, public, semi-public",false,1017460032
1614,13,451080,10355,"residential, commercial",false,1016140013
1202,8,451081,10333,residential,false,1012020008
1789,30,451082,10315,"residential, commercial",false,1017890030
1840,7501,451083,10320,"residential, community facility, commercial",false,1018407501
15834,42,452499,10442,"commercial, residential",true,4158340042
2119,36,451084,10331,,false,1021190036
1767,4,451085,10330,community facility,false,1017670004
1623,135,451086,10355,residential,false,1016230135
1645,15,451087,10330,residential,false,1016450015
1790,49,451088,10315,"residential, commercial, institutional",false,1017900049
2112,58,451089,10331,,false,1021120058
1206,1,451090,10333,"residential, commercial",false,1012060001
1220,29,451091,10333,"residential, commercial",false,1012200029
1767,69,451092,10330,community facility,false,1017670069
1790,41,451093,10315,"residential, commercial, institutional",true,1017900041
1737,25,451094,10354,"residential, community facility",false,1017370025
1208,46,451095,10333,"residential, commercial",false,1012080046
1599,21,451096,10322,"residential, commercial",false,1015990021
2152,56,451097,10325,residential,false,1021520056
1595,1,451098,10322,"residential, commercial",false,1015950001
1595,6,451099,10322,"residential, commercial",false,1015950006
1790,27,451100,10315,"residential, commercial, institutional",false,1017900027
1717,113,451101,10322,"residential, commercial",false,1017170113
1737,59,451102,10354,"residential, community facility",false,1017370059
1940,35,451103,10328,"commercial, easement",false,1019400035
1717,111,451104,10322,"residential, commercial",false,1017170111
1621,14,451105,10355,"residential, commercial",false,1016210014
1718,31,451106,10322,"residential, commercial",false,1017180031
1745,29,451107,10355,residential,false,1017450029
2041,7504,451108,10336,residential,false,1020417504
932,17,451109,10304,open space,false,1009320017
1202,1,451110,10333,residential,false,1012020001
1775,40,451111,10315,commercial,false,1017750040
1852,9,451112,10351,,false,1018520009
1789,21,451113,10315,"residential, commercial",false,1017890021
1622,37,451114,10355,"residential, commercial",false,1016220037
1767,67,451115,10330,community facility,false,1017670067
1789,39,451116,10315,"residential, commercial",false,1017890039
2034,15,451137,10336,open space,false,1020340015
1825,27,451117,10322,"residential, commercial",false,1018250027
1825,59,451118,10322,"residential, commercial",false,1018250059
1774,66,451119,10315,"residential, commercial",false,1017740066
1775,71,451120,10315,commercial,false,1017750071
1645,50,451121,10315,residential,false,1016450050
1851,8,451122,10333,residential,false,1018510008
1846,57,451123,10307,residential,false,1018460057
1207,47,451124,10333,"residential, commercial",false,1012070047
1730,36,451125,10353,"residential, open space",false,1017300036
1617,28,451126,10355,"residential, commercial, public, semi-public",false,1016170028
1884,36,451127,10307,"public, semi-public",false,1018840036
1201,4,451128,10333,residential,false,1012010004
1774,33,451129,10315,"institutional, residential, commercial",false,1017740033
1746,30,451130,10355,"residential, public, semi-public",false,1017460030
1206,23,451131,10333,"residential, commercial",false,1012060023
1717,56,451132,10322,"residential, commercial",false,1017170056
1226,125,451133,10333,"residential, commercial",false,1012260125
1745,149,451134,10355,residential,false,1017450149
1863,29,451135,10307,"commercial, residential",false,1018630029
1789,50,451136,10315,"residential, commercial",false,1017890050
1616,52,451138,10355,residential,false,1016160052
1628,33,451139,10348,,false,1016280033
1775,1,451140,10315,commercial,false,1017750001
1223,22,451141,10333,"residential, commercial",false,1012230022
1616,35,451142,10355,residential,false,1016160035
1746,25,451143,10355,"residential, public, semi-public",false,1017460025
1746,48,451144,10355,"residential, public, semi-public",false,1017460048
1825,20,451145,10322,"residential, commercial",false,1018250020
1221,7,451146,10333,residential,false,1012210007
1208,11,451147,10333,"residential, commercial",false,1012080011
375,35,451148,10318,residential,false,1003750035
1767,71,451149,10330,community facility,false,1017670071
936,7501,451150,10346,"residential, commercial",false,1009367501
1825,21,451151,10322,"residential, commercial",false,1018250021
2034,35,451152,10336,"commercial, residential",false,1020340035
1205,6,451153,10333,"public, open space",false,1012050006
2237,45,451154,10325,residential,false,1022370045
1672,17,451155,10321,residential,false,1016720017
2045,69,451156,10336,"commercial, residential",false,1020450069
1717,33,451157,10322,"residential, commercial",false,1017170033
1205,22,451158,10333,"residential, commercial",false,1012050022
2047,11,451159,10336,"commercial, residential",false,1020470011
1737,15,451160,10354,"residential, community facility",false,1017370015
2042,120,451161,10336,"commercial, residential",false,1020420120
1617,48,451162,10355,"residential, commercial, public, semi-public",false,1016170048
1621,145,451163,10355,"residential, commercial",false,1016210145
1202,157,451164,10333,residential,false,1012020157
1775,3,451165,10315,commercial,false,1017750003
1621,29,451166,10355,"residential, commercial",false,1016210029
1594,65,451167,10322,"residential, commercial",false,1015940065
1745,148,451168,10355,residential,false,1017450148
1789,9,451169,10315,"residential, commercial",false,1017890009
1718,132,451170,10322,"residential, commercial",false,1017180132
1674,7501,451171,10321,residential,false,1016747501
1623,122,451172,10355,residential,false,1016230122
934,24,451173,10304,residential,false,1009340024
1223,124,451174,10333,"residential, commercial",false,1012230124
1616,31,451175,10355,residential,false,1016160031
1789,1,451176,10315,"residential, commercial",false,1017890001
1718,36,451177,10322,"residential, commercial",false,1017180036
1083,15,451178,10309,"residential, community facility, utility",false,1010830015
1745,144,451179,10355,residential,false,1017450144
1645,31,451180,10315,residential,false,1016450031
1717,42,451181,10322,"residential, commercial",false,1017170042
2044,11,451182,10336,"commercial, residential",false,1020440011
107,46,451183,10305,commercial,false,1001070046
2031,44,451184,10336,open space,false,1020310044
1824,16,451185,10322,"residential, commercial",false,1018240016
1833,7502,451186,10351,,false,1018337502
1730,50,451187,10353,commercial,false,1017300050
1959,58,451188,10328,"commercial, easement",false,1019590058
1767,5,451189,10330,community facility,false,1017670005
1622,17,451190,10355,"residential, commercial",false,1016220017
2045,7501,451191,10336,"commercial, residential",false,1020457501
1790,12,451192,10315,"residential, commercial, institutional",false,1017900012
1621,47,451193,10355,"residential, commercial",false,1016210047
1790,40,451194,10315,"residential, commercial, institutional",true,1017900040
1207,45,451195,10333,"residential, commercial",false,1012070045
97,44,451196,10305,commercial,false,1000970044
1599,6,451197,10322,"residential, commercial",false,1015990006
1777,5,451198,10315,commercial,false,1017770005
1594,40,451199,10322,"residential, commercial",false,1015940040
1645,24,451200,10315,residential,false,1016450024
1718,129,451201,10322,"residential, commercial",false,1017180129
1645,30,451202,10315,residential,false,1016450030
1617,46,451203,10355,"residential, commercial, public, semi-public",false,1016170046
1208,27,451204,10333,"residential, commercial",false,1012080027
1621,12,451205,10355,"residential, commercial",false,1016210012
1617,31,451206,10355,"residential, commercial, public, semi-public",false,1016170031
1634,157,451207,10315,residential,false,1016340157
1717,12,451208,10322,"residential, commercial",false,1017170012
1207,146,451209,10333,"residential, commercial",false,1012070146
1833,7503,451210,10351,,false,1018337503
1220,5,451211,10333,institutional,false,1012200005
2218,48,451212,10325,residential,false,1022180048
459,37,451213,10311,,false,1004590037
97,18,451214,10305,commercial,false,1000970018
1158,38,451215,10316,institutional,false,1011580038
106,20,451216,10305,commercial,false,1001060020
106,2,451217,10305,commercial,false,1001060002
142,14,451218,10332,,false,1001420014
106,7503,451219,10305,commercial,false,1001067503
96,12,451220,10305,commercial,false,1000960012
427,7501,451221,10311,"residential, commercial",false,1004277501
459,45,451222,10311,,false,1004590045
1623,139,451223,10355,residential,false,1016230139
1623,129,451224,10355,residential,false,1016230129
1628,37,451225,10348,,false,1016280037
1336,31,451226,10350,,false,1013360031
1337,14,451227,10350,,false,1013370014
1628,36,451228,10348,,false,1016280036
1791,1,451229,10315,"residential, commercial, institutional",false,1017910001
1615,9,451230,10355,"residential, commercial, public, semi-public",false,1016150009
934,15,451231,10304,residential,false,1009340015
1614,12,451232,10355,"residential, commercial",false,1016140012
1599,62,451233,10322,"residential, commercial",false,1015990062
1745,142,451234,10355,residential,false,1017450142
1682,51,451235,10315,residential,false,1016820051
1645,5,451236,10330,residential,false,1016450005
1774,7,451237,10315,"residential, commercial",false,1017740007
1622,30,451238,10355,"residential, commercial",false,1016220030
1617,34,451239,10355,"residential, commercial, public, semi-public",false,1016170034
97,17,451240,10305,commercial,false,1000970017
2046,28,451241,10336,"commercial, residential",false,1020460028
1852,1,451242,10351,,false,1018520001
2030,10,451243,10336,"commercial, residential",false,1020300010
2045,75,451244,10336,"commercial, residential",false,1020450075
1209,19,451245,10333,"residential, commercial",false,1012090019
1959,54,451246,10328,"commercial, easement",false,1019590054
1717,57,451247,10322,"residential, commercial",false,1017170057
1724,69,451248,10315,institutional,false,1017240069
2034,17,451249,10336,open space,false,1020340017
1851,7501,451250,10333,"residential, commercial, institutional",false,1018517501
1825,29,451251,10322,"residential, commercial",false,1018250029
1537,7501,451252,10337,"residential, commercial",false,1015377501
1201,63,451253,10333,residential,false,1012010063
1617,52,451254,10355,"residential, commercial, public, semi-public",false,1016170052
315,70,451255,10339,"commercial, open space",false,1003150070
1790,30,451256,10315,"residential, commercial, institutional",true,1017900030
1745,127,451257,10355,residential,false,1017450127
380,50,451258,10335,"public, semi-public",false,1003800050
1682,6,451259,10315,residential,false,1016820006
2112,10,451260,10331,,false,1021120010
2158,41,451261,10325,residential,false,1021580041
1623,103,451262,10355,residential,false,1016230103
1614,60,451263,10355,"residential, commercial",false,1016140060
1774,5,451264,10315,"residential, commercial",false,1017740005
1629,48,451265,10348,,false,1016290048
1902,124,451266,10314,residential,false,1019020124
1746,28,451267,10355,"residential, public, semi-public",false,1017460028
1617,1,451268,10355,residential,false,1016170001
15853,48,452500,10442,"commercial, residential",true,4158530048
1730,9,451269,10353,"residential, parking",false,1017300009
1880,53,451270,10307,"commercial, residential, open space",false,1018800053
1717,115,451271,10322,"residential, commercial",false,1017170115
1204,21,451272,10333,residential,false,1012040021
1594,58,451273,10322,"residential, commercial",false,1015940058
1645,40,451274,10315,residential,false,1016450040
1621,48,451275,10355,"residential, commercial",false,1016210048
1623,31,451276,10355,residential,false,1016230031
1768,111,451277,10330,community facility,false,1017680111
2041,7503,451278,10336,residential,false,1020417503
2045,72,451279,10336,"commercial, residential",false,1020450072
1622,33,451280,10355,"residential, commercial",false,1016220033
2045,7502,451281,10336,"commercial, residential",false,1020457502
1538,1,451282,10337,"commercial, residential",false,1015380001
1615,60,451283,10355,"residential, commercial, public, semi-public",false,1016150060
1768,170,451284,10330,industrial,false,1017680170
1776,20,451285,10315,"residential, institutional, public, community facility",false,1017760020
1730,1,451286,10353,commercial,false,1017300001
1623,32,451287,10355,residential,false,1016230032
1790,44,451288,10315,"residential, commercial, institutional",false,1017900044
1634,59,451289,10315,residential,false,1016340059
97,7502,451290,10305,commercial,false,1000977502
1740,1,451291,10354,"residential, community facility",false,1017400001
1084,25,451292,10309,"residential, community facility, utility",false,1010840025
459,43,451293,10311,,false,1004590043
1084,9,451294,10309,"residential, community facility, utility",false,1010840009
341,1,451295,10327,"public, semi-public",false,1003410001
1792,28,451296,10315,institutional,false,1017920028
1694,7,451297,10321,residential,false,1016940007
1852,31,451298,10351,,false,1018520031
1852,40,451299,10351,,false,1018520040
1747,70,451300,10355,"public, semi-public",false,1017470070
1645,70,451301,10330,"residential, community facility",true,1016450070
1220,7,451302,10333,institutional,false,1012200007
1852,12,451303,10351,,false,1018520012
1852,20,451304,10351,,false,1018520020
2116,31,451305,10331,,false,1021160031
1789,146,451306,10315,"residential, commercial",false,1017890146
1852,5,451307,10351,,false,1018520005
1621,7501,451308,10355,"residential, commercial",false,1016217501
71,7501,451309,10305,commercial,false,1000717501
1218,129,451310,10333,"residential, commercial",false,1012180129
2034,7501,451311,10336,"commercial, residential",false,1020347501
457,29,451312,10311,,false,1004570029
142,25,451313,10332,,false,1001420025
2034,24,451314,10336,"commercial, residential",false,1020340024
1202,57,451315,10333,residential,false,1012020057
1226,123,451316,10333,"residential, commercial",false,1012260123
1621,43,451317,10355,"residential, commercial",false,1016210043
1927,48,451318,10314,residential,false,1019270048
1623,29,451319,10355,residential,false,1016230029
1621,35,451320,10355,"residential, commercial",false,1016210035
1718,131,451321,10322,"residential, commercial",false,1017180131
1717,29,451322,10322,"residential, commercial",false,1017170029
71,1,451323,10305,commercial,false,1000710001
72,115,451324,10305,commercial,false,1000720115
73,11,451325,10305,commercial,false,1000730011
1223,20,451349,10333,"residential, commercial",false,1012230020
72,13,451326,10305,commercial,false,1000720013
72,7501,451327,10305,commercial,false,1000727501
72,14,451328,10305,commercial,false,1000720014
1745,7502,451329,10355,residential,false,1017457502
74,1,451330,10305,commercial,false,1000740001
74,20,451331,10305,commercial,false,1000740020
72,19,451332,10305,commercial,false,1000720019
72,20,451333,10305,commercial,false,1000720020
15902,18,452501,10449,,false,4159020018
15936,1,452502,10449,,false,4159360001
375,1,451334,10318,residential,false,1003750001
930,20,451335,10304,residential,false,1009300020
395,9,451336,10303,residential,false,1003950009
931,1,451337,10304,residential,false,1009310001
321,1,451338,10341,"residential, parking, open space",false,1003210001
934,1,451339,10304,residential,false,1009340001
73,17,451340,10305,commercial,false,1000730017
934,50,451341,10304,residential,false,1009340050
263,8,451342,10341,"residential, parking, open space",false,1002630008
931,17,451343,10304,"public, semi-public",false,1009310017
15905,198,452503,10449,,false,4159050198
929,1,451344,10304,residential,false,1009290001
375,45,451345,10318,residential,false,1003750045
929,135,451346,10304,residential,false,1009290135
931,21,451347,10304,"public, semi-public",false,1009310021
1745,168,451348,10355,"residential, commercial",false,1017450168
1208,24,451350,10333,"residential, commercial",false,1012080024
1774,17,451351,10315,"residential, commercial",false,1017740017
936,1,451352,10346,"residential, commercial",false,1009360001
1833,7505,451353,10351,,false,1018337505
1772,3,451354,10330,industrial,false,1017720003
1614,14,451355,10355,"residential, commercial",false,1016140014
1617,54,451356,10355,"residential, commercial, public, semi-public",false,1016170054
1789,36,451357,10315,"residential, commercial",false,1017890036
1595,65,451358,10322,"residential, commercial",false,1015950065
1621,64,451359,10355,"residential, commercial",false,1016210064
2219,9,451360,10325,residential,false,1022190009
1623,39,451361,10355,residential,false,1016230039
15905,287,452504,10449,,false,4159050287
1224,29,451362,10333,"residential, commercial",false,1012240029
1224,42,451363,10333,"residential, open space",false,1012240042
2029,36,451364,10336,"commercial, residential",false,1020290036
2034,25,451365,10336,"commercial, residential",false,1020340025
1623,118,451366,10355,residential,false,1016230118
1617,41,451367,10355,"residential, commercial, public, semi-public",false,1016170041
1225,39,451368,10333,"residential, commercial",false,1012250039
1825,49,451369,10322,"residential, commercial",false,1018250049
1616,21,451370,10355,residential,false,1016160021
1621,65,451371,10355,"residential, commercial",false,1016210065
1613,7501,451372,10355,residential,false,1016137501
1790,6,451373,10315,"residential, commercial, institutional",true,1017900006
1745,141,451374,10355,residential,false,1017450141
1219,7501,451375,10333,residential,false,1012197501
2045,79,451376,10336,"commercial, residential",false,1020450079
1717,30,451377,10322,"residential, commercial",false,1017170030
2220,29,451378,10325,residential,false,1022200029
1745,128,451379,10355,residential,false,1017450128
1623,125,451380,10355,residential,false,1016230125
935,13,451381,10304,residential,false,1009350013
2218,54,451382,10325,residential,false,1022180054
1206,20,451383,10333,"residential, commercial",false,1012060020
1617,21,451384,10355,"residential, commercial, public, semi-public",false,1016170021
1717,13,451385,10322,"residential, commercial",false,1017170013
1927,55,451386,10314,residential,false,1019270055
1902,7501,451387,10314,residential,false,1019027501
2033,7501,451388,10336,"commercial, residential",false,1020337501
2200,9,451389,10325,residential,false,1022000009
1718,133,451390,10322,"residential, commercial",false,1017180133
1775,28,451391,10315,commercial,false,1017750028
1730,52,451392,10353,commercial,false,1017300052
1789,11,451393,10315,"residential, commercial",false,1017890011
1202,58,451394,10333,residential,false,1012020058
1682,49,451395,10315,residential,false,1016820049
1746,45,451396,10355,"residential, public, semi-public",false,1017460045
1717,10,451397,10322,"residential, commercial",false,1017170010
1218,28,451398,10333,residential,false,1012180028
1852,7501,451399,10351,,false,1018527501
1937,1,451400,10328,"commercial, easement",false,1019370001
1224,58,451401,10333,"residential, commercial",false,1012240058
1617,50,451402,10355,"residential, commercial, public, semi-public",false,1016170050
1774,56,451403,10315,"residential, commercial",false,1017740056
1717,55,451404,10322,"residential, commercial",false,1017170055
1645,28,451405,10315,residential,false,1016450028
1748,1,451406,10355,"residential, public, semi-public",false,1017480001
1717,118,451407,10322,"residential, commercial",false,1017170118
1623,131,451408,10355,residential,false,1016230131
1745,143,451409,10355,residential,false,1017450143
1852,2,451410,10351,,false,1018520002
1846,7501,451411,10307,residential,false,1018467501
1772,8,451412,10330,residential,true,1017720008
2032,23,451413,10336,"commercial, residential",false,1020320023
1747,35,451414,10355,"public, semi-public",false,1017470035
1209,1,451415,10333,"residential, commercial",false,1012090001
1929,57,451416,10314,residential,false,1019290057
1745,7503,451417,10355,residential,false,1017457503
1615,11,451418,10355,"residential, commercial, public, semi-public",false,1016150011
1621,66,451419,10355,"residential, commercial",false,1016210066
1623,123,451420,10355,residential,false,1016230123
1735,1,451421,10323,institutional,false,1017350001
1622,73,451422,10355,"residential, commercial",false,1016220073
1645,35,451423,10315,residential,false,1016450035
1623,119,451424,10355,residential,false,1016230119
1614,16,451425,10355,"residential, commercial",false,1016140016
931,24,451426,10304,"public, semi-public",false,1009310024
1219,41,451427,10333,open space,false,1012190041
1617,38,451428,10355,"residential, commercial, public, semi-public",false,1016170038
1775,168,451429,10315,commercial,false,1017750168
1645,32,451430,10315,residential,false,1016450032
1617,53,451431,10355,"residential, commercial, public, semi-public",false,1016170053
1623,26,451432,10355,residential,false,1016230026
1623,116,451433,10355,residential,false,1016230116
1745,145,451434,10355,residential,false,1017450145
2032,30,451435,10336,"commercial, residential",false,1020320030
2032,1,451436,10336,"commercial, residential",false,1020320001
1623,134,451437,10355,residential,false,1016230134
1621,62,451438,10355,"residential, commercial",false,1016210062
1208,22,451439,10333,"residential, commercial",false,1012080022
1220,10,451440,10333,"commercial, semi-public",false,1012200010
1951,43,451441,10314,commercial,false,1019510043
15964,64,452665,10442,open space,true,4159640064
1617,20,451442,10355,"residential, commercial, public, semi-public",false,1016170020
1772,4,451443,10330,residential,true,1017720004
1863,41,451444,10307,residential,false,1018630041
1645,3,451445,10330,residential,false,1016450003
1201,3,451446,10333,residential,false,1012010003
1629,47,451447,10348,,false,1016290047
1629,50,451448,10348,,false,1016290050
1825,50,451449,10322,"residential, commercial",false,1018250050
1623,40,451450,10355,residential,false,1016230040
1790,1,451451,10315,"residential, commercial, institutional",false,1017900001
1634,60,451452,10315,residential,false,1016340060
1623,133,451453,10355,residential,false,1016230133
1617,122,451454,10355,"residential, commercial, public, semi-public",false,1016170122
1769,1,451455,10330,industrial,false,1017690001
1746,24,451456,10355,"residential, public, semi-public",false,1017460024
2045,73,451457,10336,"commercial, residential",false,1020450073
1789,4,451458,10315,"residential, commercial",false,1017890004
1789,7501,451459,10315,"residential, commercial",false,1017897501
1694,5,451460,10321,residential,false,1016940005
15940,93,452505,10449,,false,4159400093
15962,104,452506,10442,residential,true,4159620104
73,10,451461,10305,commercial,false,1000730010
73,14,451462,10305,commercial,false,1000730014
1703,99,451463,10441,"residential, recreational, community facility, parking",false,4017030099
1703,93,451464,10441,"residential, recreational, community facility, parking",false,4017030093
1703,97,451465,10441,"residential, recreational, community facility, parking",false,4017030097
1705,10,451466,10441,"residential, recreational, community facility, parking",false,4017050010
1705,1,451467,10441,"residential, recreational, community facility, parking",false,4017050001
1705,5,451468,10441,"residential, recreational, community facility, parking",false,4017050005
1703,86,451469,10441,"residential, recreational, community facility, parking",false,4017030086
1703,98,451470,10441,"residential, recreational, community facility, parking",false,4017030098
1703,87,451471,10441,"residential, recreational, community facility, parking",false,4017030087
1703,94,451472,10441,"residential, recreational, community facility, parking",false,4017030094
1823,7,451473,10448,,false,4018230007
1821,1,451474,10448,,false,4018210001
1825,53,451475,10448,,false,4018250053
1823,59,451476,10448,,false,4018230059
1825,1,451477,10448,,false,4018250001
1825,48,451478,10448,,false,4018250048
1830,21,451493,10448,,false,4018300021
15900,2,452537,10449,,true,4159000002
1829,40,451479,10448,,false,4018290040
1824,53,451480,10448,,false,4018240053
1828,39,451481,10448,,false,4018280039
1820,108,451482,10448,,false,4018200108
1823,19,451483,10448,,false,4018230019
1824,38,451484,10448,,false,4018240038
1828,23,451485,10448,,false,4018280023
1833,170,451486,10448,,false,4018330170
1824,45,451487,10448,,false,4018240045
1831,1,451488,10448,,false,4018310001
1833,155,451489,10448,,false,4018330155
1821,27,451490,10448,,false,4018210027
1826,18,451491,10448,,false,4018260018
1831,10,451492,10448,,false,4018310010
1822,58,451494,10448,,false,4018220058
1823,52,451495,10448,,false,4018230052
1823,47,451496,10448,,false,4018230047
1825,55,451497,10448,,false,4018250055
1820,1,451498,10448,,false,4018200001
1821,16,451499,10448,,false,4018210016
1822,5,451500,10448,,false,4018220005
1822,23,451501,10448,,false,4018220023
1823,26,451502,10448,,false,4018230026
1826,5,451503,10448,,false,4018260005
1828,34,451504,10448,,false,4018280034
1833,141,451505,10448,,false,4018330141
1820,6,451506,10448,,false,4018200006
1821,25,451507,10448,,false,4018210025
1822,7,451508,10448,,false,4018220007
1824,33,451509,10448,,false,4018240033
1825,21,451510,10448,,false,4018250021
1833,143,451511,10448,,false,4018330143
1822,55,451512,10448,,false,4018220055
1823,1,451513,10448,,false,4018230001
1823,55,451514,10448,,false,4018230055
1823,14,451515,10448,,false,4018230014
1822,28,451516,10448,,false,4018220028
1825,19,451517,10448,,false,4018250019
1828,29,451518,10448,,false,4018280029
1833,179,451519,10448,,false,4018330179
1833,165,451520,10448,,false,4018330165
1822,21,451521,10448,,false,4018220021
1824,12,451522,10448,,false,4018240012
1833,103,451523,10448,,false,4018330103
1833,172,451524,10448,,false,4018330172
1833,201,451525,10448,,false,4018330201
1833,188,451526,10448,,false,4018330188
1823,60,451527,10448,,false,4018230060
1825,37,451528,10448,,false,4018250037
1833,111,451545,10448,,false,4018330111
1833,425,451529,10448,,false,4018330425
1826,35,451530,10448,,false,4018260035
1826,31,451531,10448,,false,4018260031
1828,11,451532,10448,,false,4018280011
1822,1,451533,10448,,false,4018220001
1825,25,451534,10448,,false,4018250025
1833,120,451535,10448,,false,4018330120
1820,34,451536,10448,,false,4018200034
1823,20,451537,10448,,false,4018230020
15867,1,452507,10449,,true,4158670001
1833,300,451538,10448,,false,4018330300
1828,13,451539,10448,,false,4018280013
1833,192,451540,10448,,false,4018330192
1823,5,451541,10448,,false,4018230005
1828,21,451542,10448,,false,4018280021
1829,71,451543,10448,,false,4018290071
1832,1,451544,10448,,false,4018320001
1833,168,451546,10448,,false,4018330168
1826,1,451547,10448,,false,4018260001
1833,186,451548,10448,,false,4018330186
1820,9,451549,10448,,false,4018200009
1823,12,451550,10448,,false,4018230012
1833,158,451551,10448,,false,4018330158
1822,33,451552,10448,,false,4018220033
1833,203,451553,10448,,false,4018330203
1823,21,451554,10448,,false,4018230021
1824,1,451555,10448,,false,4018240001
1828,17,451556,10448,,false,4018280017
1824,40,451557,10448,,false,4018240040
1825,46,451558,10448,,false,4018250046
1833,212,451559,10448,,false,4018330212
1822,17,451560,10448,,false,4018220017
1824,19,451561,10448,,false,4018240019
15905,148,452538,10449,,false,4159050148
1830,9,451562,10448,,false,4018300009
1833,199,451563,10448,,false,4018330199
1833,180,451564,10448,,true,4018330180
1828,4,451565,10448,,false,4018280004
1833,197,451566,10448,,false,4018330197
1824,26,451567,10448,,false,4018240026
1832,10,451568,10448,,false,4018320010
1825,30,451569,10448,,false,4018250030
1833,151,451570,10448,,false,4018330151
15877,1,452508,10449,,true,4158770001
1830,10,451571,10448,,false,4018300010
1829,21,451572,10448,,false,4018290021
1833,166,451573,10448,,false,4018330166
1833,177,451574,10448,,false,4018330177
1826,20,451575,10448,,false,4018260020
1833,1,451576,10448,,false,4018330001
1823,23,451577,10448,,false,4018230023
1826,14,451578,10448,,false,4018260014
1704,172,451579,10441,"residential, recreational, community facility, parking",false,4017040172
1833,215,451580,10448,,false,4018330215
1823,28,451581,10448,,false,4018230028
1823,44,451582,10448,,false,4018230044
1823,40,451583,10448,,false,4018230040
1825,58,451584,10448,,false,4018250058
1824,21,451585,10448,,false,4018240021
1823,3,451586,10448,,false,4018230003
1830,1,451587,10448,,false,4018300001
1823,58,451588,10448,,false,4018230058
1828,37,451589,10448,,false,4018280037
1829,19,451590,10448,,false,4018290019
1831,35,451591,10448,,false,4018310035
1820,18,451592,10448,,false,4018200018
1825,28,451593,10448,,false,4018250028
1823,33,451594,10448,,false,4018230033
1824,28,451595,10448,,false,4018240028
1827,1,451596,10448,,false,4018270001
1828,1,451597,10448,,false,4018280001
1828,8,451598,10448,,false,4018280008
1833,230,451599,10448,,false,4018330230
1833,117,451600,10448,,false,4018330117
1821,6,451601,10448,,false,4018210006
1821,35,451602,10448,,false,4018210035
4145,1,451603,10440,"industrial, public, commercial, parking, open space, airport",false,4041450001
4138,50,451604,10440,"industrial, public, commercial, parking, open space, airport",false,4041380050
4143,25,451605,10440,"industrial, public, commercial, parking, open space, airport",false,4041430025
4116,46,451606,10440,"industrial, public, commercial, parking, open space, airport",false,4041160046
4176,39,451607,10440,"industrial, public, commercial, parking, open space, airport",false,4041760039
4137,1,451608,10440,"industrial, public, commercial, parking, open space, airport",false,4041370001
4116,45,451609,10440,"industrial, public, commercial, parking, open space, airport",false,4041160045
4117,1,451610,10440,"industrial, public, commercial, parking, open space, airport",false,4041170001
4176,38,451611,10440,"industrial, public, commercial, parking, open space, airport",false,4041760038
4136,4,451612,10440,"industrial, public, commercial, parking, open space, airport",false,4041360004
15879,1,452509,10449,,true,4158790001
4143,30,451613,10440,"industrial, public, commercial, parking, open space, airport",false,4041430030
4136,14,451614,10440,"industrial, public, commercial, parking, open space, airport",false,4041360014
4138,1,451615,10440,"industrial, public, commercial, parking, open space, airport",false,4041380001
4136,37,451616,10440,"industrial, public, commercial, parking, open space, airport",false,4041360037
4125,1,451617,10440,"industrial, public, commercial, parking, open space, airport",false,4041250001
4136,49,451618,10440,"industrial, public, commercial, parking, open space, airport",false,4041360049
4136,38,451619,10440,"industrial, public, commercial, parking, open space, airport",false,4041360038
4136,9,451620,10440,"industrial, public, commercial, parking, open space, airport",false,4041360009
4181,33,451621,10440,"industrial, public, commercial, parking, open space, airport",true,4041810033
4136,7,451622,10440,"industrial, public, commercial, parking, open space, airport",false,4041360007
15971,21,452768,10442,open space,true,4159710021
4136,50,451623,10440,"industrial, public, commercial, parking, open space, airport",false,4041360050
4137,12,451624,10440,"industrial, public, commercial, parking, open space, airport",false,4041370012
4143,60,451625,10440,"industrial, public, commercial, parking, open space, airport",false,4041430060
4182,1,451626,10440,"industrial, public, commercial, parking, open space, airport",true,4041820001
4136,11,451627,10440,"industrial, public, commercial, parking, open space, airport",false,4041360011
4183,75,451628,10440,"industrial, public, commercial, parking, open space, airport",false,4041830075
4176,42,451629,10440,"industrial, public, commercial, parking, open space, airport",false,4041760042
4175,1,451630,10440,"industrial, public, commercial, parking, open space, airport",false,4041750001
4208,1,451631,10440,"industrial, public, commercial, parking, open space, airport",true,4042080001
4176,62,451632,10440,"industrial, public, commercial, parking, open space, airport",false,4041760062
4179,1,451633,10440,"industrial, public, commercial, parking, open space, airport",true,4041790001
4176,75,451634,10440,"industrial, public, commercial, parking, open space, airport",false,4041760075
4181,1,451635,10440,"industrial, public, commercial, parking, open space, airport",true,4041810001
4136,22,451636,10440,"industrial, public, commercial, parking, open space, airport",false,4041360022
4143,20,451637,10440,"industrial, public, commercial, parking, open space, airport",false,4041430020
4136,52,451638,10440,"industrial, public, commercial, parking, open space, airport",false,4041360052
9998,93,451748,10445,,false,4099980093
4181,26,451639,10440,"industrial, public, commercial, parking, open space, airport",true,4041810026
4176,30,451640,10440,"industrial, public, commercial, parking, open space, airport",false,4041760030
4177,1,451641,10440,"industrial, public, commercial, parking, open space, airport",false,4041770001
4143,40,451642,10440,"industrial, public, commercial, parking, open space, airport",false,4041430040
4211,1,451643,10440,"industrial, public, commercial, parking, open space, airport",true,4042110001
15952,23,452510,10442,street,false,4159520023
4240,1,451644,10440,"industrial, public, commercial, parking, open space, airport",true,4042400001
4237,1,451645,10440,"industrial, public, commercial, parking, open space, airport",false,4042370001
4280,1,451646,10440,"industrial, public, commercial, parking, open space, airport",true,4042800001
4209,1,451647,10440,"industrial, public, commercial, parking, open space, airport",true,4042090001
4238,1,451648,10440,"industrial, public, commercial, parking, open space, airport",false,4042380001
9999,11,451749,10445,,false,4099990011
4213,13,451649,10440,"industrial, public, commercial, parking, open space, airport",false,4042130013
4241,1,451650,10440,"industrial, public, commercial, parking, open space, airport",true,4042410001
4236,1,451651,10440,"industrial, public, commercial, parking, open space, airport",false,4042360001
4331,8900,451652,10440,"industrial, public, commercial, parking, open space, airport",false,4043318900
4385,30,451653,10440,"industrial, public, commercial, parking, open space, airport",false,4043850030
4403,1,451654,10440,"industrial, public, commercial, parking, open space, airport",false,4044030001
4243,1,451655,10440,"industrial, public, commercial, parking, open space, airport",true,4042430001
4384,1,451656,10440,"industrial, public, commercial, parking, open space, airport",false,4043840001
4238,33,451657,10440,"industrial, public, commercial, parking, open space, airport",true,4042380033
4242,1,451658,10440,"industrial, public, commercial, parking, open space, airport",true,4042420001
4302,110,451659,10440,"industrial, public, commercial, parking, open space, airport",false,4043020110
4378,1,451660,10440,"industrial, public, commercial, parking, open space, airport",false,4043780001
15848,36,452403,10449,,false,4158480036
4282,100,451661,10440,"industrial, public, commercial, parking, open space, airport",false,4042820100
4318,20,451662,10440,"industrial, public, commercial, parking, open space, airport",false,4043180020
4382,1,451663,10440,"industrial, public, commercial, parking, open space, airport",false,4043820001
4397,1,451664,10440,"industrial, public, commercial, parking, open space, airport",false,4043970001
15857,75,452440,10449,,false,4158570075
4278,19,451665,10440,"industrial, public, commercial, parking, open space, airport",false,4042780019
4277,1,451666,10440,"industrial, public, commercial, parking, open space, airport",false,4042770001
4210,1,451667,10440,"industrial, public, commercial, parking, open space, airport",true,4042100001
4360,1,451668,10440,"industrial, public, commercial, parking, open space, airport",false,4043600001
4363,100,451669,10440,"industrial, public, commercial, parking, open space, airport",false,4043630100
4364,71,451670,10440,"industrial, public, commercial, parking, open space, airport",false,4043640071
4394,1,451671,10440,"industrial, public, commercial, parking, open space, airport",true,4043940001
4362,24,451672,10440,"industrial, public, commercial, parking, open space, airport",false,4043620024
9998,86,451766,10445,,false,4099980086
4384,20,451673,10440,"industrial, public, commercial, parking, open space, airport",false,4043840020
4390,26,451674,10440,"industrial, public, commercial, parking, open space, airport",false,4043900026
4300,1,451675,10440,"industrial, public, commercial, parking, open space, airport",false,4043000001
15849,9,452404,10442,residential,true,4158490009
4319,10,451676,10440,"industrial, public, commercial, parking, open space, airport",false,4043190010
4383,1,451677,10440,"industrial, public, commercial, parking, open space, airport",false,4043830001
4301,1,451678,10440,"industrial, public, commercial, parking, open space, airport",false,4043010001
4334,50,451679,10440,"industrial, public, commercial, parking, open space, airport",true,4043340050
4396,31,451680,10440,"industrial, public, commercial, parking, open space, airport",false,4043960031
4379,1,451681,10440,"industrial, public, commercial, parking, open space, airport",false,4043790001
4327,1,451682,10440,"industrial, public, commercial, parking, open space, airport",false,4043270001
4378,41,451683,10440,"industrial, public, commercial, parking, open space, airport",false,4043780041
15962,102,452511,10442,residential,false,4159620102
4398,26,451684,10440,"industrial, public, commercial, parking, open space, airport",false,4043980026
4381,1,451685,10440,"industrial, public, commercial, parking, open space, airport",false,4043810001
4401,16,451686,10440,"industrial, public, commercial, parking, open space, airport",false,4044010016
4275,1,451687,10440,"industrial, public, commercial, parking, open space, airport",false,4042750001
4378,9,451693,10440,"industrial, public, commercial, parking, open space, airport",false,4043780009
4395,2,451688,10440,"industrial, public, commercial, parking, open space, airport",false,4043950002
4276,1,451689,10440,"industrial, public, commercial, parking, open space, airport",false,4042760001
4278,17,451690,10440,"industrial, public, commercial, parking, open space, airport",true,4042780017
4306,20,451691,10440,"industrial, public, commercial, parking, open space, airport",true,4043060020
4278,60,451692,10440,"industrial, public, commercial, parking, open space, airport",false,4042780060
4402,40,451694,10440,"industrial, public, commercial, parking, open space, airport",false,4044020040
15886,1,452414,10449,,true,4158860001
4392,25,451695,10440,"industrial, public, commercial, parking, open space, airport",false,4043920025
4304,1,451696,10440,"industrial, public, commercial, parking, open space, airport",false,4043040001
4317,1,451697,10440,"industrial, public, commercial, parking, open space, airport",false,4043170001
15897,17,452405,10449,,true,4158970017
4278,1,451698,10440,"industrial, public, commercial, parking, open space, airport",true,4042780001
4331,1,451699,10440,"industrial, public, commercial, parking, open space, airport",false,4043310001
4398,1,451700,10440,"industrial, public, commercial, parking, open space, airport",false,4043980001
4302,70,451701,10440,"industrial, public, commercial, parking, open space, airport",false,4043020070
4386,1,451711,10440,"industrial, public, commercial, parking, open space, airport",false,4043860001
4235,1,451702,10440,"industrial, public, commercial, parking, open space, airport",false,4042350001
4212,1,451703,10440,"industrial, public, commercial, parking, open space, airport",true,4042120001
4403,8900,451704,10440,"industrial, public, commercial, parking, open space, airport",false,4044038900
4382,50,451705,10440,"industrial, public, commercial, parking, open space, airport",false,4043820050
4401,1,451706,10440,"industrial, public, commercial, parking, open space, airport",false,4044010001
4327,100,451707,10440,"industrial, public, commercial, parking, open space, airport",false,4043270100
4305,1,451708,10440,"industrial, public, commercial, parking, open space, airport",true,4043050001
4350,1,451709,10440,"industrial, public, commercial, parking, open space, airport",false,4043500001
4331,30,451710,10440,"industrial, public, commercial, parking, open space, airport",false,4043310030
15882,1,452441,10449,,true,4158820001
4239,1,451712,10440,"industrial, public, commercial, parking, open space, airport",true,4042390001
4361,27,451713,10440,"industrial, public, commercial, parking, open space, airport",false,4043610027
15849,20,452406,10442,residential,true,4158490020
15845,13,452407,10442,residential,false,4158450013
15847,89,452408,10442,residential,true,4158470089
4391,13,451714,10440,"industrial, public, commercial, parking, open space, airport",false,4043910013
4302,1,451715,10440,"industrial, public, commercial, parking, open space, airport",true,4043020001
4302,50,451716,10440,"industrial, public, commercial, parking, open space, airport",false,4043020050
4395,8,451717,10440,"industrial, public, commercial, parking, open space, airport",false,4043950008
4402,47,451718,10440,"industrial, public, commercial, parking, open space, airport",false,4044020047
15909,7,452442,10449,,false,4159090007
4178,1,451719,10440,"industrial, public, commercial, parking, open space, airport",true,4041780001
4145,65,451720,10440,"industrial, public, commercial, parking, open space, airport",false,4041450065
4143,1,451721,10440,"industrial, public, commercial, parking, open space, airport",false,4041430001
4180,1,451722,10440,"industrial, public, commercial, parking, open space, airport",true,4041800001
4176,80,451723,10440,"industrial, public, commercial, parking, open space, airport",false,4041760080
4278,34,451724,10440,"industrial, public, commercial, parking, open space, airport",true,4042780034
4364,63,451725,10440,"industrial, public, commercial, parking, open space, airport",false,4043640063
4213,1,451726,10440,"industrial, public, commercial, parking, open space, airport",true,4042130001
4282,50,451727,10440,"industrial, public, commercial, parking, open space, airport",true,4042820050
4282,75,451728,10440,"industrial, public, commercial, parking, open space, airport",true,4042820075
15905,126,452409,10449,,false,4159050126
15905,137,452410,10449,,false,4159050137
15837,64,452411,10442,residential,false,4158370064
15845,35,452412,10442,residential,true,4158450035
15848,54,452413,10442,residential,true,4158480054
4306,19,451729,10440,"industrial, public, commercial, parking, open space, airport",true,4043060019
4332,6,451730,10440,"industrial, public, commercial, parking, open space, airport",true,4043320006
4399,27,451731,10440,"industrial, public, commercial, parking, open space, airport",false,4043990027
9998,42,451746,10445,,false,4099980042
9993,24,451747,10445,,false,4099930024
4306,1,451732,10440,"industrial, public, commercial, parking, open space, airport",true,4043060001
4378,18,451733,10440,"industrial, public, commercial, parking, open space, airport",false,4043780018
4387,1,451734,10440,"industrial, public, commercial, parking, open space, airport",false,4043870001
4399,1,451735,10440,"industrial, public, commercial, parking, open space, airport",false,4043990001
4399,20,451736,10440,"industrial, public, commercial, parking, open space, airport",false,4043990020
4978,25,451737,10452,,false,4049780025
4978,20,451738,10452,,false,4049780020
9993,22,451739,10445,,false,4099930022
9993,29,451740,10445,,false,4099930029
9993,25,451741,10445,,false,4099930025
9998,87,451742,10445,,false,4099980087
9993,18,451743,10445,,false,4099930018
9999,15,451744,10445,,false,4099990015
9998,89,451745,10445,,false,4099980089
9998,83,451750,10445,,false,4099980083
9998,101,451751,10445,,false,4099980101
9998,22,451752,10445,,false,4099980022
9998,47,451753,10445,,false,4099980047
9993,3,451754,10445,,false,4099930003
9998,19,451755,10445,,false,4099980019
9998,127,451756,10445,,false,4099980127
9998,48,451757,10445,,false,4099980048
9999,10,451758,10445,,false,4099990010
9998,2,451759,10445,,false,4099980002
9999,9,451760,10445,,false,4099990009
9993,23,451761,10445,,false,4099930023
9998,1,451762,10445,,false,4099980001
9998,90,451763,10445,,false,4099980090
9998,43,451764,10445,,false,4099980043
9998,119,451765,10445,,false,4099980119
15874,8,452443,10449,,true,4158740008
9998,25,451767,10445,,false,4099980025
9998,109,451768,10445,,false,4099980109
9993,20,451769,10445,,false,4099930020
9998,91,451770,10445,,false,4099980091
9998,110,451771,10445,,false,4099980110
9998,94,451772,10445,,false,4099980094
9999,13,451773,10445,,false,4099990013
9993,28,451774,10445,,false,4099930028
9999,1,451775,10445,,false,4099990001
9998,88,451776,10445,,false,4099980088
9998,95,451777,10445,,false,4099980095
9998,124,451778,10445,,false,4099980124
9998,144,451779,10445,,false,4099980144
9993,27,451780,10445,,false,4099930027
10100,1,451781,10444,"commercial, parking, public, semi-public, open space",false,4101000001
10124,30,451782,10446,,false,4101240030
10128,32,451783,10446,,false,4101280032
10128,46,451784,10446,,false,4101280046
10120,7,451785,10446,,false,4101200007
10121,58,451786,10446,,false,4101210058
10094,20,451787,10443,commercial,false,4100940020
10120,5,451788,10446,,false,4101200005
10097,10,451789,10443,commercial,false,4100970010
10094,97,451790,10443,commercial,false,4100940097
10099,52,451791,10439,institutional,false,4100990052
10112,26,451792,10446,,false,4101120026
10094,73,451793,10443,commercial,false,4100940073
10115,8900,451794,10439,institutional,false,4101158900
10118,34,451795,10439,institutional,false,4101180034
10092,1,451796,10443,commercial,false,4100920001
10115,45,451797,10446,,false,4101150045
10120,8,451798,10446,,false,4101200008
10121,79,451799,10446,,false,4101210079
10116,8900,451800,10439,institutional,false,4101168900
10120,25,451801,10446,,false,4101200025
10121,70,451802,10446,,false,4101210070
10128,20,451803,10446,,false,4101280020
10128,39,451804,10446,,false,4101280039
10128,50,451805,10446,,false,4101280050
10128,132,451806,10446,,false,4101280132
10128,162,451807,10446,,false,4101280162
10129,21,451808,10446,,false,4101290021
10128,57,451809,10446,,false,4101280057
10111,201,451810,10446,,false,4101110201
10116,9,451811,10439,institutional,false,4101160009
10131,3,451812,10446,,false,4101310003
10131,10,451813,10446,,false,4101310010
10121,71,451814,10446,,false,4101210071
10128,18,451815,10446,,false,4101280018
10128,56,451816,10446,,false,4101280056
10128,74,451817,10446,,false,4101280074
10112,39,451818,10446,,false,4101120039
10131,9,451819,10446,,false,4101310009
10099,80,451820,10439,institutional,false,4100990080
10113,103,451821,10446,,false,4101130103
10125,116,451822,10446,,false,4101250116
10128,63,451823,10446,,false,4101280063
10140,23,451824,10446,,false,4101400023
10150,55,451825,10446,,false,4101500055
10116,26,451826,10439,institutional,false,4101160026
10128,37,451827,10446,,false,4101280037
10128,48,451828,10446,,false,4101280048
10128,26,451829,10446,,false,4101280026
10130,60,451830,10446,,false,4101300060
10128,66,451831,10446,,false,4101280066
10128,73,451832,10446,,false,4101280073
10130,6,451833,10446,,false,4101300006
10128,14,451834,10446,,false,4101280014
10120,40,451835,10446,,false,4101200040
10114,32,451836,10446,,false,4101140032
10123,24,451837,10446,,false,4101230024
10128,78,451838,10446,,false,4101280078
10139,1,451839,10446,,false,4101390001
10128,126,451840,10446,,false,4101280126
10133,11,451841,10446,,false,4101330011
10128,64,451842,10446,,false,4101280064
10128,15,451843,10446,,false,4101280015
10128,19,451844,10446,,false,4101280019
10123,23,451845,10446,,false,4101230023
10139,26,451846,10446,,false,4101390026
10150,57,451847,10446,,true,4101500057
10161,15,451848,10446,,true,4101610015
10128,55,451849,10446,,false,4101280055
10140,26,451850,10446,,false,4101400026
10150,10,451851,10446,,true,4101500010
10092,6,451852,10443,commercial,false,4100920006
10128,13,451853,10446,,false,4101280013
10128,24,451854,10446,,false,4101280024
10128,130,451855,10446,,false,4101280130
10125,114,451856,10446,,false,4101250114
10139,53,451857,10446,,false,4101390053
10150,51,451858,10446,,false,4101500051
10154,91,451859,10439,institutional,false,4101540091
10103,16,451860,10439,institutional,false,4101030016
10120,3,451861,10446,,false,4101200003
10099,102,451862,10439,institutional,false,4100990102
10130,14,451863,10446,,false,4101300014
9998,16,451864,10445,,false,4099980016
9993,1,451865,10445,,false,4099930001
10117,36,451866,10439,institutional,false,4101170036
10140,35,451867,10446,,false,4101400035
10097,20,451868,10443,commercial,false,4100970020
10119,8900,451869,10439,institutional,false,4101198900
10120,10,451870,10446,,false,4101200010
10130,3,451871,10446,,false,4101300003
10123,25,451872,10446,,false,4101230025
10114,60,451873,10446,,false,4101140060
10128,12,451874,10446,,false,4101280012
10129,42,451875,10446,,false,4101290042
10130,59,451876,10446,,false,4101300059
10122,35,451877,10446,,false,4101220035
10128,10,451878,10446,,false,4101280010
10130,5,451879,10446,,false,4101300005
10115,95,451880,10439,institutional,false,4101150095
10130,57,451881,10446,,false,4101300057
10128,23,451898,10446,,false,4101280023
10131,6,451882,10446,,false,4101310006
10131,8,451883,10446,,false,4101310008
10150,6,451884,10446,,true,4101500006
10128,67,451885,10446,,false,4101280067
10130,1,451886,10446,,false,4101300001
10140,22,451887,10446,,false,4101400022
10128,134,451888,10446,,false,4101280134
10131,37,451889,10446,,false,4101310037
10140,33,451890,10446,,false,4101400033
10149,70,451891,10446,,false,4101490070
10123,27,451892,10446,,false,4101230027
10146,1,451893,10446,,false,4101460001
10140,40,451894,10446,,false,4101400040
10129,155,451895,10446,,false,4101290155
15971,16,452769,10442,open space,true,4159710016
10140,20,451896,10446,,false,4101400020
10117,25,451897,10439,institutional,false,4101170025
10128,30,451899,10446,,false,4101280030
10140,38,451900,10446,,false,4101400038
10093,1,451901,10443,commercial,false,4100930001
10131,5,451902,10446,,false,4101310005
10104,43,451903,10439,institutional,false,4101040043
10120,6,451904,10446,,false,4101200006
10099,1,451905,10439,institutional,false,4100990001
10120,9,451906,10446,,false,4101200009
10133,63,451907,10446,,false,4101330063
10130,20,451908,10446,,false,4101300020
10146,3,451909,10446,,false,4101460003
10128,22,451910,10446,,false,4101280022
10128,70,451911,10446,,false,4101280070
10128,77,451912,10446,,false,4101280077
10128,124,451913,10446,,false,4101280124
10129,51,451914,10446,,false,4101290051
10149,7501,451915,10446,,false,4101497501
10161,20,451916,10446,,false,4101610020
10162,28,451917,10446,,false,4101620028
10161,25,451918,10446,,false,4101610025
10164,8,451919,10446,,false,4101640008
10161,56,451920,10446,,false,4101610056
10128,34,451921,10446,,false,4101280034
10159,3,451922,10439,institutional,false,4101590003
15905,110,452533,10449,,false,4159050110
10166,36,451923,10446,,false,4101660036
10150,7,451924,10446,,true,4101500007
10152,66,451925,10439,institutional,false,4101520066
10133,59,451926,10446,,false,4101330059
10140,32,451927,10446,,false,4101400032
10150,1,451928,10446,,true,4101500001
10112,13,451929,10446,,false,4101120013
10120,39,451930,10446,,false,4101200039
10128,58,451931,10446,,false,4101280058
10128,69,451932,10446,,false,4101280069
10121,69,451933,10446,,false,4101210069
10164,7,451934,10446,,false,4101640007
10139,11,451935,10446,,false,4101390011
10141,51,451936,10446,,false,4101410051
10163,65,451937,10446,,false,4101630065
10143,3,451938,10446,,false,4101430003
10139,58,451939,10446,,false,4101390058
10161,29,451940,10446,,false,4101610029
10169,21,451941,10446,,false,4101690021
10169,121,451942,10446,,false,4101690121
10149,71,451943,10446,,false,4101490071
10154,8900,451944,10439,institutional,false,4101548900
10168,20,451945,10446,,false,4101680020
15891,57,452416,10449,,false,4158910057
10169,95,451946,10446,,false,4101690095
10169,97,451947,10446,,false,4101690097
10161,30,451948,10446,,false,4101610030
10169,14,451949,10446,,false,4101690014
10169,18,451950,10446,,false,4101690018
10161,16,451951,10446,,true,4101610016
10161,52,451952,10446,,true,4101610052
10150,8,451953,10446,,true,4101500008
15905,223,452534,10449,,false,4159050223
10166,158,451954,10446,,false,4101660158
10161,10,451955,10446,,false,4101610010
10161,21,451956,10446,,false,4101610021
10169,28,451957,10446,,false,4101690028
10159,8900,451958,10439,institutional,false,4101598900
10160,1,451959,10439,institutional,false,4101600001
10169,15,451960,10446,,false,4101690015
10161,1,451961,10446,,false,4101610001
10167,50,451962,10446,,false,4101670050
10150,52,451963,10446,,false,4101500052
10162,49,451964,10446,,true,4101620049
10162,56,451965,10446,,true,4101620056
10167,35,451966,10446,,false,4101670035
10169,228,451967,10446,,false,4101690228
10150,54,451968,10446,,false,4101500054
10169,115,451969,10446,,false,4101690115
10166,42,451970,10446,,false,4101660042
10169,3,451971,10446,,false,4101690003
10141,79,451972,10446,,false,4101410079
10167,24,451973,10446,,false,4101670024
10163,62,451974,10446,,false,4101630062
10169,10,451975,10446,,false,4101690010
10163,118,451976,10446,,false,4101630118
10161,9,451977,10446,,true,4101610009
10169,23,451978,10446,,false,4101690023
10150,31,451979,10446,,false,4101500031
10169,12,451980,10446,,false,4101690012
10169,89,451981,10446,,false,4101690089
10161,8,451982,10446,,false,4101610008
10161,3,451983,10446,,true,4101610003
10169,116,451984,10446,,false,4101690116
10169,16,451985,10446,,false,4101690016
10161,27,451986,10446,,true,4101610027
15852,64,452415,10442,"commercial, residential",true,4158520064
10169,99,451987,10446,,false,4101690099
10162,55,451988,10446,,false,4101620055
10169,100,451989,10446,,false,4101690100
10163,15,451990,10446,,false,4101630015
10169,11,451991,10446,,false,4101690011
10169,22,451992,10446,,false,4101690022
10169,87,451993,10446,,false,4101690087
15962,91,452536,10442,residential,true,4159620091
10169,7,451994,10446,,false,4101690007
10172,55,451995,10446,,false,4101720055
10170,50,451996,10446,,false,4101700050
10172,11,451997,10446,,false,4101720011
10169,9,451998,10446,,false,4101690009
10128,16,451999,10446,,false,4101280016
10166,34,452000,10446,,false,4101660034
10169,25,452001,10446,,false,4101690025
10161,17,452002,10446,,false,4101610017
10162,68,452003,10446,,false,4101620068
10169,1,452004,10446,,false,4101690001
10169,19,452005,10446,,false,4101690019
10169,103,452006,10446,,false,4101690103
10175,53,452007,10446,,false,4101750053
10182,39,452008,10446,,false,4101820039
10169,85,452009,10446,,false,4101690085
10170,23,452010,10446,,false,4101700023
10119,28,452011,10439,institutional,false,4101190028
10120,2,452012,10446,,false,4101200002
10161,28,452013,10446,,false,4101610028
10150,53,452014,10446,,false,4101500053
10163,63,452015,10446,,false,4101630063
10169,92,452016,10446,,false,4101690092
10146,4,452017,10446,,false,4101460004
15961,70,452535,10442,street,false,4159610070
10163,73,452018,10446,,false,4101630073
10169,86,452019,10446,,false,4101690086
10146,2,452020,10446,,false,4101460002
10167,20,452021,10446,,false,4101670020
10162,41,452022,10446,,false,4101620041
10150,30,452023,10446,,false,4101500030
10167,38,452024,10446,,false,4101670038
10169,90,452025,10446,,false,4101690090
10169,13,452026,10446,,false,4101690013
10166,159,452027,10446,,false,4101660159
10169,6,452028,10446,,false,4101690006
10169,24,452029,10446,,false,4101690024
10169,101,452030,10446,,false,4101690101
10171,42,452031,10446,,false,4101710042
10169,119,452032,10446,,false,4101690119
10169,225,452033,10446,,false,4101690225
10182,26,452034,10446,,false,4101820026
10161,53,452035,10446,,false,4101610053
10171,25,452036,10446,,false,4101710025
10166,10,452037,10446,,false,4101660010
10169,26,452038,10446,,false,4101690026
10166,58,452039,10446,,false,4101660058
10169,5,452040,10446,,false,4101690005
10182,14,452041,10446,,false,4101820014
10161,14,452042,10446,,false,4101610014
10191,24,452043,10446,,false,4101910024
11980,20,452044,10446,,false,4119800020
11980,32,452045,10446,,false,4119800032
11980,28,452046,10446,,false,4119800028
11980,31,452047,10446,,false,4119800031
11980,26,452048,10446,,false,4119800026
11994,15,452049,10446,,false,4119940015
11980,24,452050,10446,,false,4119800024
11994,12,452051,10446,,false,4119940012
11994,16,452052,10446,,false,4119940016
11980,18,452053,10446,,false,4119800018
11980,25,452054,10446,,false,4119800025
11994,5,452055,10446,,false,4119940005
11980,29,452056,10446,,false,4119800029
11994,8,452057,10446,,false,4119940008
11980,22,452058,10446,,false,4119800022
11980,27,452059,10446,,false,4119800027
11994,13,452060,10446,,false,4119940013
11994,9,452061,10446,,false,4119940009
11994,7,452062,10446,,false,4119940007
11994,116,452063,10446,,false,4119940116
11994,3,452064,10446,,false,4119940003
12008,34,452065,10446,,false,4120080034
12008,31,452066,10446,,false,4120080031
12008,7,452067,10446,,false,4120080007
12008,30,452068,10446,,false,4120080030
11994,17,452069,10446,,false,4119940017
12008,29,452070,10446,,false,4120080029
11994,57,452071,10446,,false,4119940057
12045,1,452072,10446,,false,4120450001
12051,20,452073,10446,,false,4120510020
12146,13,452074,10446,,false,4121460013
12146,49,452075,10446,,false,4121460049
12152,60,452076,10446,,false,4121520060
12159,1,452077,10446,,false,4121590001
12164,30,452078,10446,,false,4121640030
12146,18,452079,10446,,false,4121460018
12152,9,452080,10446,,true,4121520009
12159,16,452081,10446,,false,4121590016
12152,58,452082,10446,,false,4121520058
12158,32,452083,10446,,false,4121580032
12146,19,452084,10446,,false,4121460019
12146,37,452085,10446,,false,4121460037
12146,15,452086,10446,,false,4121460015
12159,7,452087,10446,,false,4121590007
12146,1,452088,10446,,false,4121460001
12145,12,452089,10446,,false,4121450012
12146,26,452090,10446,,false,4121460026
12163,20,452091,10446,,false,4121630020
12146,11,452092,10446,,false,4121460011
12159,10,452093,10446,,false,4121590010
12152,59,452094,10446,,false,4121520059
12146,29,452095,10446,,false,4121460029
12152,11,452096,10446,,true,4121520011
12143,1,452097,10446,,false,4121430001
12164,67,452098,10446,,true,4121640067
12164,43,452099,10446,,false,4121640043
12152,10,452100,10446,,true,4121520010
12159,4,452101,10446,,false,4121590004
12164,41,452102,10446,,false,4121640041
12163,19,452103,10446,,false,4121630019
12164,59,452104,10446,,true,4121640059
12159,37,452105,10446,,false,4121590037
12170,33,452106,10446,,true,4121700033
12152,8,452107,10446,,true,4121520008
12159,25,452108,10446,,false,4121590025
12146,24,452109,10446,,false,4121460024
12146,21,452110,10446,,false,4121460021
12185,1,452111,10446,,false,4121850001
12320,124,452112,10446,,false,4123200124
12320,24,452113,10446,,false,4123200024
12320,60,452114,10446,,false,4123200060
12320,104,452115,10446,,false,4123200104
12320,94,452116,10446,,false,4123200094
12320,128,452117,10446,,false,4123200128
12320,31,452118,10446,,false,4123200031
12320,35,452119,10446,,false,4123200035
12320,64,452120,10446,,false,4123200064
12320,100,452121,10446,,false,4123200100
12320,58,452122,10446,,false,4123200058
12320,33,452123,10446,,false,4123200033
12320,40,452124,10446,,false,4123200040
12320,42,452125,10446,,false,4123200042
12320,118,452126,10446,,false,4123200118
12320,56,452127,10446,,false,4123200056
12320,28,452128,10446,,false,4123200028
12320,98,452129,10446,,false,4123200098
12320,102,452130,10446,,false,4123200102
12320,120,452131,10446,,false,4123200120
12320,62,452132,10446,,false,4123200062
12320,48,452133,10446,,false,4123200048
12320,8900,452134,10446,,false,4123208900
12320,66,452135,10446,,false,4123200066
12320,112,452136,10446,,false,4123200112
12320,126,452137,10446,,false,4123200126
12320,54,452138,10446,,false,4123200054
15905,282,452444,10449,,false,4159050282
12320,52,452139,10446,,false,4123200052
12320,90,452140,10446,,false,4123200090
12320,70,452141,10446,,false,4123200070
12320,88,452142,10446,,false,4123200088
12320,106,452143,10446,,false,4123200106
12320,46,452144,10446,,false,4123200046
12320,108,452145,10446,,false,4123200108
12320,68,452146,10446,,false,4123200068
12320,116,452147,10446,,false,4123200116
12320,30,452148,10446,,false,4123200030
12320,38,452149,10446,,false,4123200038
12320,122,452150,10446,,false,4123200122
12320,50,452151,10446,,false,4123200050
12320,114,452152,10446,,false,4123200114
12320,44,452153,10446,,false,4123200044
12320,96,452154,10446,,false,4123200096
12322,1,452155,10446,,false,4123220001
12320,110,452156,10446,,false,4123200110
12320,92,452157,10446,,false,4123200092
13430,2,452158,10447,"industrial, street",false,4134300002
13432,28,452159,10447,"industrial, street",false,4134320028
13412,1,452160,10447,"industrial, street",false,4134120001
13432,21,452161,10447,street,false,4134320021
13432,46,452162,10447,"industrial, street",false,4134320046
13432,23,452163,10447,street,false,4134320023
13432,30,452164,10447,"industrial, street",false,4134320030
13432,32,452165,10447,"industrial, street",false,4134320032
13432,40,452166,10447,"industrial, street",false,4134320040
13432,26,452167,10447,street,false,4134320026
13432,65,452168,10447,"industrial, street",false,4134320065
13432,53,452169,10447,street,false,4134320053
13432,36,452170,10447,"industrial, street",false,4134320036
13432,57,452171,10447,street,false,4134320057
13432,6,452172,10447,"industrial, street",true,4134320006
15905,224,452539,10449,,false,4159050224
15905,288,452540,10449,,false,4159050288
15918,85,452541,10449,,false,4159180085
15965,93,452542,10442,residential,false,4159650093
15965,104,452543,10442,residential,false,4159650104
15961,97,452544,10442,open space,true,4159610097
15962,51,452545,10442,street,false,4159620051
15962,183,452546,10442,residential,true,4159620183
15960,41,452547,10442,residential,true,4159600041
15905,259,452548,10449,,false,4159050259
15913,26,452549,10449,,false,4159130026
15933,7501,452550,10449,,false,4159337501
15953,27,452551,10442,open space,false,4159530027
15954,72,452552,10442,"residential, open space",false,4159540072
15961,76,452553,10442,street,false,4159610076
15961,80,452554,10442,street,false,4159610080
15905,216,452555,10449,,false,4159050216
15963,39,452556,10442,open space,true,4159630039
15968,14,452557,10442,residential,false,4159680014
15905,289,452437,10449,,false,4159050289
15848,55,452438,10442,residential,false,4158480055
15853,95,452439,10442,"commercial, residential",false,4158530095
15853,90,452445,10442,"commercial, residential",true,4158530090
15863,1,452446,10449,,true,4158630001
15902,15,452447,10449,,false,4159020015
15902,19,452448,10449,,false,4159020019
15902,26,452449,10449,,false,4159020026
15905,113,452450,10449,,false,4159050113
15905,250,452451,10449,,false,4159050250
15905,108,452452,10449,,false,4159050108
15905,167,452453,10449,,false,4159050167
15905,203,452454,10449,,false,4159050203
15938,1,452455,10449,,false,4159380001
15905,251,452456,10449,,false,4159050251
15918,2,452457,10449,,false,4159180002
15922,101,452458,10449,,true,4159220101
15905,100,452558,10449,,false,4159050100
15905,255,452559,10449,,false,4159050255
15962,78,452560,10442,street,false,4159620078
15961,81,452561,10442,street,false,4159610081
15962,19,452562,10442,"open space, residential",true,4159620019
15932,50,452563,10449,,false,4159320050
15952,13,452564,10442,residential,true,4159520013
15905,197,452565,10449,,false,4159050197
15905,243,452566,10449,,false,4159050243
15905,286,452567,10449,,false,4159050286
15905,262,452568,10449,,false,4159050262
15954,131,452569,10442,open space,false,4159540131
15965,98,452570,10442,residential,false,4159650098
15966,52,452571,10442,residential,false,4159660052
15932,54,452572,10449,,false,4159320054
15960,22,452573,10442,residential,true,4159600022
15961,95,452574,10442,open space,true,4159610095
15964,62,452575,10442,open space,true,4159640062
15965,67,452576,10442,residential,true,4159650067
15967,12,452577,10442,residential,true,4159670012
15968,6,452578,10442,residential,false,4159680006
15905,99,452579,10449,,false,4159050099
13415,1,452173,10447,"industrial, street",false,4134150001
13432,59,452174,10447,"industrial, street",false,4134320059
13432,20,452175,10447,"industrial, street",false,4134320020
13432,67,452176,10447,"industrial, street",false,4134320067
15829,9,452177,10442,"community facility, residential",false,4158290009
15836,1,452178,10442,residential,false,4158360001
15837,9,452179,10442,residential,true,4158370009
15845,28,452180,10442,street,false,4158450028
15845,32,452181,10442,residential,true,4158450032
15866,1,452182,10449,,true,4158660001
15838,19,452183,10442,residential,true,4158380019
15845,10,452184,10442,residential,false,4158450010
15848,58,452185,10442,residential,true,4158480058
15838,15,452186,10442,residential,true,4158380015
15838,51,452187,10442,residential,false,4158380051
15902,17,452188,10449,,false,4159020017
15903,18,452189,10449,,false,4159030018
15952,38,452459,10442,"residential, open space",false,4159520038
15901,5,452417,10449,,false,4159010005
15905,104,452418,10449,,false,4159050104
15905,115,452419,10449,,false,4159050115
15905,205,452420,10449,,false,4159050205
15851,42,452421,10442,residential,true,4158510042
15902,142,452422,10449,,false,4159020142
15905,97,452423,10449,,false,4159050097
15905,111,452424,10449,,false,4159050111
15905,235,452425,10449,,false,4159050235
15905,119,452426,10449,,false,4159050119
15905,260,452427,10449,,false,4159050260
15914,1,452428,10449,,false,4159140001
15853,60,452429,10449,,false,4158530060
15905,267,452430,10449,,false,4159050267
15897,18,452431,10449,,false,4158970018
15878,1,452432,10449,,true,4158780001
15903,21,452433,10449,,false,4159030021
15905,112,452434,10449,,false,4159050112
15905,214,452435,10449,,false,4159050214
15905,221,452436,10449,,false,4159050221
15910,9,452512,10449,,false,4159100009
15931,16,452513,10449,,false,4159310016
15845,14,452514,10442,residential,false,4158450014
15860,1,452515,10449,,true,4158600001
15905,270,452516,10449,,false,4159050270
15909,6,452517,10449,,false,4159090006
15961,78,452518,10442,street,true,4159610078
15954,51,452519,10442,open space,false,4159540051
15960,7,452520,10442,residential,true,4159600007
15962,81,452521,10442,residential,true,4159620081
15847,82,452522,10442,residential,true,4158470082
15932,53,452523,10449,,false,4159320053
15953,31,452524,10442,open space,false,4159530031
15961,61,452525,10442,open space,true,4159610061
15905,248,452526,10449,,false,4159050248
15905,140,452527,10449,,false,4159050140
15905,210,452528,10449,,false,4159050210
15905,281,452529,10449,,false,4159050281
15919,1,452530,10449,,true,4159190001
15954,13,452531,10442,"residential, open space",false,4159540013
15962,30,452532,10442,open space,true,4159620030
15905,241,452586,10449,,false,4159050241
15962,48,452587,10442,street,false,4159620048
15962,84,452588,10442,residential,true,4159620084
15963,38,452589,10442,open space,true,4159630038
15964,55,452590,10442,open space,true,4159640055
15926,100,452591,10449,,false,4159260100
15931,57,452592,10449,,false,4159310057
15960,46,452593,10442,open space,true,4159600046
15960,29,452594,10442,residential,true,4159600029
15961,88,452595,10442,street,false,4159610088
15962,73,452596,10442,residential,true,4159620073
15963,45,452597,10442,open space,true,4159630045
15965,85,452598,10442,residential,true,4159650085
15952,42,452599,10442,"residential, open space",false,4159520042
15954,10,452600,10442,"residential, open space",false,4159540010
15847,83,452601,10442,residential,true,4158470083
15962,54,452602,10442,open space,true,4159620054
15968,80,452603,10442,residential,true,4159680080
15937,1,452604,10449,,false,4159370001
15954,56,452605,10442,"residential, open space",false,4159540056
15960,28,452606,10442,residential,true,4159600028
15973,1,452644,10442,"residential, open space",true,4159730001
15966,36,452645,10442,residential,false,4159660036
15966,61,452646,10442,residential,true,4159660061
15905,222,452647,10449,,false,4159050222
15966,72,452648,10442,residential,true,4159660072
15905,117,452649,10449,,false,4159050117
15905,146,452650,10449,,false,4159050146
15905,229,452651,10449,,false,4159050229
15939,1,452652,10449,,false,4159390001
15962,33,452653,10442,open space,true,4159620033
15905,1,452624,10449,,false,4159050001
15905,261,452625,10449,,false,4159050261
15932,43,452626,10449,,false,4159320043
15962,15,452627,10442,residential,true,4159620015
15965,38,452628,10442,residential,true,4159650038
15961,104,452629,10442,street,false,4159610104
15976,45,452630,10442,open space,false,4159760045
15963,46,452631,10442,open space,false,4159630046
15964,54,452632,10442,open space,false,4159640054
15965,79,452633,10442,residential,true,4159650079
15902,141,452634,10449,,false,4159020141
15963,32,452654,10442,open space,true,4159630032
15966,23,452655,10442,residential,true,4159660023
15903,10,452656,10449,,false,4159030010
15905,101,452657,10449,,false,4159050101
15905,239,452658,10449,,false,4159050239
15960,35,452659,10442,residential,true,4159600035
15964,51,452660,10442,open space,false,4159640051
15954,74,452661,10442,"commercial, residential",false,4159540074
15961,74,452662,10442,street,false,4159610074
15963,21,452663,10442,open space,true,4159630021
15971,100,452672,10442,open space,false,4159710100
15931,55,452673,10449,,false,4159310055
15953,49,452674,10442,street,false,4159530049
15961,87,452675,10442,open space,true,4159610087
15962,56,452676,10442,open space,false,4159620056
15962,92,452677,10442,residential,false,4159620092
15954,27,452678,10442,open space,false,4159540027
15962,57,452679,10442,open space,true,4159620057
15964,53,452680,10442,open space,false,4159640053
15954,18,452681,10442,"residential, open space",false,4159540018
15962,85,452682,10442,residential,true,4159620085
15963,44,452683,10442,open space,true,4159630044
15954,68,452684,10442,"residential, open space",false,4159540068
15960,20,452685,10442,residential,false,4159600020
15960,49,452686,10442,open space,true,4159600049
15963,47,452687,10442,open space,true,4159630047
15965,109,452688,10442,residential,false,4159650109
15950,1,452689,10449,,true,4159500001
15901,1,452690,10449,,true,4159010001
15905,265,452691,10449,,false,4159050265
15965,40,452700,10442,residential,false,4159650040
15932,7501,452701,10449,,false,4159327501
15965,36,452702,10442,residential,true,4159650036
15965,54,452703,10442,residential,false,4159650054
15960,5,452704,10442,residential,false,4159600005
15960,23,452705,10442,residential,true,4159600023
15966,70,452706,10442,residential,false,4159660070
15968,16,452707,10442,residential,true,4159680016
15969,58,452708,10442,residential,false,4159690058
15962,6,452709,10442,residential,false,4159620006
15961,68,452710,10442,street,false,4159610068
15962,50,452711,10442,street,false,4159620050
15963,33,452712,10442,open space,true,4159630033
15968,91,452713,10442,residential,false,4159680091
15905,263,452714,10449,,false,4159050263
15965,87,452715,10442,residential,false,4159650087
15968,11,452716,10442,residential,true,4159680011
15942,1,452717,10449,,false,4159420001
15962,17,452718,10442,residential,true,4159620017
15965,51,452719,10442,residential,true,4159650051
15965,80,452720,10442,residential,true,4159650080
15971,1,452721,10442,open space,false,4159710001
15962,90,452722,10442,residential,true,4159620090
15963,43,452723,10442,open space,true,4159630043
15964,50,452724,10442,open space,false,4159640050
15966,59,452725,10442,residential,false,4159660059
15968,88,452726,10442,residential,true,4159680088
15954,24,452727,10442,street,false,4159540024
15960,16,452728,10442,residential,true,4159600016
15966,77,452729,10442,residential,false,4159660077
15966,17,452730,10442,residential,false,4159660017
15966,74,452731,10442,residential,true,4159660074
15968,44,452732,10442,residential,true,4159680044
15954,58,452733,10442,street,false,4159540058
15965,101,452734,10442,residential,true,4159650101
15969,40,452735,10442,residential,true,4159690040
15969,47,452736,10442,residential,true,4159690047
15954,25,452737,10442,open space,false,4159540025
15962,9,452738,10442,residential,true,4159620009
15962,67,452739,10442,street,false,4159620067
15962,63,452740,10442,residential,false,4159620063
15962,105,452741,10442,street,true,4159620105
15965,37,452747,10442,residential,true,4159650037
15965,96,452748,10442,residential,false,4159650096
15968,12,452749,10442,residential,false,4159680012
15969,33,452750,10442,residential,false,4159690033
15969,135,452751,10442,residential,false,4159690135
15973,38,452752,10442,residential,false,4159730038
15837,49,452753,10442,open space,true,4158370049
15845,29,452754,10442,street,false,4158450029
15847,85,452755,10442,residential,true,4158470085
15848,48,452756,10442,residential,false,4158480048
15850,1,452757,10442,residential,false,4158500001
15969,7,452758,10442,residential,true,4159690007
15968,89,452759,10442,residential,false,4159680089
15969,6,452760,10442,residential,true,4159690006
15967,13,452761,10442,residential,true,4159670013
15968,5,452762,10442,residential,true,4159680005
15968,82,452763,10442,residential,false,4159680082
15977,75,452764,10442,open space,false,4159770075
15963,55,452765,10442,open space,true,4159630055
15965,103,452766,10442,residential,false,4159650103
15969,35,452767,10442,residential,true,4159690035
15965,55,452774,10442,residential,false,4159650055
15969,42,452775,10442,residential,true,4159690042
15969,60,452776,10442,residential,true,4159690060
15972,3,452777,10442,residential,false,4159720003
15977,1,452778,10442,open space,false,4159770001
15966,25,452779,10442,residential,true,4159660025
15968,79,452780,10442,residential,true,4159680079
15968,84,452781,10442,residential,true,4159680084
15977,50,452782,10442,open space,false,4159770050
15962,18,452783,10442,street,true,4159620018
15965,39,452784,10442,street,true,4159650039
15965,68,452785,10442,residential,true,4159650068
15968,87,452786,10442,residential,false,4159680087
15960,6,452787,10442,residential,false,4159600006
15964,58,452788,10442,open space,true,4159640058
15966,8,452789,10442,residential,false,4159660008
15966,53,452790,10442,residential,false,4159660053
15969,73,452791,10442,residential,true,4159690073
15848,65,452792,10442,residential,true,4158480065
15853,53,452793,10442,"commercial, residential",true,4158530053
15965,53,452796,10442,residential,false,4159650053
15952,25,452797,10442,open space,false,4159520025
15961,92,452798,10442,street,false,4159610092
15962,11,452799,10442,residential,true,4159620011
15923,1,452800,10449,,true,4159230001
15966,29,452801,10442,residential,true,4159660029
15968,97,452802,10442,residential,false,4159680097
15953,40,452803,10442,open space,false,4159530040
15953,47,452804,10442,"residential, open space",false,4159530047
15961,103,452805,10442,street,false,4159610103
15962,88,452806,10442,street,false,4159620088
15966,75,452807,10442,residential,true,4159660075
15969,49,452808,10442,residential,true,4159690049
15970,32,452809,10442,open space,false,4159700032
15962,70,452810,10442,street,true,4159620070
15963,35,452811,10442,open space,true,4159630035
15965,107,452812,10442,residential,false,4159650107
15966,68,452813,10442,residential,false,4159660068
15968,10,452814,10442,residential,false,4159680010
15903,3,452815,10449,,false,4159030003
15837,23,452816,10442,residential,false,4158370023
15905,274,452823,10449,,false,4159050274
15960,4,452824,10442,residential,false,4159600004
15954,31,452825,10442,open space,false,4159540031
15966,78,452826,10442,residential,true,4159660078
15969,56,452827,10442,residential,false,4159690056
15960,17,452828,10442,residential,true,4159600017
15961,100,452829,10442,open space,true,4159610100
15963,54,452830,10442,open space,true,4159630054
15965,75,452831,10442,residential,true,4159650075
15962,83,452832,10442,residential,true,4159620083
15963,36,452833,10442,open space,true,4159630036
15965,69,452834,10442,residential,true,4159650069
15966,20,452835,10442,residential,false,4159660020
15966,27,452836,10442,residential,true,4159660027
15966,81,452837,10442,residential,true,4159660081
15960,18,452838,10442,residential,true,4159600018
15962,95,452839,10442,residential,true,4159620095
15963,42,452840,10442,open space,true,4159630042
15965,35,452841,10442,residential,true,4159650035
15960,51,452842,10442,open space,false,4159600051
15968,17,452843,10442,residential,true,4159680017
15969,30,452844,10442,residential,false,4159690030
15965,110,452846,10442,residential,false,4159650110
15969,59,452847,10442,residential,true,4159690059
15968,72,452848,10442,residential,false,4159680072
15968,83,452849,10442,residential,false,4159680083
15968,108,452850,10442,residential,false,4159680108
15965,71,452851,10442,residential,true,4159650071
15965,82,452852,10442,street,true,4159650082
15905,220,452853,10449,,false,4159050220
15905,277,452854,10449,,false,4159050277
15961,102,452855,10442,street,false,4159610102
15962,101,452856,10442,residential,true,4159620101
15905,249,452857,10449,,false,4159050249
15932,38,452858,10449,,false,4159320038
15948,1,452873,10449,,true,4159480001
15960,8,452874,10442,residential,true,4159600008
15960,15,452875,10442,residential,true,4159600015
15962,89,452876,10442,residential,true,4159620089
15945,1,452859,10449,,false,4159450001
15952,1,452860,10442,residential,false,4159520001
15953,1,452861,10442,residential,false,4159530001
15965,20,452862,10442,residential,false,4159650020
15966,79,452863,10442,residential,true,4159660079
15931,53,452864,10449,,false,4159310053
15934,1,452865,10449,,false,4159340001
15968,90,452866,10442,residential,true,4159680090
15972,33,452867,10442,residential,true,4159720033
15953,25,452868,10442,open space,false,4159530025
15962,61,452869,10442,residential,false,4159620061
15965,21,452870,10442,residential,false,4159650021
15965,86,452871,10442,residential,false,4159650086
15965,97,452872,10442,residential,false,4159650097
15963,30,452877,10442,open space,true,4159630030
15965,52,452878,10442,residential,false,4159650052
15965,81,452879,10442,residential,true,4159650081
15966,28,452880,10442,residential,false,4159660028
15953,23,452881,10442,street,false,4159530023
15963,41,452882,10442,open space,true,4159630041
15967,111,452883,10442,residential,true,4159670111
15954,28,452884,10442,open space,false,4159540028
15963,34,452885,10442,open space,true,4159630034
15965,34,452886,10442,residential,true,4159650034
15969,57,452887,10442,residential,true,4159690057
15962,5,452888,10442,residential,false,4159620005
15962,82,452889,10442,residential,true,4159620082
15965,95,452890,10442,residential,true,4159650095
15966,80,452891,10442,residential,false,4159660080
15968,74,452892,10442,residential,false,4159680074
15969,50,452893,10442,residential,true,4159690050
15964,153,452894,10442,open space,false,4159640153
15966,3,452895,10442,residential,false,4159660003
15962,201,452896,10442,residential,true,4159620201
15965,83,452897,10442,street,true,4159650083
15965,108,452898,10442,residential,true,4159650108
15966,30,452899,10442,residential,false,4159660030
15966,45,452900,10442,residential,false,4159660045
15962,49,452901,10442,street,false,4159620049
15963,1,452902,10442,open space,true,4159630001
15963,48,452903,10442,open space,true,4159630048
15964,63,452904,10442,open space,true,4159640063
15965,19,452905,10442,residential,false,4159650019
15968,85,452906,10442,residential,false,4159680085
15965,99,452907,10442,residential,true,4159650099
15966,7,452908,10442,residential,false,4159660007
15962,10,452909,10442,residential,true,4159620010
15963,40,452910,10442,open space,true,4159630040
15969,51,452911,10442,residential,false,4159690051
15967,10,452912,10442,residential,true,4159670010
16089,19,452913,10449,,false,4160890019
15969,48,452914,10442,residential,true,4159690048
15968,86,452915,10442,residential,false,4159680086
16089,27,452916,10449,,false,4160890027
16090,36,452917,10449,,false,4160900036
16090,43,452918,10449,,false,4160900043
16090,65,452919,10449,,false,4160900065
16089,32,452920,10449,,false,4160890032
16088,12,452921,10449,,false,4160880012
16091,28,452922,10449,,false,4160910028
16090,60,452923,10449,,false,4160900060
16091,51,452924,10449,,false,4160910051
15965,70,452925,10442,residential,true,4159650070
15966,76,452926,10442,residential,true,4159660076
16092,35,452927,10449,,false,4160920035
16089,15,452928,10449,,false,4160890015
16092,58,452929,10449,,false,4160920058
16090,39,452930,10449,,false,4160900039
16092,71,452931,10449,,false,4160920071
16090,57,452932,10449,,false,4160900057
16091,13,452933,10449,,false,4160910013
16091,53,452934,10449,,false,4160910053
16090,40,452935,10449,,false,4160900040
16090,51,452936,10449,,false,4160900051
16090,73,452937,10449,,false,4160900073
16091,38,452938,10449,,false,4160910038
16092,33,452939,10449,,false,4160920033
16091,30,452940,10449,,false,4160910030
16092,126,452941,10449,,false,4160920126
16089,29,452942,10449,,false,4160890029
16090,47,452943,10449,,false,4160900047
16091,5,452944,10449,,false,4160910005
16092,19,452945,10449,,false,4160920019
16092,51,452946,10449,,false,4160920051
16092,75,452947,10449,,false,4160920075
16092,140,452948,10449,,false,4160920140
16096,42,452949,10449,,false,4160960042
16090,25,452950,10449,,false,4160900025
16090,68,452951,10449,,false,4160900068
16092,9,452952,10449,,false,4160920009
16092,45,452953,10449,,false,4160920045
16096,47,452954,10449,,false,4160960047
16104,1,452955,10449,,true,4161040001
16091,26,452956,10449,,false,4160910026
16092,15,452957,10449,,false,4160920015
16092,49,452958,10449,,false,4160920049
16092,109,452959,10449,,false,4160920109
16092,120,452960,10449,,false,4160920120
16089,49,452961,10449,,false,4160890049
16090,54,452962,10449,,false,4160900054
16091,39,452963,10449,,false,4160910039
16090,78,452964,10449,,false,4160900078
16092,22,452965,10449,,false,4160920022
16092,68,452966,10449,,false,4160920068
16092,86,452967,10449,,false,4160920086
16092,122,452968,10449,,false,4160920122
16081,45,452969,10449,,false,4160810045
16091,36,452970,10449,,false,4160910036
16091,54,452971,10449,,false,4160910054
16092,2,452972,10449,,false,4160920002
16092,84,452973,10449,,false,4160920084
16096,4,452974,10449,,false,4160960004
16091,45,452975,10449,,false,4160910045
16092,29,452976,10449,,false,4160920029
16090,61,452977,10449,,false,4160900061
16091,57,452978,10449,,false,4160910057
16092,21,452979,10449,,false,4160920021
16092,28,452980,10449,,false,4160920028
16091,50,452981,10449,,false,4160910050
16092,39,452982,10449,,false,4160920039
16092,96,452983,10449,,false,4160920096
16096,40,452984,10449,,false,4160960040
16092,124,452985,10449,,false,4160920124
16092,85,452986,10449,,false,4160920085
16092,121,452987,10449,,false,4160920121
16092,6,452988,10449,,false,4160920006
16092,53,452989,10449,,false,4160920053
16092,77,452990,10449,,false,4160920077
16092,93,452991,10449,,false,4160920093
16090,80,452992,10449,,false,4160900080
16091,35,452993,10449,,false,4160910035
16096,21,452994,10449,,false,4160960021
16096,32,452995,10449,,false,4160960032
16091,41,452996,10449,,false,4160910041
16092,112,452997,10449,,false,4160920112
16092,137,452998,10449,,false,4160920137
16091,42,452999,10449,,false,4160910042
16092,89,453000,10449,,false,4160920089
16089,22,453001,10449,,false,4160890022
16089,16,453002,10449,,false,4160890016
16089,23,453003,10449,,false,4160890023
16089,34,453004,10449,,false,4160890034
16092,7,453005,10449,,false,4160920007
16092,36,453006,10449,,false,4160920036
16092,43,453007,10449,,false,4160920043
16096,28,453008,10449,,false,4160960028
16090,33,453009,10449,,false,4160900033
16091,23,453010,10449,,false,4160910023
16092,44,453011,10449,,false,4160920044
16092,65,453012,10449,,false,4160920065
16090,31,453013,10449,,false,4160900031
16090,64,453014,10449,,false,4160900064
16092,70,453015,10449,,false,4160920070
16092,106,453016,10449,,false,4160920106
16091,8900,453017,10449,,false,4160918900
16092,102,453018,10449,,false,4160920102
16096,12,453019,10449,,false,4160960012
16096,16,453020,10449,,false,4160960016
16091,43,453021,10449,,false,4160910043
16092,20,453022,10449,,false,4160920020
16092,139,453023,10449,,false,4160920139
16090,63,453024,10449,,false,4160900063
16090,74,453025,10449,,false,4160900074
16091,66,453026,10449,,false,4160910066
16090,76,453027,10449,,false,4160900076
16100,38,453028,10449,,true,4161000038
16089,37,453029,10449,,false,4160890037
16092,111,453030,10449,,false,4160920111
16096,6,453031,10449,,false,4160960006
16096,35,453032,10449,,false,4160960035
16111,37,453033,10449,,false,4161110037
16090,30,453034,10449,,false,4160900030
16091,4,453035,10449,,false,4160910004
16091,33,453036,10449,,false,4160910033
16092,23,453037,10449,,false,4160920023
16092,14,453038,10449,,false,4160920014
16092,48,453039,10449,,false,4160920048
16092,62,453040,10449,,false,4160920062
16092,90,453041,10449,,false,4160920090
16092,108,453042,10449,,false,4160920108
16096,27,453043,10449,,false,4160960027
16092,16,453044,10449,,false,4160920016
16092,34,453045,10449,,false,4160920034
16092,98,453046,10449,,false,4160920098
16092,115,453047,10449,,false,4160920115
16100,28,453048,10449,,false,4161000028
16092,128,453049,10449,,false,4160920128
16096,19,453050,10449,,false,4160960019
16089,17,453051,10449,,false,4160890017
16090,53,453052,10449,,false,4160900053
16091,3,453053,10449,,false,4160910003
16113,7502,453054,10449,,false,4161137502
16091,63,453072,10449,,false,4160910063
16096,50,453055,10449,,false,4160960050
16096,5,453056,10449,,false,4160960005
16096,23,453057,10449,,false,4160960023
16105,1,453058,10449,,true,4161050001
16111,10,453059,10449,,false,4161110010
16111,34,453060,10449,,false,4161110034
16090,45,453061,10449,,false,4160900045
16091,65,453062,10449,,false,4160910065
16111,31,453063,10449,,false,4161110031
16091,58,453064,10449,,false,4160910058
16092,24,453065,10449,,false,4160920024
16092,31,453066,10449,,false,4160920031
16092,60,453067,10449,,false,4160920060
16111,7,453068,10449,,false,4161110007
16089,28,453069,10449,,false,4160890028
16089,33,453070,10449,,false,4160890033
16090,37,453071,10449,,false,4160900037
16092,40,453073,10449,,false,4160920040
16092,133,453074,10449,,false,4160920133
16096,17,453075,10449,,false,4160960017
16091,25,453076,10449,,false,4160910025
16092,66,453077,10449,,false,4160920066
16092,114,453078,10449,,false,4160920114
16096,22,453079,10449,,false,4160960022
16096,29,453080,10449,,false,4160960029
16090,67,453081,10449,,false,4160900067
16093,1,453082,10449,,false,4160930001
16103,1,453083,10449,,true,4161030001
16092,83,453084,10449,,false,4160920083
16092,119,453085,10449,,false,4160920119
16096,2,453086,10449,,false,4160960002
16104,28,453087,10449,,true,4161040028
16089,8900,453088,10449,,false,4160898900
16092,56,453089,10449,,false,4160920056
16092,63,453090,10449,,false,4160920063
16092,131,453091,10449,,false,4160920131
16096,34,453092,10449,,false,4160960034
16096,41,453093,10449,,false,4160960041
16111,8900,453094,10449,,false,4161118900
16089,25,453095,10449,,false,4160890025
16091,29,453096,10449,,false,4160910029
16091,40,453097,10449,,false,4160910040
16092,4,453098,10449,,false,4160920004
16092,47,453099,10449,,false,4160920047
16096,13,453100,10449,,false,4160960013
16092,38,453101,10449,,false,4160920038
16111,39,453102,10449,,false,4161110039
16081,41,453103,10449,,false,4160810041
16090,34,453104,10449,,false,4160900034
16090,70,453105,10449,,false,4160900070
16092,5,453106,10449,,false,4160920005
16092,134,453107,10449,,false,4160920134
16092,8,453108,10449,,false,4160920008
16092,97,453109,10449,,false,4160920097
16103,136,453110,10449,,false,4161030136
16092,79,453111,10449,,false,4160920079
16092,113,453112,10449,,false,4160920113
16104,25,453113,10449,,false,4161040025
16111,51,453114,10449,,false,4161110051
16092,101,453115,10449,,false,4160920101
16111,3,453116,10449,,false,4161110003
16111,33,453117,10449,,false,4161110033
16111,40,453118,10449,,false,4161110040
16092,12,453119,10449,,false,4160920012
16092,30,453120,10449,,false,4160920030
16092,94,453121,10449,,false,4160920094
16092,105,453122,10449,,false,4160920105
16096,15,453123,10449,,false,4160960015
16092,130,453124,10449,,false,4160920130
16111,26,453125,10449,,false,4161110026
16111,9,453126,10449,,false,4161110009
16089,38,453127,10449,,false,4160890038
16091,32,453128,10449,,false,4160910032
16092,92,453129,10449,,false,4160920092
16092,103,453130,10449,,false,4160920103
16096,14,453131,10449,,false,4160960014
16092,69,453132,10449,,false,4160920069
16092,76,453133,10449,,false,4160920076
16092,116,453134,10449,,false,4160920116
16106,1,453145,10449,,true,4161060001
16100,31,453135,10449,,false,4161000031
16092,42,453136,10449,,false,4160920042
16092,81,453137,10449,,false,4160920081
16092,117,453138,10449,,false,4160920117
16092,17,453139,10449,,false,4160920017
16092,99,453140,10449,,false,4160920099
16111,54,453141,10449,,false,4161110054
16091,19,453142,10449,,false,4160910019
16111,46,453146,10449,,false,4161110046
16096,30,453147,10449,,false,4160960030
16092,13,453148,10449,,false,4160920013
16096,37,453149,10449,,false,4160960037
16112,7501,453150,10449,,false,4161127501
16096,24,453151,10449,,false,4160960024
16128,50,453152,10451,"residential, commercial, recreational",false,4161280050
16111,13,453153,10449,,false,4161110013
16090,55,453154,10449,,false,4160900055
16091,2,453155,10449,,false,4160910002
16111,27,453156,10449,,false,4161110027
16111,45,453157,10449,,false,4161110045
16092,10,453158,10449,,false,4160920010
16092,57,453159,10449,,false,4160920057
16096,25,453160,10449,,false,4160960025
16092,25,453161,10449,,false,4160920025
16177,35,453162,10450,"residential, commercial, recreational",false,4161770035
16087,12,453163,10449,,false,4160870012
16089,20,453164,10449,,false,4160890020
16096,18,453165,10449,,false,4160960018
16103,60,453166,10449,,true,4161030060
16111,5,453167,10449,,false,4161110005
16111,38,453168,10449,,false,4161110038
16092,118,453169,10449,,false,4160920118
16092,125,453170,10449,,false,4160920125
16096,3,453171,10449,,false,4160960003
16111,42,453172,10449,,false,4161110042
16111,12,453173,10449,,false,4161110012
16092,61,453174,10449,,false,4160920061
16092,107,453175,10449,,false,4160920107
16092,129,453176,10449,,false,4160920129
16092,18,453177,10449,,false,4160920018
16092,54,453178,10449,,false,4160920054
16092,1,453143,10449,,false,4160920001
16092,26,453144,10449,,false,4160920026
16092,64,453179,10449,,false,4160920064
16092,78,453180,10449,,false,4160920078
16096,39,453181,10449,,false,4160960039
16096,46,453182,10449,,false,4160960046
16091,9,453183,10449,,false,4160910009
16092,32,453184,10449,,false,4160920032
16092,74,453185,10449,,false,4160920074
16096,36,453186,10449,,false,4160960036
16129,1,453187,10451,"residential, commercial, recreational",false,4161290001
16091,1,453188,10449,,false,4160910001
16091,15,453189,10449,,false,4160910015
16113,7501,453190,10449,,false,4161137501
16091,44,453191,10449,,false,4160910044
16091,62,453192,10449,,false,4160910062
16111,1,453193,10449,,false,4161110001
16100,37,453194,10449,,false,4161000037
16111,8,453195,10449,,false,4161110008
16089,39,453196,10449,,false,4160890039
16089,40,453197,10449,,false,4160890040
16089,47,453198,10449,,false,4160890047
16090,29,453199,10449,,false,4160900029
16092,55,453200,10449,,false,4160920055
16096,33,453201,10449,,false,4160960033
16089,46,453202,10449,,false,4160890046
16111,4,453203,10449,,false,4161110004
16090,59,453204,10449,,false,4160900059
16092,41,453205,10449,,false,4160920041
16092,11,453206,10449,,false,4160920011
16092,104,453207,10449,,false,4160920104
16096,31,453208,10449,,false,4160960031
16090,46,453209,10449,,false,4160900046
16091,17,453210,10449,,false,4160910017
16092,82,453211,10449,,false,4160920082
16092,100,453212,10449,,false,4160920100
16111,17,453213,10449,,false,4161110017
16111,53,453214,10449,,false,4161110053
16092,3,453215,10449,,false,4160920003
16092,46,453216,10449,,false,4160920046
16092,67,453217,10449,,false,4160920067
16092,110,453218,10449,,false,4160920110
16178,65,453219,10450,"residential, commercial, recreational",false,4161780065
16092,95,453220,10449,,false,4160920095
16092,135,453221,10449,,false,4160920135
16130,1,453222,10451,"residential, commercial, recreational",false,4161300001
16096,8,453223,10449,,false,4160960008
16131,10,453224,10451,"residential, commercial, recreational",false,4161310010
16100,34,453225,10449,,false,4161000034
16096,7,453226,10449,,false,4160960007
16092,87,453227,10449,,false,4160920087
16096,38,453228,10449,,false,4160960038
16096,150,453229,10449,,false,4160960150
16111,18,453230,10449,,false,4161110018
16111,36,453231,10449,,false,4161110036
16092,127,453232,10449,,false,4160920127
16092,138,453233,10449,,false,4160920138
16111,29,453234,10449,,false,4161110029
16092,27,453235,10449,,false,4160920027
16092,73,453236,10449,,false,4160920073
16092,91,453237,10449,,false,4160920091
16096,51,453238,10449,,false,4160960051
16100,56,453239,10449,,false,4161000056
16096,9,453240,10449,,false,4160960009
16096,20,453241,10449,,false,4160960020
16092,80,453242,10449,,false,4160920080
16096,45,453243,10449,,false,4160960045
16092,52,453244,10449,,false,4160920052
16092,59,453245,10449,,false,4160920059
16175,1,453246,10450,"residential, commercial, recreational",false,4161750001
16091,21,453254,10449,,false,4160910021
16096,26,453255,10449,,false,4160960026
16096,48,453256,10449,,false,4160960048
16178,1,453257,10450,"residential, commercial, recreational",false,4161780001
16131,1,453258,10451,"residential, commercial, recreational",false,4161310001
16128,1,453259,10451,"residential, commercial, recreational",false,4161280001
16176,7501,453260,10450,"residential, commercial, recreational",false,4161767501
16111,25,453261,10449,,false,4161110025
16111,43,453262,10449,,false,4161110043
16103,70,453247,10449,,false,4161030070
1780,85,453275,10455,industrial,false,5017800085
16178,80,453248,10450,"residential, commercial, recreational",false,4161780080
16092,123,453249,10449,,false,4160920123
16096,11,453250,10449,,false,4160960011
16176,1,453251,10450,"residential, commercial, recreational",false,4161760001
16177,55,453252,10450,"residential, commercial, recreational",false,4161770055
16090,71,453253,10449,,false,4160900071
16131,50,453263,10451,"residential, commercial, recreational",false,4161310050
16177,1,453264,10450,"residential, commercial, recreational",false,4161770001
44,1,453265,10453,residential,false,5000440001
1801,35,453266,10454,industrial,false,5018010035
1780,270,453267,10455,industrial,false,5017800270
52,133,453268,10453,residential,false,5000520133
1815,160,453269,10455,industrial,false,5018150160
1815,125,453270,10455,industrial,false,5018150125
1780,300,453271,10455,industrial,false,5017800300
1780,210,453272,10455,industrial,false,5017800210
48,29,453276,10453,residential,false,5000480029
1815,300,453278,10455,industrial,false,5018150300
15537,112,453340,10456,"residential, commercial",false,4155370112
1780,1,453273,10455,industrial,false,5017800001
1815,150,453274,10455,industrial,false,5018150150
1780,275,453277,10455,industrial,false,5017800275
1815,175,453294,10455,industrial,false,5018150175
1815,204,453279,10455,industrial,false,5018150204
1780,57,453280,10455,industrial,false,5017800057
1780,150,453281,10455,industrial,false,5017800150
2800,150,453282,10454,industrial,true,5028000150
1815,135,453283,10455,industrial,false,5018150135
1815,625,453284,10454,industrial,false,5018150625
1815,260,453285,10455,industrial,false,5018150260
1815,325,453295,10455,industrial,false,5018150325
1801,10,453296,10454,industrial,false,5018010010
1780,92,453297,10455,industrial,false,5017800092
45,1,453298,10453,residential,false,5000450001
1815,190,453299,10455,industrial,false,5018150190
15537,57,453341,10456,"residential, commercial",false,4155370057
1801,75,453286,10454,industrial,false,5018010075
1801,75,453287,10455,industrial,false,5018010075
49,1,453300,10453,residential,false,5000490001
15537,63,453342,10456,"residential, commercial",false,4155370063
15537,53,453343,10456,"residential, commercial",false,4155370053
1780,15,453288,10455,industrial,false,5017800015
1780,80,453289,10455,industrial,false,5017800080
2800,163,453290,10454,industrial,true,5028000163
1815,251,453291,10455,industrial,false,5018150251
1815,74,453292,10455,industrial,false,5018150074
1780,69,453293,10455,industrial,false,5017800069
1815,235,453301,10455,industrial,false,5018150235
1815,25,453302,10454,industrial,false,5018150025
1815,180,453303,10455,industrial,false,5018150180
1815,181,453304,10455,industrial,false,5018150181
1801,95,453305,10455,industrial,false,5018010095
1815,75,453306,10455,industrial,false,5018150075
1780,112,453322,10455,industrial,true,5017800112
15537,51,453344,10456,"residential, commercial",false,4155370051
1780,22,453307,10455,industrial,false,5017800022
1815,199,453308,10455,industrial,false,5018150199
1801,100,453309,10455,industrial,false,5018010100
52,18,453310,10453,residential,false,5000520018
1780,200,453311,10455,industrial,false,5017800200
1780,164,453312,10455,industrial,false,5017800164
47,62,453313,10453,residential,false,5000470062
1780,160,453314,10455,industrial,false,5017800160
1780,186,453315,10455,industrial,false,5017800186
15537,56,453345,10456,"residential, commercial",false,4155370056
15537,89,453346,10456,"residential, commercial",false,4155370089
1815,425,453316,10454,industrial,false,5018150425
1815,70,453317,10455,industrial,false,5018150070
1815,375,453318,10455,industrial,false,5018150375
2800,36,453319,10454,industrial,false,5028000036
1815,85,453320,10455,industrial,false,5018150085
1780,260,453321,10455,industrial,false,5017800260
1780,250,453323,10455,industrial,false,5017800250
52,16,453324,10453,residential,false,5000520016
1801,6,453325,10454,industrial,false,5018010006
1801,1,453326,10454,industrial,false,5018010001
1825,125,453327,10455,industrial,false,5018250125
1780,151,453328,10455,industrial,false,5017800151
15537,128,453347,10456,"residential, commercial",false,4155370128
15537,92,453348,10456,"residential, commercial",false,4155370092
15537,50,453358,10456,"residential, commercial",false,4155370050
15537,130,453359,10456,"residential, commercial",false,4155370130
1815,1,453329,10454,industrial,false,5018150001
1815,220,453330,10455,industrial,false,5018150220
46,1,453331,10453,residential,false,5000460001
1815,192,453332,10455,industrial,false,5018150192
1790,120,453333,10455,industrial,false,5017900120
1815,191,453334,10455,industrial,false,5018150191
1790,100,453335,10455,industrial,false,5017900100
2800,300,453336,10454,industrial,true,5028000300
15537,79,453337,10456,transportation,false,4155370079
15537,59,453338,10456,"residential, commercial",false,4155370059
15537,55,453339,10456,"residential, commercial",false,4155370055
15529,9,453349,10456,transportation,false,4155290009
15537,58,453350,10456,"residential, commercial",false,4155370058
15529,10,453351,10456,"residential, commercial",false,4155290010
15537,54,453352,10456,"residential, commercial",false,4155370054
15537,71,453353,10456,"residential, commercial",false,4155370071
15537,65,453354,10456,"residential, commercial",false,4155370065
15537,46,453355,10456,"residential, commercial",false,4155370046
15537,5,453356,10456,"residential, commercial",false,4155370005
15537,94,453357,10456,"residential, commercial",false,4155370094
15537,60,453360,10456,"residential, commercial",false,4155370060
15537,100,453361,10456,"residential, commercial",false,4155370100
15537,99,453362,10456,"residential, commercial",false,4155370099
15537,1,453363,10456,"residential, commercial",false,4155370001
15537,40,453364,10456,"residential, commercial",false,4155370040
